customer_id,account_id,kpi_observation_id,kpi_name,kpi_value,threshold_value,unit,severity,measurement_window,observed_at,source_system,impact_description
CUST-3743,ACC-3743,KPI-GEN-976A0D,Partner API timeout rate,4.7,2.0,%,HIGH,2026-09-14T22:13:54Z/2026-09-14T23:13:54Z,2026-09-14T23:13:54Z,OSS assurance (PM),Partner API timeout rate breached at 4.7% (threshold 2.0). Caused ROAMING re-rating for customer CUST-3743. Charge CHG-GEN-06AC98 of $109.1.
CUST-9175,ACC-9175,KPI-GEN-35C48D,Charging API error rate,6.8,2.0,%,LOW,2026-09-13T22:22:54Z/2026-09-13T22:37:54Z,2026-09-13T22:37:54Z,OSS assurance (PM),Charging API error rate breached at 6.8% (threshold 2.0). Correlated with network failure CONGESTION at SITE-ES-MAD-009 (NF-GEN-69DF08).
CUST-4367,ACC-4367,KPI-GEN-BAE96B,Mediation API p95 latency,1839.4,800,ms,MEDIUM,2026-09-02T21:06:00Z/2026-09-02T22:06:00Z,2026-09-02T22:06:00Z,OSS assurance (PM),Mediation API p95 latency breached at 1839.4ms (threshold 800). Correlated with payment failure: EXPIRED_CARD (PF-GEN-9925B5).
CUST-7082,ACC-7082,KPI-GEN-F0A783,Mediation API p95 latency,2022.6,800,ms,MEDIUM,2026-09-08T10:08:54Z/2026-09-08T10:23:54Z,2026-09-08T10:23:54Z,OSS assurance (PM),Mediation API p95 latency breached at 2022.6ms (threshold 800). Correlated with service disruption: Core routing misconfiguration (SD-GEN-2027F6).
CUST-7925,ACC-7925,KPI-GEN-75920A,Billing gateway throughput,1835.6,500,req/s,MEDIUM,2026-09-06T00:53:00Z/2026-09-06T01:08:00Z,2026-09-06T01:08:00Z,OSS assurance (PM),Billing gateway throughput breached at 1835.6req/s (threshold 500). Correlated with payment failure: INSUFFICIENT_FUNDS_REPORTED (PF-GEN-053C80).
CUST-6354,ACC-6354,KPI-GEN-A95E87,Billing gateway throughput,1691.5,500,req/s,MEDIUM,2026-09-14T00:01:00Z/2026-09-14T00:31:00Z,2026-09-14T00:31:00Z,OSS assurance (PM),Billing gateway throughput breached at 1691.5req/s (threshold 500). Correlated with payment failure: INSUFFICIENT_FUNDS_REPORTED (PF-GEN-1440D3).
CUST-7101,ACC-7101,KPI-GEN-6E88ED,Charging API error rate,7.6,2.0,%,LOW,2026-08-31T02:07:54Z/2026-08-31T02:22:54Z,2026-08-31T02:22:54Z,OSS assurance (PM),Charging API error rate breached at 7.6% (threshold 2.0). Correlated with service disruption: Fiber cut — third-party contractor (SD-GEN-89835D).
CUST-6081,ACC-6081,KPI-GEN-4D1B59,Mediation API p95 latency,2796.7,800,ms,MEDIUM,2026-08-31T17:15:54Z/2026-08-31T17:30:54Z,2026-08-31T17:30:54Z,OSS assurance (PM),Mediation API p95 latency breached at 2796.7ms (threshold 800). Caused DATA re-rating for customer CUST-6081. Charge CHG-GEN-57194C of $80.99.
CUST-4874,ACC-4874,KPI-GEN-B4A2F9,Charging API error rate,5.4,2.0,%,LOW,2026-08-28T04:14:54Z/2026-08-28T05:14:54Z,2026-08-28T05:14:54Z,OSS assurance (PM),Charging API error rate breached at 5.4% (threshold 2.0). Correlated with network failure CELL_OUTAGE at SITE-UAE-DXB-01 (NF-GEN-DA57FA).
CUST-3471,ACC-3471,KPI-GEN-F37606,Charging API error rate,4.8,2.0,%,MEDIUM,2026-09-13T23:34:54Z/2026-09-14T00:04:54Z,2026-09-14T00:04:54Z,OSS assurance (PM),Charging API error rate breached at 4.8% (threshold 2.0). Correlated with network failure ROAMING_PARTNER_OUTAGE at SITE-FR-PAR-021 (NF-GEN-CE936C).
CUST-6612,ACC-6612,KPI-GEN-24E08D,Charging API error rate,6.5,2.0,%,LOW,2026-09-14T08:10:54Z/2026-09-14T09:10:54Z,2026-09-14T09:10:54Z,OSS assurance (PM),Charging API error rate breached at 6.5% (threshold 2.0). Caused DATA re-rating for customer CUST-6612. Charge CHG-GEN-9FD8E7 of $36.7.
CUST-9072,ACC-9072,KPI-GEN-5D1F34,Charging API error rate,6.1,2.0,%,MEDIUM,2026-09-02T05:14:54Z/2026-09-02T06:14:54Z,2026-09-02T06:14:54Z,OSS assurance (PM),Charging API error rate breached at 6.1% (threshold 2.0). Correlated with service disruption: Scheduled maintenance overran (SD-GEN-CEF1A5).
CUST-4488,ACC-4488,KPI-GEN-2B805C,Billing gateway throughput,2613.6,500,req/s,HIGH,2026-09-16T23:58:54Z/2026-09-17T00:58:54Z,2026-09-17T00:58:54Z,OSS assurance (PM),Billing gateway throughput breached at 2613.6req/s (threshold 500). Caused PLAN re-rating for customer CUST-4488. Charge CHG-GEN-D2AA3B of $70.09.
CUST-4797,ACC-4797,KPI-GEN-9391C2,Partner API timeout rate,5.4,2.0,%,MEDIUM,2026-08-28T01:31:54Z/2026-08-28T01:46:54Z,2026-08-28T01:46:54Z,OSS assurance (PM),Partner API timeout rate breached at 5.4% (threshold 2.0). Correlated with service disruption: Scheduled maintenance overran (SD-GEN-B496B4).
CUST-5657,ACC-5657,KPI-GEN-0AA18E,Partner API timeout rate,3.8,2.0,%,MEDIUM,2026-09-13T22:57:00Z/2026-09-13T23:27:00Z,2026-09-13T23:27:00Z,OSS assurance (PM),Partner API timeout rate breached at 3.8% (threshold 2.0). Correlated with payment failure: CARD_DECLINED (PF-GEN-31614F).
CUST-9641,ACC-9641,KPI-GEN-E52501,Mediation API p95 latency,2459.7,800,ms,MEDIUM,2026-08-28T22:24:00Z/2026-08-28T22:39:00Z,2026-08-28T22:39:00Z,OSS assurance (PM),Mediation API p95 latency breached at 2459.7ms (threshold 800). Correlated with payment failure: CARD_DECLINED (PF-GEN-FAE1C4).
CUST-6462,ACC-6462,KPI-GEN-F830EA,Mediation API p95 latency,2199.0,800,ms,LOW,2026-08-28T09:56:54Z/2026-08-28T10:26:54Z,2026-08-28T10:26:54Z,OSS assurance (PM),Mediation API p95 latency breached at 2199.0ms (threshold 800). Correlated with service disruption: Scheduled maintenance overran (SD-GEN-1DEE89).
CUST-6784,ACC-6784,KPI-GEN-7B2F3F,Partner API timeout rate,11.6,2.0,%,CRITICAL,2026-08-27T22:43:54Z/2026-08-27T22:58:54Z,2026-08-27T22:58:54Z,OSS assurance (PM),Partner API timeout rate breached at 11.6% (threshold 2.0). Caused ROAMING re-rating for customer CUST-6784. Charge CHG-GEN-C1612F of $57.8.
CUST-3275,ACC-3275,KPI-GEN-415D7E,Charging API error rate,5.6,2.0,%,MEDIUM,2026-09-13T00:36:00Z/2026-09-13T01:06:00Z,2026-09-13T01:06:00Z,OSS assurance (PM),Charging API error rate breached at 5.6% (threshold 2.0). Correlated with payment failure: CARD_DECLINED (PF-GEN-D54280).
CUST-8197,ACC-8197,KPI-GEN-7C0192,Charging API error rate,7.2,2.0,%,MEDIUM,2026-09-09T22:46:54Z/2026-09-09T23:01:54Z,2026-09-09T23:01:54Z,OSS assurance (PM),Charging API error rate breached at 7.2% (threshold 2.0). Correlated with network failure ROAMING_PARTNER_OUTAGE at SITE-ES-MAD-009 (NF-GEN-B7C264).
CUST-9682,ACC-9682,KPI-GEN-CDAB7E,Charging API error rate,5.2,2.0,%,MEDIUM,2026-09-09T20:48:54Z/2026-09-09T21:48:54Z,2026-09-09T21:48:54Z,OSS assurance (PM),Charging API error rate breached at 5.2% (threshold 2.0). Correlated with service disruption: Core routing misconfiguration (SD-GEN-660760).
CUST-5292,ACC-5292,KPI-GEN-5A5FE1,Billing gateway throughput,1735.8,500,req/s,LOW,2026-09-12T06:15:54Z/2026-09-12T07:15:54Z,2026-09-12T07:15:54Z,OSS assurance (PM),Billing gateway throughput breached at 1735.8req/s (threshold 500). Caused PLAN re-rating for customer CUST-5292. Charge CHG-GEN-33D242 of $73.15.
CUST-2017,ACC-2017,KPI-GEN-0A0F6E,Mediation API p95 latency,4287.3,800,ms,CRITICAL,2026-09-13T07:37:54Z/2026-09-13T08:37:54Z,2026-09-13T08:37:54Z,OSS assurance (PM),Mediation API p95 latency breached at 4287.3ms (threshold 800). Caused DATA re-rating for customer CUST-2017. Charge CHG-GEN-A48E4A of $115.47.
CUST-6504,ACC-6504,KPI-GEN-E93E7D,Billing gateway throughput,1251.1,500,req/s,MEDIUM,2026-08-31T02:23:54Z/2026-08-31T02:38:54Z,2026-08-31T02:38:54Z,OSS assurance (PM),Billing gateway throughput breached at 1251.1req/s (threshold 500). Caused PLAN re-rating for customer CUST-6504. Charge CHG-GEN-C6E3A5 of $139.72.
CUST-6662,ACC-6662,KPI-GEN-353A9B,Mediation API p95 latency,5109.0,800,ms,MEDIUM,2026-09-05T08:01:54Z/2026-09-05T09:01:54Z,2026-09-05T09:01:54Z,OSS assurance (PM),Mediation API p95 latency breached at 5109.0ms (threshold 800). Caused DATA re-rating for customer CUST-6662. Charge CHG-GEN-208421 of $110.31.
CUST-2009,ACC-2009,KPI-GEN-DB26C2,Mediation API p95 latency,2416.4,800,ms,CRITICAL,2026-09-03T05:26:54Z/2026-09-03T05:41:54Z,2026-09-03T05:41:54Z,OSS assurance (PM),Mediation API p95 latency breached at 2416.4ms (threshold 800). Caused DATA re-rating for customer CUST-2009. Charge CHG-GEN-EBFEA5 of $118.13.
CUST-6340,ACC-6340,KPI-GEN-2AFEFD,Billing gateway throughput,1447.2,500,req/s,LOW,2026-09-01T00:45:00Z/2026-09-01T01:00:00Z,2026-09-01T01:00:00Z,OSS assurance (PM),Billing gateway throughput breached at 1447.2req/s (threshold 500). Correlated with payment failure: EXPIRED_CARD (PF-GEN-6CFAC3).
CUST-8410,ACC-8410,KPI-GEN-CD41F8,Partner API timeout rate,7.7,2.0,%,LOW,2026-09-09T12:35:54Z/2026-09-09T13:35:54Z,2026-09-09T13:35:54Z,OSS assurance (PM),Partner API timeout rate breached at 7.7% (threshold 2.0). Correlated with service disruption: Core routing misconfiguration (SD-GEN-56D41B).
CUST-2803,ACC-2803,KPI-GEN-1D3707,Partner API timeout rate,6.1,2.0,%,MEDIUM,2026-08-31T17:39:54Z/2026-08-31T18:09:54Z,2026-08-31T18:09:54Z,OSS assurance (PM),Partner API timeout rate breached at 6.1% (threshold 2.0). Correlated with service disruption: Regional switch failover incomplete (SD-GEN-687F49).
CUST-4077,ACC-4077,KPI-GEN-945CCF,Billing gateway throughput,3840.5,500,req/s,HIGH,2026-09-05T01:12:54Z/2026-09-05T02:12:54Z,2026-09-05T02:12:54Z,OSS assurance (PM),Billing gateway throughput breached at 3840.5req/s (threshold 500). Caused PLAN re-rating for customer CUST-4077. Charge CHG-GEN-FB8819 of $63.8.
CUST-8199,ACC-8199,KPI-GEN-2B5177,Mediation API p95 latency,1242.9,800,ms,MEDIUM,2026-09-10T22:41:00Z/2026-09-10T23:11:00Z,2026-09-10T23:11:00Z,OSS assurance (PM),Mediation API p95 latency breached at 1242.9ms (threshold 800). Correlated with payment failure: ISSUER_TIMEOUT (PF-GEN-741CDC).
CUST-9897,ACC-9897,KPI-GEN-756FD9,Billing gateway throughput,2049.0,500,req/s,CRITICAL,2026-08-28T13:07:54Z/2026-08-28T13:22:54Z,2026-08-28T13:22:54Z,OSS assurance (PM),Billing gateway throughput breached at 2049.0req/s (threshold 500). Caused PLAN re-rating for customer CUST-9897. Charge CHG-GEN-C7DBB4 of $135.74.
CUST-2499,ACC-2499,KPI-GEN-BFEF0B,Charging API error rate,14.0,2.0,%,CRITICAL,2026-08-31T20:58:54Z/2026-08-31T21:28:54Z,2026-08-31T21:28:54Z,OSS assurance (PM),Charging API error rate breached at 14.0% (threshold 2.0). Caused DATA re-rating for customer CUST-2499. Charge CHG-GEN-5587C1 of $75.74.
CUST-6228,ACC-6228,KPI-GEN-BC04C3,Partner API timeout rate,9.4,2.0,%,MEDIUM,2026-09-14T12:47:54Z/2026-09-14T13:47:54Z,2026-09-14T13:47:54Z,OSS assurance (PM),Partner API timeout rate breached at 9.4% (threshold 2.0). Caused ROAMING re-rating for customer CUST-6228. Charge CHG-GEN-06787E of $102.5.
CUST-2219,ACC-2219,KPI-GEN-F29558,Charging API error rate,7.4,2.0,%,MEDIUM,2026-09-13T17:56:54Z/2026-09-13T18:26:54Z,2026-09-13T18:26:54Z,OSS assurance (PM),Charging API error rate breached at 7.4% (threshold 2.0). Correlated with service disruption: Fiber cut — third-party contractor (SD-GEN-D8A412).
CUST-7227,ACC-7227,KPI-GEN-5AC1C7,Mediation API p95 latency,2951.0,800,ms,MEDIUM,2026-09-14T23:35:00Z/2026-09-15T00:35:00Z,2026-09-15T00:35:00Z,OSS assurance (PM),Mediation API p95 latency breached at 2951.0ms (threshold 800). Correlated with payment failure: CARD_DECLINED (PF-GEN-9D2988).
CUST-8373,ACC-8373,KPI-GEN-4320DA,Mediation API p95 latency,2104.6,800,ms,MEDIUM,2026-09-05T23:59:54Z/2026-09-06T00:14:54Z,2026-09-06T00:14:54Z,OSS assurance (PM),Mediation API p95 latency breached at 2104.6ms (threshold 800). Correlated with service disruption: Regional switch failover incomplete (SD-GEN-2EF63C).
CUST-7352,ACC-7352,KPI-GEN-C2B965,Partner API timeout rate,3.1,2.0,%,MEDIUM,2026-09-09T22:01:54Z/2026-09-09T23:01:54Z,2026-09-09T23:01:54Z,OSS assurance (PM),Partner API timeout rate breached at 3.1% (threshold 2.0). Correlated with network failure CELL_OUTAGE at SITE-DE-BER-002 (NF-GEN-C40B48).
CUST-4680,ACC-4680,KPI-GEN-5D5E9B,Mediation API p95 latency,1882.0,800,ms,MEDIUM,2026-09-09T07:28:54Z/2026-09-09T07:58:54Z,2026-09-09T07:58:54Z,OSS assurance (PM),Mediation API p95 latency breached at 1882.0ms (threshold 800). Correlated with network failure CELL_OUTAGE at SITE-UK-LON-014 (NF-GEN-27065E).
CUST-6496,ACC-6496,KPI-GEN-1F2633,Charging API error rate,3.8,2.0,%,MEDIUM,2026-09-11T18:44:54Z/2026-09-11T19:14:54Z,2026-09-11T19:14:54Z,OSS assurance (PM),Charging API error rate breached at 3.8% (threshold 2.0). Correlated with service disruption: Fiber cut — third-party contractor (SD-GEN-17E4A1).
CUST-9236,ACC-9236,KPI-GEN-18DED4,Billing gateway throughput,1072.1,500,req/s,MEDIUM,2026-09-08T09:02:54Z/2026-09-08T10:02:54Z,2026-09-08T10:02:54Z,OSS assurance (PM),Billing gateway throughput breached at 1072.1req/s (threshold 500). Correlated with service disruption: Fiber cut — third-party contractor (SD-GEN-948B1D).
CUST-6354,ACC-6354,KPI-GEN-215AB7,Partner API timeout rate,7.3,2.0,%,MEDIUM,2026-09-08T23:34:54Z/2026-09-09T00:34:54Z,2026-09-09T00:34:54Z,OSS assurance (PM),Partner API timeout rate breached at 7.3% (threshold 2.0). Correlated with service disruption: Regional switch failover incomplete (SD-GEN-63FF60).
CUST-3371,ACC-3371,KPI-GEN-A4983F,Charging API error rate,6.0,2.0,%,LOW,2026-08-30T23:05:00Z/2026-08-30T23:20:00Z,2026-08-30T23:20:00Z,OSS assurance (PM),Charging API error rate breached at 6.0% (threshold 2.0). Correlated with payment failure: ISSUER_TIMEOUT (PF-GEN-EE8B25).
CUST-2280,ACC-2280,KPI-GEN-A1868E,Partner API timeout rate,5.3,2.0,%,LOW,2026-09-08T01:28:54Z/2026-09-08T01:58:54Z,2026-09-08T01:58:54Z,OSS assurance (PM),Partner API timeout rate breached at 5.3% (threshold 2.0). Caused ROAMING re-rating for customer CUST-2280. Charge CHG-GEN-9CD03F of $139.58.
CUST-4696,ACC-4696,KPI-GEN-498CA6,Mediation API p95 latency,2819.2,800,ms,MEDIUM,2026-09-14T22:06:00Z/2026-09-14T22:36:00Z,2026-09-14T22:36:00Z,OSS assurance (PM),Mediation API p95 latency breached at 2819.2ms (threshold 800). Correlated with payment failure: INSUFFICIENT_FUNDS_REPORTED (PF-GEN-6A619B).
CUST-3660,ACC-3660,KPI-GEN-7501A6,Billing gateway throughput,1045.2,500,req/s,MEDIUM,2026-09-11T00:51:54Z/2026-09-11T01:51:54Z,2026-09-11T01:51:54Z,OSS assurance (PM),Billing gateway throughput breached at 1045.2req/s (threshold 500). Correlated with network failure CONGESTION at SITE-ES-MAD-009 (NF-GEN-49650C).
CUST-4440,ACC-4440,KPI-GEN-518726,Partner API timeout rate,3.2,2.0,%,LOW,2026-09-05T16:59:54Z/2026-09-05T17:29:54Z,2026-09-05T17:29:54Z,OSS assurance (PM),Partner API timeout rate breached at 3.2% (threshold 2.0). Correlated with service disruption: Core routing misconfiguration (SD-GEN-414086).
CUST-9459,ACC-9459,KPI-GEN-A6D9FB,Charging API error rate,6.7,2.0,%,CRITICAL,2026-09-07T11:50:54Z/2026-09-07T12:05:54Z,2026-09-07T12:05:54Z,OSS assurance (PM),Charging API error rate breached at 6.7% (threshold 2.0). Caused DATA re-rating for customer CUST-9459. Charge CHG-GEN-9F4C40 of $164.78.
CUST-2652,ACC-2652,KPI-GEN-E66A26,Mediation API p95 latency,1905.4,800,ms,LOW,2026-09-13T04:14:54Z/2026-09-13T05:14:54Z,2026-09-13T05:14:54Z,OSS assurance (PM),Mediation API p95 latency breached at 1905.4ms (threshold 800). Correlated with network failure CONGESTION at SITE-FR-PAR-021 (NF-GEN-1E0010).
CUST-9378,ACC-9378,KPI-GEN-45355E,Partner API timeout rate,7.0,2.0,%,LOW,2026-09-02T22:34:54Z/2026-09-02T23:34:54Z,2026-09-02T23:34:54Z,OSS assurance (PM),Partner API timeout rate breached at 7.0% (threshold 2.0). Correlated with service disruption: Scheduled maintenance overran (SD-GEN-5E6785).
CUST-5455,ACC-5455,KPI-GEN-2149EA,Billing gateway throughput,2341.7,500,req/s,HIGH,2026-09-08T23:18:54Z/2026-09-09T00:18:54Z,2026-09-09T00:18:54Z,OSS assurance (PM),Billing gateway throughput breached at 2341.7req/s (threshold 500). Caused PLAN re-rating for customer CUST-5455. Charge CHG-GEN-0EEA0B of $177.45.
CUST-9353,ACC-9353,KPI-GEN-48FC6A,Partner API timeout rate,5.2,2.0,%,MEDIUM,2026-09-01T11:41:54Z/2026-09-01T12:41:54Z,2026-09-01T12:41:54Z,OSS assurance (PM),Partner API timeout rate breached at 5.2% (threshold 2.0). Correlated with service disruption: Core routing misconfiguration (SD-GEN-AC7DD4).
CUST-2383,ACC-2383,KPI-GEN-2D1713,Charging API error rate,3.6,2.0,%,MEDIUM,2026-08-28T00:16:00Z/2026-08-28T01:16:00Z,2026-08-28T01:16:00Z,OSS assurance (PM),Charging API error rate breached at 3.6% (threshold 2.0). Correlated with payment failure: INSUFFICIENT_FUNDS_REPORTED (PF-GEN-F6FF19).
CUST-6863,ACC-6863,KPI-GEN-62A659,Billing gateway throughput,1808.7,500,req/s,HIGH,2026-08-27T05:03:54Z/2026-08-27T06:03:54Z,2026-08-27T06:03:54Z,OSS assurance (PM),Billing gateway throughput breached at 1808.7req/s (threshold 500). Caused PLAN re-rating for customer CUST-6863. Charge CHG-GEN-48776D of $73.52.
CUST-6463,ACC-6463,KPI-GEN-87ABD0,Mediation API p95 latency,2801.9,800,ms,MEDIUM,2026-09-07T02:08:54Z/2026-09-07T02:38:54Z,2026-09-07T02:38:54Z,OSS assurance (PM),Mediation API p95 latency breached at 2801.9ms (threshold 800). Correlated with network failure CONGESTION at SITE-UAE-DXB-01 (NF-GEN-9A7485).
CUST-7951,ACC-7951,KPI-GEN-542FE2,Billing gateway throughput,1026.9,500,req/s,MEDIUM,2026-09-10T22:10:00Z/2026-09-10T22:40:00Z,2026-09-10T22:40:00Z,OSS assurance (PM),Billing gateway throughput breached at 1026.9req/s (threshold 500). Correlated with payment failure: CARD_DECLINED (PF-GEN-B8DAA0).
CUST-4286,ACC-4286,KPI-GEN-A99D46,Partner API timeout rate,3.5,2.0,%,LOW,2026-09-13T23:57:54Z/2026-09-14T00:12:54Z,2026-09-14T00:12:54Z,OSS assurance (PM),Partner API timeout rate breached at 3.5% (threshold 2.0). Correlated with network failure CONGESTION at SITE-ES-MAD-009 (NF-GEN-69FD13).
CUST-5178,ACC-5178,KPI-GEN-D53205,Partner API timeout rate,6.8,2.0,%,MEDIUM,2026-09-02T13:28:54Z/2026-09-02T13:43:54Z,2026-09-02T13:43:54Z,OSS assurance (PM),Partner API timeout rate breached at 6.8% (threshold 2.0). Correlated with network failure CONGESTION at SITE-ES-MAD-009 (NF-GEN-955E42).
CUST-3352,ACC-3352,KPI-GEN-AA7B1B,Mediation API p95 latency,2741.1,800,ms,LOW,2026-09-07T06:45:54Z/2026-09-07T07:45:54Z,2026-09-07T07:45:54Z,OSS assurance (PM),Mediation API p95 latency breached at 2741.1ms (threshold 800). Correlated with service disruption: Scheduled maintenance overran (SD-GEN-76B3BF).
CUST-4347,ACC-4347,KPI-GEN-41BA94,Partner API timeout rate,3.2,2.0,%,MEDIUM,2026-08-27T07:08:54Z/2026-08-27T08:08:54Z,2026-08-27T08:08:54Z,OSS assurance (PM),Partner API timeout rate breached at 3.2% (threshold 2.0). Correlated with network failure ROAMING_PARTNER_OUTAGE at SITE-DE-BER-002 (NF-GEN-7051CE).
CUST-4875,ACC-4875,KPI-GEN-FE7D73,Partner API timeout rate,5.9,2.0,%,LOW,2026-08-28T04:34:54Z/2026-08-28T05:34:54Z,2026-08-28T05:34:54Z,OSS assurance (PM),Partner API timeout rate breached at 5.9% (threshold 2.0). Correlated with network failure ROAMING_PARTNER_OUTAGE at SITE-ES-MAD-009 (NF-GEN-D31D1A).
CUST-6943,ACC-6943,KPI-GEN-FD98D6,Charging API error rate,5.3,2.0,%,LOW,2026-08-29T16:13:54Z/2026-08-29T16:28:54Z,2026-08-29T16:28:54Z,OSS assurance (PM),Charging API error rate breached at 5.3% (threshold 2.0). Correlated with network failure CELL_OUTAGE at SITE-FR-PAR-021 (NF-GEN-1633D3).
CUST-4943,ACC-4943,KPI-GEN-8AE3C6,Partner API timeout rate,7.6,2.0,%,MEDIUM,2026-09-06T08:21:54Z/2026-09-06T08:51:54Z,2026-09-06T08:51:54Z,OSS assurance (PM),Partner API timeout rate breached at 7.6% (threshold 2.0). Correlated with network failure SIGNAL_DEGRADATION at SITE-UK-LON-014 (NF-GEN-A92015).
CUST-4046,ACC-4046,KPI-GEN-E4B54E,Partner API timeout rate,3.6,2.0,%,MEDIUM,2026-08-30T07:17:54Z/2026-08-30T08:17:54Z,2026-08-30T08:17:54Z,OSS assurance (PM),Partner API timeout rate breached at 3.6% (threshold 2.0). Correlated with network failure CELL_OUTAGE at SITE-FR-PAR-021 (NF-GEN-5EA777).
CUST-4424,ACC-4424,KPI-GEN-300EAA,Billing gateway throughput,1394.5,500,req/s,MEDIUM,2026-09-13T03:01:54Z/2026-09-13T04:01:54Z,2026-09-13T04:01:54Z,OSS assurance (PM),Billing gateway throughput breached at 1394.5req/s (threshold 500). Caused PLAN re-rating for customer CUST-4424. Charge CHG-GEN-D6DEF7 of $139.79.
CUST-4743,ACC-4743,KPI-GEN-3DD2E4,Partner API timeout rate,6.6,2.0,%,LOW,2026-09-13T14:22:54Z/2026-09-13T14:37:54Z,2026-09-13T14:37:54Z,OSS assurance (PM),Partner API timeout rate breached at 6.6% (threshold 2.0). Correlated with service disruption: Fiber cut — third-party contractor (SD-GEN-2306F2).
CUST-6221,ACC-6221,KPI-GEN-48A1F9,Charging API error rate,6.9,2.0,%,MEDIUM,2026-08-30T09:58:54Z/2026-08-30T10:13:54Z,2026-08-30T10:13:54Z,OSS assurance (PM),Charging API error rate breached at 6.9% (threshold 2.0). Correlated with network failure CELL_OUTAGE at SITE-DE-BER-002 (NF-GEN-C704D6).
CUST-4852,ACC-4852,KPI-GEN-BA7568,Mediation API p95 latency,2288.9,800,ms,MEDIUM,2026-09-11T18:04:54Z/2026-09-11T18:19:54Z,2026-09-11T18:19:54Z,OSS assurance (PM),Mediation API p95 latency breached at 2288.9ms (threshold 800). Caused DATA re-rating for customer CUST-4852. Charge CHG-GEN-C50A03 of $127.1.
CUST-3116,ACC-3116,KPI-GEN-162763,Mediation API p95 latency,1824.7,800,ms,LOW,2026-09-15T04:23:54Z/2026-09-15T05:23:54Z,2026-09-15T05:23:54Z,OSS assurance (PM),Mediation API p95 latency breached at 1824.7ms (threshold 800). Correlated with network failure CONGESTION at SITE-DE-BER-002 (NF-GEN-6A06E7).
CUST-5889,ACC-5889,KPI-GEN-9E5FFE,Billing gateway throughput,1516.9,500,req/s,LOW,2026-09-11T19:49:54Z/2026-09-11T20:49:54Z,2026-09-11T20:49:54Z,OSS assurance (PM),Billing gateway throughput breached at 1516.9req/s (threshold 500). Correlated with network failure SIGNAL_DEGRADATION at SITE-UAE-DXB-01 (NF-GEN-2211DE).
CUST-8314,ACC-8314,KPI-GEN-4CD225,Billing gateway throughput,1466.5,500,req/s,LOW,2026-09-11T00:06:00Z/2026-09-11T01:06:00Z,2026-09-11T01:06:00Z,OSS assurance (PM),Billing gateway throughput breached at 1466.5req/s (threshold 500). Correlated with payment failure: ISSUER_TIMEOUT (PF-GEN-850310).
CUST-6730,ACC-6730,KPI-GEN-5EC8A9,Billing gateway throughput,1544.7,500,req/s,HIGH,2026-09-01T01:14:54Z/2026-09-01T01:44:54Z,2026-09-01T01:44:54Z,OSS assurance (PM),Billing gateway throughput breached at 1544.7req/s (threshold 500). Caused PLAN re-rating for customer CUST-6730. Charge CHG-GEN-4C28CF of $104.72.
CUST-2632,ACC-2632,KPI-GEN-EAF180,Billing gateway throughput,893.1,500,req/s,MEDIUM,2026-09-15T04:17:54Z/2026-09-15T05:17:54Z,2026-09-15T05:17:54Z,OSS assurance (PM),Billing gateway throughput breached at 893.1req/s (threshold 500). Correlated with network failure SIGNAL_DEGRADATION at SITE-ES-MAD-009 (NF-GEN-E548A3).
CUST-8690,ACC-8690,KPI-GEN-2C089A,Billing gateway throughput,1385.5,500,req/s,LOW,2026-09-15T14:14:54Z/2026-09-15T14:44:54Z,2026-09-15T14:44:54Z,OSS assurance (PM),Billing gateway throughput breached at 1385.5req/s (threshold 500). Correlated with network failure CELL_OUTAGE at SITE-FR-PAR-021 (NF-GEN-FFB1F1).
CUST-6887,ACC-6887,KPI-GEN-EE2108,Charging API error rate,5.4,2.0,%,MEDIUM,2026-09-06T19:04:54Z/2026-09-06T20:04:54Z,2026-09-06T20:04:54Z,OSS assurance (PM),Charging API error rate breached at 5.4% (threshold 2.0). Correlated with service disruption: Core routing misconfiguration (SD-GEN-36A711).
CUST-5307,ACC-5307,KPI-GEN-915A97,Mediation API p95 latency,1773.6,800,ms,MEDIUM,2026-09-13T23:40:00Z/2026-09-13T23:55:00Z,2026-09-13T23:55:00Z,OSS assurance (PM),Mediation API p95 latency breached at 1773.6ms (threshold 800). Correlated with payment failure: INSUFFICIENT_FUNDS_REPORTED (PF-GEN-1FDBB0).
CUST-6594,ACC-6594,KPI-GEN-F3121C,Charging API error rate,7.6,2.0,%,MEDIUM,2026-08-27T14:15:54Z/2026-08-27T14:45:54Z,2026-08-27T14:45:54Z,OSS assurance (PM),Charging API error rate breached at 7.6% (threshold 2.0). Correlated with network failure CELL_OUTAGE at SITE-UAE-DXB-01 (NF-GEN-B50DB4).
CUST-6035,ACC-6035,KPI-GEN-802925,Mediation API p95 latency,3826.5,800,ms,CRITICAL,2026-09-16T07:08:54Z/2026-09-16T07:38:54Z,2026-09-16T07:38:54Z,OSS assurance (PM),Mediation API p95 latency breached at 3826.5ms (threshold 800). Caused DATA re-rating for customer CUST-6035. Charge CHG-GEN-06CB07 of $66.13.
CUST-9691,ACC-9691,KPI-GEN-EA0421,Charging API error rate,5.1,2.0,%,MEDIUM,2026-09-16T14:23:54Z/2026-09-16T14:38:54Z,2026-09-16T14:38:54Z,OSS assurance (PM),Charging API error rate breached at 5.1% (threshold 2.0). Correlated with network failure ROAMING_PARTNER_OUTAGE at SITE-FR-PAR-021 (NF-GEN-F972BC).
CUST-4829,ACC-4829,KPI-GEN-19FC39,Partner API timeout rate,6.4,2.0,%,LOW,2026-09-11T18:54:54Z/2026-09-11T19:09:54Z,2026-09-11T19:09:54Z,OSS assurance (PM),Partner API timeout rate breached at 6.4% (threshold 2.0). Correlated with network failure CELL_OUTAGE at SITE-UK-LON-014 (NF-GEN-E6AA02).
CUST-7058,ACC-7058,KPI-GEN-9E352F,Partner API timeout rate,10.0,2.0,%,MEDIUM,2026-08-28T07:39:54Z/2026-08-28T07:54:54Z,2026-08-28T07:54:54Z,OSS assurance (PM),Partner API timeout rate breached at 10.0% (threshold 2.0). Caused ROAMING re-rating for customer CUST-7058. Charge CHG-GEN-10C647 of $117.89.
CUST-5038,ACC-5038,KPI-GEN-EB8A6F,Partner API timeout rate,14.7,2.0,%,LOW,2026-09-15T10:35:54Z/2026-09-15T11:05:54Z,2026-09-15T11:05:54Z,OSS assurance (PM),Partner API timeout rate breached at 14.7% (threshold 2.0). Caused ROAMING re-rating for customer CUST-5038. Charge CHG-GEN-62BE72 of $60.13.
CUST-5843,ACC-5843,KPI-GEN-36E610,Billing gateway throughput,1164.4,500,req/s,LOW,2026-09-02T01:36:00Z/2026-09-02T01:51:00Z,2026-09-02T01:51:00Z,OSS assurance (PM),Billing gateway throughput breached at 1164.4req/s (threshold 500). Correlated with payment failure: ISSUER_TIMEOUT (PF-GEN-2D8DE4).
CUST-7289,ACC-7289,KPI-GEN-243034,Billing gateway throughput,1088.7,500,req/s,LOW,2026-09-13T05:08:54Z/2026-09-13T06:08:54Z,2026-09-13T06:08:54Z,OSS assurance (PM),Billing gateway throughput breached at 1088.7req/s (threshold 500). Correlated with service disruption: Regional switch failover incomplete (SD-GEN-13E90A).
CUST-8087,ACC-8087,KPI-GEN-186B24,Partner API timeout rate,5.1,2.0,%,MEDIUM,2026-09-08T18:35:54Z/2026-09-08T19:35:54Z,2026-09-08T19:35:54Z,OSS assurance (PM),Partner API timeout rate breached at 5.1% (threshold 2.0). Caused ROAMING re-rating for customer CUST-8087. Charge CHG-GEN-FE135C of $45.19.
CUST-5794,ACC-5794,KPI-GEN-8E237E,Billing gateway throughput,920.9,500,req/s,MEDIUM,2026-09-01T04:48:54Z/2026-09-01T05:18:54Z,2026-09-01T05:18:54Z,OSS assurance (PM),Billing gateway throughput breached at 920.9req/s (threshold 500). Correlated with network failure CONGESTION at SITE-UAE-DXB-01 (NF-GEN-3CD377).
CUST-7934,ACC-7934,KPI-GEN-95A7D5,Billing gateway throughput,1969.0,500,req/s,CRITICAL,2026-09-14T23:49:54Z/2026-09-15T00:49:54Z,2026-09-15T00:49:54Z,OSS assurance (PM),Billing gateway throughput breached at 1969.0req/s (threshold 500). Caused PLAN re-rating for customer CUST-7934. Charge CHG-GEN-8C0921 of $83.69.
CUST-8883,ACC-8883,KPI-GEN-43AFB1,Billing gateway throughput,770.7,500,req/s,LOW,2026-08-31T22:09:00Z/2026-08-31T22:24:00Z,2026-08-31T22:24:00Z,OSS assurance (PM),Billing gateway throughput breached at 770.7req/s (threshold 500). Correlated with payment failure: EXPIRED_CARD (PF-GEN-82F89B).
CUST-3864,ACC-3864,KPI-GEN-7B6D11,Mediation API p95 latency,1868.4,800,ms,MEDIUM,2026-09-13T23:00:00Z/2026-09-13T23:30:00Z,2026-09-13T23:30:00Z,OSS assurance (PM),Mediation API p95 latency breached at 1868.4ms (threshold 800). Correlated with payment failure: EXPIRED_CARD (PF-GEN-5768F0).
CUST-7153,ACC-7153,KPI-GEN-E71A7E,Partner API timeout rate,6.9,2.0,%,MEDIUM,2026-09-04T03:04:54Z/2026-09-04T04:04:54Z,2026-09-04T04:04:54Z,OSS assurance (PM),Partner API timeout rate breached at 6.9% (threshold 2.0). Correlated with service disruption: Scheduled maintenance overran (SD-GEN-73E5C7).
CUST-3532,ACC-3532,KPI-GEN-ADCD82,Partner API timeout rate,3.5,2.0,%,LOW,2026-09-03T23:47:00Z/2026-09-04T00:47:00Z,2026-09-04T00:47:00Z,OSS assurance (PM),Partner API timeout rate breached at 3.5% (threshold 2.0). Correlated with payment failure: CARD_DECLINED (PF-GEN-D6431D).
CUST-5505,ACC-5505,KPI-GEN-C2559B,Billing gateway throughput,1888.0,500,req/s,MEDIUM,2026-09-14T13:52:54Z/2026-09-14T14:52:54Z,2026-09-14T14:52:54Z,OSS assurance (PM),Billing gateway throughput breached at 1888.0req/s (threshold 500). Correlated with service disruption: Regional switch failover incomplete (SD-GEN-DB9A18).
CUST-4255,ACC-4255,KPI-GEN-67D410,Partner API timeout rate,4.8,2.0,%,LOW,2026-09-04T22:48:00Z/2026-09-04T23:03:00Z,2026-09-04T23:03:00Z,OSS assurance (PM),Partner API timeout rate breached at 4.8% (threshold 2.0). Correlated with payment failure: EXPIRED_CARD (PF-GEN-0CCEC5).
CUST-9640,ACC-9640,KPI-GEN-C650DA,Mediation API p95 latency,2812.1,800,ms,HIGH,2026-08-29T05:35:54Z/2026-08-29T06:35:54Z,2026-08-29T06:35:54Z,OSS assurance (PM),Mediation API p95 latency breached at 2812.1ms (threshold 800). Caused DATA re-rating for customer CUST-9640. Charge CHG-GEN-1A6A3E of $167.71.
CUST-3229,ACC-3229,KPI-GEN-875138,Mediation API p95 latency,5201.3,800,ms,LOW,2026-08-28T03:46:54Z/2026-08-28T04:46:54Z,2026-08-28T04:46:54Z,OSS assurance (PM),Mediation API p95 latency breached at 5201.3ms (threshold 800). Caused DATA re-rating for customer CUST-3229. Charge CHG-GEN-DB27BE of $177.56.
CUST-2558,ACC-2558,KPI-GEN-655D27,Partner API timeout rate,4.9,2.0,%,LOW,2026-08-27T22:05:00Z/2026-08-27T22:35:00Z,2026-08-27T22:35:00Z,OSS assurance (PM),Partner API timeout rate breached at 4.9% (threshold 2.0). Correlated with payment failure: CARD_DECLINED (PF-GEN-9B1BEF).
CUST-9740,ACC-9740,KPI-GEN-D7B40E,Partner API timeout rate,9.6,2.0,%,MEDIUM,2026-09-14T21:19:54Z/2026-09-14T21:34:54Z,2026-09-14T21:34:54Z,OSS assurance (PM),Partner API timeout rate breached at 9.6% (threshold 2.0). Caused ROAMING re-rating for customer CUST-9740. Charge CHG-GEN-CB1A8F of $108.55.
CUST-6783,ACC-6783,KPI-GEN-C9E927,Partner API timeout rate,3.7,2.0,%,MEDIUM,2026-09-10T05:34:54Z/2026-09-10T05:49:54Z,2026-09-10T05:49:54Z,OSS assurance (PM),Partner API timeout rate breached at 3.7% (threshold 2.0). Correlated with network failure CELL_OUTAGE at SITE-DE-BER-002 (NF-GEN-D09E05).
CUST-3268,ACC-3268,KPI-GEN-DA6804,Mediation API p95 latency,1618.8,800,ms,MEDIUM,2026-08-28T22:08:00Z/2026-08-28T22:23:00Z,2026-08-28T22:23:00Z,OSS assurance (PM),Mediation API p95 latency breached at 1618.8ms (threshold 800). Correlated with payment failure: CARD_DECLINED (PF-GEN-5CE78F).
CUST-2467,ACC-2467,KPI-GEN-2EC6FA,Partner API timeout rate,6.6,2.0,%,MEDIUM,2026-08-29T17:54:54Z/2026-08-29T18:24:54Z,2026-08-29T18:24:54Z,OSS assurance (PM),Partner API timeout rate breached at 6.6% (threshold 2.0). Correlated with service disruption: Scheduled maintenance overran (SD-GEN-B07B6D).
CUST-9373,ACC-9373,KPI-GEN-4877D0,Charging API error rate,6.9,2.0,%,LOW,2026-08-31T15:41:54Z/2026-08-31T15:56:54Z,2026-08-31T15:56:54Z,OSS assurance (PM),Charging API error rate breached at 6.9% (threshold 2.0). Correlated with service disruption: Fiber cut — third-party contractor (SD-GEN-08CFE5).
CUST-8486,ACC-8486,KPI-GEN-66245D,Partner API timeout rate,8.1,2.0,%,MEDIUM,2026-09-16T21:25:54Z/2026-09-16T22:25:54Z,2026-09-16T22:25:54Z,OSS assurance (PM),Partner API timeout rate breached at 8.1% (threshold 2.0). Caused ROAMING re-rating for customer CUST-8486. Charge CHG-GEN-D1DC02 of $80.04.
CUST-2637,ACC-2637,KPI-GEN-ACC12D,Partner API timeout rate,5.6,2.0,%,LOW,2026-09-14T11:21:54Z/2026-09-14T12:21:54Z,2026-09-14T12:21:54Z,OSS assurance (PM),Partner API timeout rate breached at 5.6% (threshold 2.0). Correlated with network failure CONGESTION at SITE-UK-LON-014 (NF-GEN-FC8990).
CUST-4398,ACC-4398,KPI-GEN-F0A779,Mediation API p95 latency,1949.0,800,ms,LOW,2026-09-16T08:45:54Z/2026-09-16T09:45:54Z,2026-09-16T09:45:54Z,OSS assurance (PM),Mediation API p95 latency breached at 1949.0ms (threshold 800). Correlated with network failure CONGESTION at SITE-UAE-DXB-01 (NF-GEN-DD4A8F).
CUST-4508,ACC-4508,KPI-GEN-E622BE,Charging API error rate,4.1,2.0,%,LOW,2026-09-06T22:24:00Z/2026-09-06T22:39:00Z,2026-09-06T22:39:00Z,OSS assurance (PM),Charging API error rate breached at 4.1% (threshold 2.0). Correlated with payment failure: INSUFFICIENT_FUNDS_REPORTED (PF-GEN-1C96D9).
CUST-2315,ACC-2315,KPI-GEN-A5E279,Billing gateway throughput,3887.2,500,req/s,HIGH,2026-08-30T00:24:54Z/2026-08-30T00:54:54Z,2026-08-30T00:54:54Z,OSS assurance (PM),Billing gateway throughput breached at 3887.2req/s (threshold 500). Caused PLAN re-rating for customer CUST-2315. Charge CHG-GEN-3FA255 of $158.97.
CUST-2689,ACC-2689,KPI-GEN-3F0AAC,Charging API error rate,7.1,2.0,%,MEDIUM,2026-09-06T08:51:54Z/2026-09-06T09:06:54Z,2026-09-06T09:06:54Z,OSS assurance (PM),Charging API error rate breached at 7.1% (threshold 2.0). Correlated with service disruption: Core routing misconfiguration (SD-GEN-67A81C).
CUST-8627,ACC-8627,KPI-GEN-5F906B,Partner API timeout rate,15.0,2.0,%,LOW,2026-09-01T11:42:54Z/2026-09-01T11:57:54Z,2026-09-01T11:57:54Z,OSS assurance (PM),Partner API timeout rate breached at 15.0% (threshold 2.0). Caused ROAMING re-rating for customer CUST-8627. Charge CHG-GEN-5E22C0 of $45.34.
CUST-7117,ACC-7117,KPI-GEN-9AFA08,Charging API error rate,4.8,2.0,%,MEDIUM,2026-09-10T13:53:54Z/2026-09-10T14:08:54Z,2026-09-10T14:08:54Z,OSS assurance (PM),Charging API error rate breached at 4.8% (threshold 2.0). Caused DATA re-rating for customer CUST-7117. Charge CHG-GEN-3D268F of $69.56.
CUST-7594,ACC-7594,KPI-GEN-E11A85,Mediation API p95 latency,2808.4,800,ms,MEDIUM,2026-09-11T23:55:00Z/2026-09-12T00:10:00Z,2026-09-12T00:10:00Z,OSS assurance (PM),Mediation API p95 latency breached at 2808.4ms (threshold 800). Correlated with payment failure: CARD_DECLINED (PF-GEN-394C81).
CUST-3907,ACC-3907,KPI-GEN-B65CCD,Mediation API p95 latency,1806.6,800,ms,LOW,2026-09-11T10:54:54Z/2026-09-11T11:09:54Z,2026-09-11T11:09:54Z,OSS assurance (PM),Mediation API p95 latency breached at 1806.6ms (threshold 800). Correlated with service disruption: Fiber cut — third-party contractor (SD-GEN-B56CA4).
CUST-3637,ACC-3637,KPI-GEN-6A6112,Partner API timeout rate,4.4,2.0,%,LOW,2026-09-07T05:59:54Z/2026-09-07T06:14:54Z,2026-09-07T06:14:54Z,OSS assurance (PM),Partner API timeout rate breached at 4.4% (threshold 2.0). Correlated with service disruption: Fiber cut — third-party contractor (SD-GEN-4EFFAC).
CUST-4306,ACC-4306,KPI-GEN-771383,Charging API error rate,6.3,2.0,%,LOW,2026-09-09T22:15:54Z/2026-09-09T22:30:54Z,2026-09-09T22:30:54Z,OSS assurance (PM),Charging API error rate breached at 6.3% (threshold 2.0). Caused DATA re-rating for customer CUST-4306. Charge CHG-GEN-88424C of $71.36.
CUST-7156,ACC-7156,KPI-GEN-8F4CFC,Mediation API p95 latency,2968.8,800,ms,LOW,2026-09-09T01:43:54Z/2026-09-09T02:43:54Z,2026-09-09T02:43:54Z,OSS assurance (PM),Mediation API p95 latency breached at 2968.8ms (threshold 800). Correlated with network failure CELL_OUTAGE at SITE-UAE-DXB-01 (NF-GEN-FD3949).
CUST-9835,ACC-9835,KPI-GEN-6097CD,Mediation API p95 latency,3035.3,800,ms,LOW,2026-09-11T05:21:54Z/2026-09-11T05:36:54Z,2026-09-11T05:36:54Z,OSS assurance (PM),Mediation API p95 latency breached at 3035.3ms (threshold 800). Correlated with service disruption: Fiber cut — third-party contractor (SD-GEN-2859DD).
CUST-3114,ACC-3114,KPI-GEN-2C5482,Charging API error rate,4.6,2.0,%,MEDIUM,2026-09-16T01:31:54Z/2026-09-16T02:31:54Z,2026-09-16T02:31:54Z,OSS assurance (PM),Charging API error rate breached at 4.6% (threshold 2.0). Caused DATA re-rating for customer CUST-3114. Charge CHG-GEN-2894ED of $100.63.
CUST-8978,ACC-8978,KPI-GEN-0B0CF6,Partner API timeout rate,3.3,2.0,%,MEDIUM,2026-08-30T23:29:00Z/2026-08-31T00:29:00Z,2026-08-31T00:29:00Z,OSS assurance (PM),Partner API timeout rate breached at 3.3% (threshold 2.0). Correlated with payment failure: INSUFFICIENT_FUNDS_REPORTED (PF-GEN-148144).
CUST-9262,ACC-9262,KPI-GEN-0A860F,Billing gateway throughput,1113.4,500,req/s,LOW,2026-09-06T05:31:54Z/2026-09-06T06:01:54Z,2026-09-06T06:01:54Z,OSS assurance (PM),Billing gateway throughput breached at 1113.4req/s (threshold 500). Correlated with service disruption: Fiber cut — third-party contractor (SD-GEN-9E362F).
CUST-3372,ACC-3372,KPI-GEN-2FCCB5,Billing gateway throughput,2976.5,500,req/s,LOW,2026-08-30T02:08:54Z/2026-08-30T03:08:54Z,2026-08-30T03:08:54Z,OSS assurance (PM),Billing gateway throughput breached at 2976.5req/s (threshold 500). Caused PLAN re-rating for customer CUST-3372. Charge CHG-GEN-ECFF47 of $62.69.
CUST-2868,ACC-2868,KPI-GEN-BE2AA9,Billing gateway throughput,1108.1,500,req/s,LOW,2026-09-17T00:34:54Z/2026-09-17T00:49:54Z,2026-09-17T00:49:54Z,OSS assurance (PM),Billing gateway throughput breached at 1108.1req/s (threshold 500). Correlated with service disruption: Scheduled maintenance overran (SD-GEN-9F7503).
CUST-6018,ACC-6018,KPI-GEN-676642,Partner API timeout rate,6.1,2.0,%,MEDIUM,2026-09-15T23:51:00Z/2026-09-16T00:51:00Z,2026-09-16T00:51:00Z,OSS assurance (PM),Partner API timeout rate breached at 6.1% (threshold 2.0). Correlated with payment failure: CARD_DECLINED (PF-GEN-A8A439).
CUST-6321,ACC-6321,KPI-GEN-BD9196,Mediation API p95 latency,1864.4,800,ms,LOW,2026-09-05T04:12:54Z/2026-09-05T04:42:54Z,2026-09-05T04:42:54Z,OSS assurance (PM),Mediation API p95 latency breached at 1864.4ms (threshold 800). Correlated with network failure CONGESTION at SITE-UAE-DXB-01 (NF-GEN-326D72).
CUST-4375,ACC-4375,KPI-GEN-10AD7A,Mediation API p95 latency,2669.9,800,ms,MEDIUM,2026-09-06T14:31:54Z/2026-09-06T15:01:54Z,2026-09-06T15:01:54Z,OSS assurance (PM),Mediation API p95 latency breached at 2669.9ms (threshold 800). Correlated with network failure ROAMING_PARTNER_OUTAGE at SITE-UAE-DXB-01 (NF-GEN-2C2127).
CUST-5848,ACC-5848,KPI-GEN-055058,Partner API timeout rate,5.3,2.0,%,MEDIUM,2026-09-05T16:29:54Z/2026-09-05T17:29:54Z,2026-09-05T17:29:54Z,OSS assurance (PM),Partner API timeout rate breached at 5.3% (threshold 2.0). Correlated with network failure ROAMING_PARTNER_OUTAGE at SITE-ES-MAD-009 (NF-GEN-16CE1A).
CUST-5444,ACC-5444,KPI-GEN-31A077,Partner API timeout rate,12.4,2.0,%,LOW,2026-08-28T02:41:54Z/2026-08-28T03:11:54Z,2026-08-28T03:11:54Z,OSS assurance (PM),Partner API timeout rate breached at 12.4% (threshold 2.0). Caused ROAMING re-rating for customer CUST-5444. Charge CHG-GEN-667FB8 of $44.08.
CUST-2181,ACC-2181,KPI-GEN-5BC96C,Charging API error rate,13.3,2.0,%,MEDIUM,2026-09-15T06:11:54Z/2026-09-15T06:26:54Z,2026-09-15T06:26:54Z,OSS assurance (PM),Charging API error rate breached at 13.3% (threshold 2.0). Caused DATA re-rating for customer CUST-2181. Charge CHG-GEN-6F47D6 of $49.22.
CUST-6298,ACC-6298,KPI-GEN-DEF358,Billing gateway throughput,1598.4,500,req/s,LOW,2026-09-13T21:18:00Z/2026-09-13T22:18:00Z,2026-09-13T22:18:00Z,OSS assurance (PM),Billing gateway throughput breached at 1598.4req/s (threshold 500). Correlated with payment failure: CARD_DECLINED (PF-GEN-1C016F).
CUST-7785,ACC-7785,KPI-GEN-45D565,Charging API error rate,3.1,2.0,%,MEDIUM,2026-08-28T15:47:54Z/2026-08-28T16:47:54Z,2026-08-28T16:47:54Z,OSS assurance (PM),Charging API error rate breached at 3.1% (threshold 2.0). Correlated with network failure ROAMING_PARTNER_OUTAGE at SITE-UAE-DXB-01 (NF-GEN-7D68BF).
CUST-3051,ACC-3051,KPI-GEN-4A2D77,Charging API error rate,7.4,2.0,%,LOW,2026-09-02T23:29:54Z/2026-09-02T23:59:54Z,2026-09-02T23:59:54Z,OSS assurance (PM),Charging API error rate breached at 7.4% (threshold 2.0). Correlated with service disruption: Regional switch failover incomplete (SD-GEN-71F6C7).
CUST-3941,ACC-3941,KPI-GEN-7DC708,Mediation API p95 latency,1632.3,800,ms,MEDIUM,2026-09-15T23:04:00Z/2026-09-15T23:34:00Z,2026-09-15T23:34:00Z,OSS assurance (PM),Mediation API p95 latency breached at 1632.3ms (threshold 800). Correlated with payment failure: CARD_DECLINED (PF-GEN-4CA481).
CUST-7257,ACC-7257,KPI-GEN-1D8AA3,Billing gateway throughput,1678.6,500,req/s,MEDIUM,2026-08-30T23:07:54Z/2026-08-31T00:07:54Z,2026-08-31T00:07:54Z,OSS assurance (PM),Billing gateway throughput breached at 1678.6req/s (threshold 500). Correlated with service disruption: Scheduled maintenance overran (SD-GEN-6F83C3).
CUST-7400,ACC-7400,KPI-GEN-72BE4E,Billing gateway throughput,1721.7,500,req/s,LOW,2026-09-01T00:26:00Z/2026-09-01T01:26:00Z,2026-09-01T01:26:00Z,OSS assurance (PM),Billing gateway throughput breached at 1721.7req/s (threshold 500). Correlated with payment failure: CARD_DECLINED (PF-GEN-419EBA).
CUST-8467,ACC-8467,KPI-GEN-7EE107,Billing gateway throughput,1052.3,500,req/s,LOW,2026-09-08T08:04:54Z/2026-09-08T09:04:54Z,2026-09-08T09:04:54Z,OSS assurance (PM),Billing gateway throughput breached at 1052.3req/s (threshold 500). Correlated with network failure SIGNAL_DEGRADATION at SITE-UAE-DXB-01 (NF-GEN-D74EC0).
CUST-4703,ACC-4703,KPI-GEN-6E36E9,Charging API error rate,7.1,2.0,%,MEDIUM,2026-09-13T10:27:54Z/2026-09-13T11:27:54Z,2026-09-13T11:27:54Z,OSS assurance (PM),Charging API error rate breached at 7.1% (threshold 2.0). Correlated with network failure ROAMING_PARTNER_OUTAGE at SITE-UK-LON-014 (NF-GEN-1D8681).
CUST-4413,ACC-4413,KPI-GEN-661D5F,Mediation API p95 latency,1522.2,800,ms,MEDIUM,2026-08-30T07:23:54Z/2026-08-30T07:38:54Z,2026-08-30T07:38:54Z,OSS assurance (PM),Mediation API p95 latency breached at 1522.2ms (threshold 800). Correlated with network failure ROAMING_PARTNER_OUTAGE at SITE-UAE-DXB-01 (NF-GEN-615E02).
CUST-2688,ACC-2688,KPI-GEN-1C37D0,Charging API error rate,5.8,2.0,%,MEDIUM,2026-09-17T00:06:00Z/2026-09-17T00:21:00Z,2026-09-17T00:21:00Z,OSS assurance (PM),Charging API error rate breached at 5.8% (threshold 2.0). Correlated with payment failure: INSUFFICIENT_FUNDS_REPORTED (PF-GEN-1CADCA).
CUST-9072,ACC-9072,KPI-GEN-6A4547,Billing gateway throughput,1112.4,500,req/s,MEDIUM,2026-09-06T03:35:54Z/2026-09-06T03:50:54Z,2026-09-06T03:50:54Z,OSS assurance (PM),Billing gateway throughput breached at 1112.4req/s (threshold 500). Correlated with network failure CELL_OUTAGE at SITE-DE-BER-002 (NF-GEN-F6E86B).
CUST-4367,ACC-4367,KPI-GEN-3AA854,Billing gateway throughput,1524.6,500,req/s,LOW,2026-08-31T00:51:54Z/2026-08-31T01:06:54Z,2026-08-31T01:06:54Z,OSS assurance (PM),Billing gateway throughput breached at 1524.6req/s (threshold 500). Correlated with network failure CELL_OUTAGE at SITE-UK-LON-014 (NF-GEN-E4E3D5).
CUST-2622,ACC-2622,KPI-GEN-399C60,Partner API timeout rate,5.6,2.0,%,LOW,2026-09-10T21:00:54Z/2026-09-10T21:30:54Z,2026-09-10T21:30:54Z,OSS assurance (PM),Partner API timeout rate breached at 5.6% (threshold 2.0). Correlated with service disruption: Regional switch failover incomplete (SD-GEN-456465).
CUST-4901,ACC-4901,KPI-GEN-0B2B5C,Charging API error rate,14.5,2.0,%,CRITICAL,2026-09-16T20:41:54Z/2026-09-16T21:41:54Z,2026-09-16T21:41:54Z,OSS assurance (PM),Charging API error rate breached at 14.5% (threshold 2.0). Caused DATA re-rating for customer CUST-4901. Charge CHG-GEN-6A9C9E of $75.47.
CUST-8239,ACC-8239,KPI-GEN-1D922F,Charging API error rate,7.5,2.0,%,LOW,2026-08-27T09:30:54Z/2026-08-27T09:45:54Z,2026-08-27T09:45:54Z,OSS assurance (PM),Charging API error rate breached at 7.5% (threshold 2.0). Correlated with network failure SIGNAL_DEGRADATION at SITE-UK-LON-014 (NF-GEN-F69C02).
CUST-6592,ACC-6592,KPI-GEN-D48B15,Charging API error rate,15.5,2.0,%,MEDIUM,2026-09-10T22:46:54Z/2026-09-10T23:01:54Z,2026-09-10T23:01:54Z,OSS assurance (PM),Charging API error rate breached at 15.5% (threshold 2.0). Caused DATA re-rating for customer CUST-6592. Charge CHG-GEN-3F703B of $114.32.
CUST-4830,ACC-4830,KPI-GEN-14D409,Partner API timeout rate,7.7,2.0,%,LOW,2026-09-08T01:02:00Z/2026-09-08T01:32:00Z,2026-09-08T01:32:00Z,OSS assurance (PM),Partner API timeout rate breached at 7.7% (threshold 2.0). Correlated with payment failure: EXPIRED_CARD (PF-GEN-EA384A).
CUST-3867,ACC-3867,KPI-GEN-134359,Mediation API p95 latency,2015.8,800,ms,CRITICAL,2026-09-04T08:58:54Z/2026-09-04T09:13:54Z,2026-09-04T09:13:54Z,OSS assurance (PM),Mediation API p95 latency breached at 2015.8ms (threshold 800). Caused DATA re-rating for customer CUST-3867. Charge CHG-GEN-3C198D of $113.84.
CUST-5606,ACC-5606,KPI-GEN-B3BF56,Charging API error rate,6.0,2.0,%,CRITICAL,2026-09-04T00:02:54Z/2026-09-04T00:17:54Z,2026-09-04T00:17:54Z,OSS assurance (PM),Charging API error rate breached at 6.0% (threshold 2.0). Caused DATA re-rating for customer CUST-5606. Charge CHG-GEN-524E91 of $72.44.
CUST-6205,ACC-6205,KPI-GEN-19A41C,Mediation API p95 latency,2708.8,800,ms,LOW,2026-09-09T00:08:00Z/2026-09-09T00:23:00Z,2026-09-09T00:23:00Z,OSS assurance (PM),Mediation API p95 latency breached at 2708.8ms (threshold 800). Correlated with payment failure: CARD_DECLINED (PF-GEN-4BD3DC).
CUST-8990,ACC-8990,KPI-GEN-54BAF9,Billing gateway throughput,1147.0,500,req/s,CRITICAL,2026-09-13T22:33:54Z/2026-09-13T22:48:54Z,2026-09-13T22:48:54Z,OSS assurance (PM),Billing gateway throughput breached at 1147.0req/s (threshold 500). Caused PLAN re-rating for customer CUST-8990. Charge CHG-GEN-1898DA of $179.31.
CUST-3762,ACC-3762,KPI-GEN-61D8CF,Mediation API p95 latency,4187.6,800,ms,HIGH,2026-09-02T09:14:54Z/2026-09-02T10:14:54Z,2026-09-02T10:14:54Z,OSS assurance (PM),Mediation API p95 latency breached at 4187.6ms (threshold 800). Caused DATA re-rating for customer CUST-3762. Charge CHG-GEN-3EE73D of $126.95.
CUST-2847,ACC-2847,KPI-GEN-579EED,Charging API error rate,7.5,2.0,%,LOW,2026-09-02T00:46:00Z/2026-09-02T01:46:00Z,2026-09-02T01:46:00Z,OSS assurance (PM),Charging API error rate breached at 7.5% (threshold 2.0). Correlated with payment failure: INSUFFICIENT_FUNDS_REPORTED (PF-GEN-5849C7).
CUST-3735,ACC-3735,KPI-GEN-25EAFA,Charging API error rate,11.8,2.0,%,HIGH,2026-09-07T22:08:54Z/2026-09-07T23:08:54Z,2026-09-07T23:08:54Z,OSS assurance (PM),Charging API error rate breached at 11.8% (threshold 2.0). Caused DATA re-rating for customer CUST-3735. Charge CHG-GEN-60F952 of $175.31.
CUST-7178,ACC-7178,KPI-GEN-A4B004,Partner API timeout rate,14.5,2.0,%,CRITICAL,2026-09-13T12:19:54Z/2026-09-13T12:34:54Z,2026-09-13T12:34:54Z,OSS assurance (PM),Partner API timeout rate breached at 14.5% (threshold 2.0). Caused ROAMING re-rating for customer CUST-7178. Charge CHG-GEN-054BF5 of $34.06.
CUST-4247,ACC-4247,KPI-GEN-EA7547,Mediation API p95 latency,6105.8,800,ms,HIGH,2026-09-07T08:46:54Z/2026-09-07T09:16:54Z,2026-09-07T09:16:54Z,OSS assurance (PM),Mediation API p95 latency breached at 6105.8ms (threshold 800). Caused DATA re-rating for customer CUST-4247. Charge CHG-GEN-A807F3 of $48.65.
CUST-6602,ACC-6602,KPI-GEN-52C9B1,Partner API timeout rate,3.7,2.0,%,LOW,2026-09-01T07:53:54Z/2026-09-01T08:08:54Z,2026-09-01T08:08:54Z,OSS assurance (PM),Partner API timeout rate breached at 3.7% (threshold 2.0). Correlated with network failure ROAMING_PARTNER_OUTAGE at SITE-UAE-DXB-01 (NF-GEN-5289F6).
CUST-9462,ACC-9462,KPI-GEN-A4A9A1,Charging API error rate,4.3,2.0,%,MEDIUM,2026-09-07T18:51:54Z/2026-09-07T19:06:54Z,2026-09-07T19:06:54Z,OSS assurance (PM),Charging API error rate breached at 4.3% (threshold 2.0). Correlated with network failure ROAMING_PARTNER_OUTAGE at SITE-UAE-DXB-01 (NF-GEN-528634).
CUST-4820,ACC-4820,KPI-GEN-1317BE,Partner API timeout rate,5.1,2.0,%,MEDIUM,2026-09-11T05:11:54Z/2026-09-11T05:26:54Z,2026-09-11T05:26:54Z,OSS assurance (PM),Partner API timeout rate breached at 5.1% (threshold 2.0). Correlated with service disruption: Regional switch failover incomplete (SD-GEN-B7AFC2).
CUST-3672,ACC-3672,KPI-GEN-67A8F0,Partner API timeout rate,5.1,2.0,%,LOW,2026-09-14T10:48:54Z/2026-09-14T11:48:54Z,2026-09-14T11:48:54Z,OSS assurance (PM),Partner API timeout rate breached at 5.1% (threshold 2.0). Correlated with network failure ROAMING_PARTNER_OUTAGE at SITE-ES-MAD-009 (NF-GEN-BA8030).
CUST-2759,ACC-2759,KPI-GEN-937159,Charging API error rate,8.4,2.0,%,HIGH,2026-09-12T23:23:54Z/2026-09-12T23:53:54Z,2026-09-12T23:53:54Z,OSS assurance (PM),Charging API error rate breached at 8.4% (threshold 2.0). Caused DATA re-rating for customer CUST-2759. Charge CHG-GEN-9D761C of $168.61.
CUST-6248,ACC-6248,KPI-GEN-FB4ED5,Mediation API p95 latency,1967.0,800,ms,MEDIUM,2026-08-31T01:16:00Z/2026-08-31T01:46:00Z,2026-08-31T01:46:00Z,OSS assurance (PM),Mediation API p95 latency breached at 1967.0ms (threshold 800). Correlated with payment failure: EXPIRED_CARD (PF-GEN-975CD7).
CUST-4907,ACC-4907,KPI-GEN-16B1FE,Mediation API p95 latency,1881.4,800,ms,LOW,2026-08-27T21:02:54Z/2026-08-27T22:02:54Z,2026-08-27T22:02:54Z,OSS assurance (PM),Mediation API p95 latency breached at 1881.4ms (threshold 800). Correlated with service disruption: Core routing misconfiguration (SD-GEN-A3726C).
CUST-2946,ACC-2946,KPI-GEN-E04233,Billing gateway throughput,2673.5,500,req/s,LOW,2026-09-12T11:51:54Z/2026-09-12T12:51:54Z,2026-09-12T12:51:54Z,OSS assurance (PM),Billing gateway throughput breached at 2673.5req/s (threshold 500). Caused PLAN re-rating for customer CUST-2946. Charge CHG-GEN-FB8724 of $98.04.
CUST-8568,ACC-8568,KPI-GEN-11CF12,Mediation API p95 latency,1924.5,800,ms,LOW,2026-09-12T13:39:54Z/2026-09-12T13:54:54Z,2026-09-12T13:54:54Z,OSS assurance (PM),Mediation API p95 latency breached at 1924.5ms (threshold 800). Correlated with network failure CELL_OUTAGE at SITE-UAE-DXB-01 (NF-GEN-75E100).
CUST-8789,ACC-8789,KPI-GEN-938B43,Mediation API p95 latency,2660.3,800,ms,LOW,2026-09-01T01:15:00Z/2026-09-01T01:45:00Z,2026-09-01T01:45:00Z,OSS assurance (PM),Mediation API p95 latency breached at 2660.3ms (threshold 800). Correlated with payment failure: EXPIRED_CARD (PF-GEN-A5C4E1).
CUST-6219,ACC-6219,KPI-GEN-EA831F,Mediation API p95 latency,2433.3,800,ms,MEDIUM,2026-08-27T21:51:00Z/2026-08-27T22:06:00Z,2026-08-27T22:06:00Z,OSS assurance (PM),Mediation API p95 latency breached at 2433.3ms (threshold 800). Correlated with payment failure: INSUFFICIENT_FUNDS_REPORTED (PF-GEN-A12620).
CUST-3240,ACC-3240,KPI-GEN-C5D444,Charging API error rate,6.6,2.0,%,LOW,2026-09-09T13:50:54Z/2026-09-09T14:20:54Z,2026-09-09T14:20:54Z,OSS assurance (PM),Charging API error rate breached at 6.6% (threshold 2.0). Correlated with service disruption: Core routing misconfiguration (SD-GEN-A91F19).
CUST-3662,ACC-3662,KPI-GEN-9C658F,Partner API timeout rate,3.3,2.0,%,MEDIUM,2026-09-15T18:50:54Z/2026-09-15T19:05:54Z,2026-09-15T19:05:54Z,OSS assurance (PM),Partner API timeout rate breached at 3.3% (threshold 2.0). Correlated with service disruption: Fiber cut — third-party contractor (SD-GEN-DF3AD1).
CUST-6160,ACC-6160,KPI-GEN-6B60A7,Partner API timeout rate,3.8,2.0,%,MEDIUM,2026-09-11T21:57:00Z/2026-09-11T22:27:00Z,2026-09-11T22:27:00Z,OSS assurance (PM),Partner API timeout rate breached at 3.8% (threshold 2.0). Correlated with payment failure: ISSUER_TIMEOUT (PF-GEN-228812).
CUST-4677,ACC-4677,KPI-GEN-2CC6F6,Billing gateway throughput,1652.7,500,req/s,CRITICAL,2026-09-16T06:08:54Z/2026-09-16T06:38:54Z,2026-09-16T06:38:54Z,OSS assurance (PM),Billing gateway throughput breached at 1652.7req/s (threshold 500). Caused PLAN re-rating for customer CUST-4677. Charge CHG-GEN-E23435 of $150.55.
CUST-4210,ACC-4210,KPI-GEN-A13055,Charging API error rate,9.0,2.0,%,LOW,2026-09-15T06:06:54Z/2026-09-15T06:21:54Z,2026-09-15T06:21:54Z,OSS assurance (PM),Charging API error rate breached at 9.0% (threshold 2.0). Caused DATA re-rating for customer CUST-4210. Charge CHG-GEN-EE360C of $57.45.
CUST-8702,ACC-8702,KPI-GEN-2495A6,Partner API timeout rate,3.4,2.0,%,LOW,2026-09-11T01:15:00Z/2026-09-11T01:30:00Z,2026-09-11T01:30:00Z,OSS assurance (PM),Partner API timeout rate breached at 3.4% (threshold 2.0). Correlated with payment failure: EXPIRED_CARD (PF-GEN-206ACB).
CUST-8550,ACC-8550,KPI-GEN-24DED2,Partner API timeout rate,6.5,2.0,%,LOW,2026-09-15T00:33:00Z/2026-09-15T00:48:00Z,2026-09-15T00:48:00Z,OSS assurance (PM),Partner API timeout rate breached at 6.5% (threshold 2.0). Correlated with payment failure: EXPIRED_CARD (PF-GEN-C35F57).
CUST-7791,ACC-7791,KPI-GEN-56824B,Partner API timeout rate,6.3,2.0,%,LOW,2026-09-15T22:56:00Z/2026-09-15T23:11:00Z,2026-09-15T23:11:00Z,OSS assurance (PM),Partner API timeout rate breached at 6.3% (threshold 2.0). Correlated with payment failure: ISSUER_TIMEOUT (PF-GEN-5E1273).
CUST-8521,ACC-8521,KPI-GEN-D0C357,Partner API timeout rate,14.7,2.0,%,LOW,2026-09-15T16:23:54Z/2026-09-15T16:53:54Z,2026-09-15T16:53:54Z,OSS assurance (PM),Partner API timeout rate breached at 14.7% (threshold 2.0). Caused ROAMING re-rating for customer CUST-8521. Charge CHG-GEN-395969 of $39.75.
CUST-2781,ACC-2781,KPI-GEN-D8BEC3,Partner API timeout rate,6.9,2.0,%,MEDIUM,2026-09-02T22:29:00Z/2026-09-02T23:29:00Z,2026-09-02T23:29:00Z,OSS assurance (PM),Partner API timeout rate breached at 6.9% (threshold 2.0). Correlated with payment failure: EXPIRED_CARD (PF-GEN-14A67D).
CUST-6468,ACC-6468,KPI-GEN-C3559D,Billing gateway throughput,2172.2,500,req/s,HIGH,2026-08-27T11:53:54Z/2026-08-27T12:53:54Z,2026-08-27T12:53:54Z,OSS assurance (PM),Billing gateway throughput breached at 2172.2req/s (threshold 500). Caused PLAN re-rating for customer CUST-6468. Charge CHG-GEN-FEF262 of $136.45.
CUST-5965,ACC-5965,KPI-GEN-9B3284,Charging API error rate,15.8,2.0,%,CRITICAL,2026-08-29T05:47:54Z/2026-08-29T06:47:54Z,2026-08-29T06:47:54Z,OSS assurance (PM),Charging API error rate breached at 15.8% (threshold 2.0). Caused DATA re-rating for customer CUST-5965. Charge CHG-GEN-CBBDAA of $95.44.
CUST-3591,ACC-3591,KPI-GEN-185537,Billing gateway throughput,2270.8,500,req/s,HIGH,2026-09-06T04:59:54Z/2026-09-06T05:29:54Z,2026-09-06T05:29:54Z,OSS assurance (PM),Billing gateway throughput breached at 2270.8req/s (threshold 500). Caused PLAN re-rating for customer CUST-3591. Charge CHG-GEN-935116 of $79.19.
CUST-2990,ACC-2990,KPI-GEN-408ED9,Billing gateway throughput,759.9,500,req/s,LOW,2026-09-16T22:49:54Z/2026-09-16T23:19:54Z,2026-09-16T23:19:54Z,OSS assurance (PM),Billing gateway throughput breached at 759.9req/s (threshold 500). Correlated with service disruption: Regional switch failover incomplete (SD-GEN-997FE9).
CUST-2508,ACC-2508,KPI-GEN-F962DD,Partner API timeout rate,8.0,2.0,%,MEDIUM,2026-08-27T08:09:54Z/2026-08-27T08:39:54Z,2026-08-27T08:39:54Z,OSS assurance (PM),Partner API timeout rate breached at 8.0% (threshold 2.0). Correlated with service disruption: Regional switch failover incomplete (SD-GEN-0C62C0).
CUST-9977,ACC-9977,KPI-GEN-ED31F1,Billing gateway throughput,1586.1,500,req/s,LOW,2026-09-01T00:54:54Z/2026-09-01T01:24:54Z,2026-09-01T01:24:54Z,OSS assurance (PM),Billing gateway throughput breached at 1586.1req/s (threshold 500). Correlated with network failure CELL_OUTAGE at SITE-UAE-DXB-01 (NF-GEN-08EF1F).
CUST-5150,ACC-5150,KPI-GEN-D9223E,Billing gateway throughput,1173.0,500,req/s,MEDIUM,2026-09-13T21:00:00Z/2026-09-13T22:00:00Z,2026-09-13T22:00:00Z,OSS assurance (PM),Billing gateway throughput breached at 1173.0req/s (threshold 500). Correlated with payment failure: ISSUER_TIMEOUT (PF-GEN-97DEAC).
CUST-5729,ACC-5729,KPI-GEN-996DD2,Partner API timeout rate,8.0,2.0,%,LOW,2026-09-04T08:39:54Z/2026-09-04T09:39:54Z,2026-09-04T09:39:54Z,OSS assurance (PM),Partner API timeout rate breached at 8.0% (threshold 2.0). Correlated with network failure CELL_OUTAGE at SITE-UAE-DXB-01 (NF-GEN-FCB7E8).
CUST-9294,ACC-9294,KPI-GEN-A8C43D,Billing gateway throughput,1712.7,500,req/s,MEDIUM,2026-09-03T13:13:54Z/2026-09-03T14:13:54Z,2026-09-03T14:13:54Z,OSS assurance (PM),Billing gateway throughput breached at 1712.7req/s (threshold 500). Correlated with network failure CELL_OUTAGE at SITE-DE-BER-002 (NF-GEN-DC4E7B).
CUST-5906,ACC-5906,KPI-GEN-5A9B04,Charging API error rate,3.2,2.0,%,LOW,2026-09-09T09:05:54Z/2026-09-09T09:35:54Z,2026-09-09T09:35:54Z,OSS assurance (PM),Charging API error rate breached at 3.2% (threshold 2.0). Correlated with service disruption: Fiber cut — third-party contractor (SD-GEN-27EB8C).
CUST-2340,ACC-2340,KPI-GEN-015505,Mediation API p95 latency,2485.0,800,ms,LOW,2026-09-09T23:57:54Z/2026-09-10T00:27:54Z,2026-09-10T00:27:54Z,OSS assurance (PM),Mediation API p95 latency breached at 2485.0ms (threshold 800). Correlated with network failure CONGESTION at SITE-DE-BER-002 (NF-GEN-E039A5).
CUST-2869,ACC-2869,KPI-GEN-539BCE,Charging API error rate,6.1,2.0,%,LOW,2026-09-11T00:20:00Z/2026-09-11T00:50:00Z,2026-09-11T00:50:00Z,OSS assurance (PM),Charging API error rate breached at 6.1% (threshold 2.0). Correlated with payment failure: ISSUER_TIMEOUT (PF-GEN-2F1EA3).
CUST-7394,ACC-7394,KPI-GEN-3788C5,Mediation API p95 latency,1372.3,800,ms,LOW,2026-08-31T05:05:54Z/2026-08-31T05:35:54Z,2026-08-31T05:35:54Z,OSS assurance (PM),Mediation API p95 latency breached at 1372.3ms (threshold 800). Correlated with network failure CONGESTION at SITE-FR-PAR-021 (NF-GEN-AD1E32).
CUST-4631,ACC-4631,KPI-GEN-50B945,Charging API error rate,7.8,2.0,%,LOW,2026-08-29T16:35:54Z/2026-08-29T16:50:54Z,2026-08-29T16:50:54Z,OSS assurance (PM),Charging API error rate breached at 7.8% (threshold 2.0). Correlated with network failure CELL_OUTAGE at SITE-UAE-DXB-01 (NF-GEN-3A7D62).
CUST-8028,ACC-8028,KPI-GEN-581D1A,Mediation API p95 latency,2162.1,800,ms,LOW,2026-09-03T16:08:54Z/2026-09-03T17:08:54Z,2026-09-03T17:08:54Z,OSS assurance (PM),Mediation API p95 latency breached at 2162.1ms (threshold 800). Correlated with service disruption: Fiber cut — third-party contractor (SD-GEN-C6545B).
CUST-9976,ACC-9976,KPI-GEN-048941,Partner API timeout rate,4.5,2.0,%,MEDIUM,2026-09-02T00:56:54Z/2026-09-02T01:56:54Z,2026-09-02T01:56:54Z,OSS assurance (PM),Partner API timeout rate breached at 4.5% (threshold 2.0). Correlated with network failure CELL_OUTAGE at SITE-DE-BER-002 (NF-GEN-8B516C).
CUST-5075,ACC-5075,KPI-GEN-1138C4,Mediation API p95 latency,2614.7,800,ms,LOW,2026-09-12T15:40:54Z/2026-09-12T16:40:54Z,2026-09-12T16:40:54Z,OSS assurance (PM),Mediation API p95 latency breached at 2614.7ms (threshold 800). Correlated with network failure ROAMING_PARTNER_OUTAGE at SITE-FR-PAR-021 (NF-GEN-10085D).
CUST-2861,ACC-2861,KPI-GEN-D90819,Partner API timeout rate,6.9,2.0,%,LOW,2026-08-31T11:40:54Z/2026-08-31T12:10:54Z,2026-08-31T12:10:54Z,OSS assurance (PM),Partner API timeout rate breached at 6.9% (threshold 2.0). Correlated with service disruption: Core routing misconfiguration (SD-GEN-9B8E8A).
CUST-6272,ACC-6272,KPI-GEN-A4F6F6,Partner API timeout rate,4.4,2.0,%,MEDIUM,2026-09-01T20:56:54Z/2026-09-01T21:56:54Z,2026-09-01T21:56:54Z,OSS assurance (PM),Partner API timeout rate breached at 4.4% (threshold 2.0). Correlated with service disruption: Regional switch failover incomplete (SD-GEN-26ADE5).
CUST-8920,ACC-8920,KPI-GEN-85B4CE,Mediation API p95 latency,1331.6,800,ms,LOW,2026-09-08T08:19:54Z/2026-09-08T08:49:54Z,2026-09-08T08:49:54Z,OSS assurance (PM),Mediation API p95 latency breached at 1331.6ms (threshold 800). Correlated with network failure CONGESTION at SITE-FR-PAR-021 (NF-GEN-286CC0).
CUST-8231,ACC-8231,KPI-GEN-9A4828,Billing gateway throughput,1380.0,500,req/s,LOW,2026-08-28T21:43:54Z/2026-08-28T22:43:54Z,2026-08-28T22:43:54Z,OSS assurance (PM),Billing gateway throughput breached at 1380.0req/s (threshold 500). Correlated with network failure ROAMING_PARTNER_OUTAGE at SITE-FR-PAR-021 (NF-GEN-CFBDCD).
CUST-6793,ACC-6793,KPI-GEN-8675FD,Partner API timeout rate,15.4,2.0,%,HIGH,2026-09-09T17:30:54Z/2026-09-09T18:00:54Z,2026-09-09T18:00:54Z,OSS assurance (PM),Partner API timeout rate breached at 15.4% (threshold 2.0). Caused ROAMING re-rating for customer CUST-6793. Charge CHG-GEN-71BFE4 of $104.51.
CUST-2137,ACC-2137,KPI-GEN-51948C,Billing gateway throughput,3319.5,500,req/s,HIGH,2026-08-27T10:25:54Z/2026-08-27T10:40:54Z,2026-08-27T10:40:54Z,OSS assurance (PM),Billing gateway throughput breached at 3319.5req/s (threshold 500). Caused PLAN re-rating for customer CUST-2137. Charge CHG-GEN-435CA8 of $96.79.
CUST-9460,ACC-9460,KPI-GEN-C0AD4F,Billing gateway throughput,944.3,500,req/s,LOW,2026-09-13T22:32:00Z/2026-09-13T23:02:00Z,2026-09-13T23:02:00Z,OSS assurance (PM),Billing gateway throughput breached at 944.3req/s (threshold 500). Correlated with payment failure: INSUFFICIENT_FUNDS_REPORTED (PF-GEN-01061B).
CUST-4893,ACC-4893,KPI-GEN-63A4C1,Billing gateway throughput,1713.0,500,req/s,MEDIUM,2026-08-31T20:53:54Z/2026-08-31T21:23:54Z,2026-08-31T21:23:54Z,OSS assurance (PM),Billing gateway throughput breached at 1713.0req/s (threshold 500). Correlated with network failure CONGESTION at SITE-FR-PAR-021 (NF-GEN-353B8F).
CUST-4891,ACC-4891,KPI-GEN-91B08B,Mediation API p95 latency,2261.8,800,ms,LOW,2026-09-05T16:51:54Z/2026-09-05T17:51:54Z,2026-09-05T17:51:54Z,OSS assurance (PM),Mediation API p95 latency breached at 2261.8ms (threshold 800). Correlated with service disruption: Scheduled maintenance overran (SD-GEN-59BAA7).
CUST-8679,ACC-8679,KPI-GEN-8384C5,Billing gateway throughput,1584.5,500,req/s,MEDIUM,2026-09-09T12:11:54Z/2026-09-09T13:11:54Z,2026-09-09T13:11:54Z,OSS assurance (PM),Billing gateway throughput breached at 1584.5req/s (threshold 500). Correlated with network failure CELL_OUTAGE at SITE-UAE-DXB-01 (NF-GEN-D9999F).
CUST-2287,ACC-2287,KPI-GEN-7A10F2,Partner API timeout rate,7.6,2.0,%,LOW,2026-08-27T15:17:54Z/2026-08-27T15:47:54Z,2026-08-27T15:47:54Z,OSS assurance (PM),Partner API timeout rate breached at 7.6% (threshold 2.0). Correlated with service disruption: Scheduled maintenance overran (SD-GEN-3ADF49).
CUST-5471,ACC-5471,KPI-GEN-49AF2C,Mediation API p95 latency,3660.2,800,ms,CRITICAL,2026-09-09T12:20:54Z/2026-09-09T12:35:54Z,2026-09-09T12:35:54Z,OSS assurance (PM),Mediation API p95 latency breached at 3660.2ms (threshold 800). Caused DATA re-rating for customer CUST-5471. Charge CHG-GEN-0DD590 of $118.46.
CUST-2435,ACC-2435,KPI-GEN-99471F,Billing gateway throughput,1037.8,500,req/s,LOW,2026-09-01T08:45:54Z/2026-09-01T09:00:54Z,2026-09-01T09:00:54Z,OSS assurance (PM),Billing gateway throughput breached at 1037.8req/s (threshold 500). Correlated with network failure ROAMING_PARTNER_OUTAGE at SITE-UK-LON-014 (NF-GEN-64D707).
CUST-2047,ACC-2047,KPI-GEN-D6E310,Partner API timeout rate,3.1,2.0,%,MEDIUM,2026-08-27T22:41:00Z/2026-08-27T22:56:00Z,2026-08-27T22:56:00Z,OSS assurance (PM),Partner API timeout rate breached at 3.1% (threshold 2.0). Correlated with payment failure: CARD_DECLINED (PF-GEN-80CD8A).
CUST-3060,ACC-3060,KPI-GEN-674E45,Partner API timeout rate,7.2,2.0,%,LOW,2026-09-13T13:28:54Z/2026-09-13T13:58:54Z,2026-09-13T13:58:54Z,OSS assurance (PM),Partner API timeout rate breached at 7.2% (threshold 2.0). Correlated with network failure CELL_OUTAGE at SITE-FR-PAR-021 (NF-GEN-303635).
CUST-3416,ACC-3416,KPI-GEN-C92061,Charging API error rate,5.8,2.0,%,LOW,2026-08-27T00:07:00Z/2026-08-27T00:22:00Z,2026-08-27T00:22:00Z,OSS assurance (PM),Charging API error rate breached at 5.8% (threshold 2.0). Correlated with payment failure: CARD_DECLINED (PF-GEN-02791F).
CUST-5853,ACC-5853,KPI-GEN-535FF0,Mediation API p95 latency,1345.8,800,ms,MEDIUM,2026-09-14T23:41:00Z/2026-09-14T23:56:00Z,2026-09-14T23:56:00Z,OSS assurance (PM),Mediation API p95 latency breached at 1345.8ms (threshold 800). Correlated with payment failure: EXPIRED_CARD (PF-GEN-51FB41).
CUST-9756,ACC-9756,KPI-GEN-B1D30F,Charging API error rate,6.7,2.0,%,MEDIUM,2026-09-17T00:55:00Z/2026-09-17T01:25:00Z,2026-09-17T01:25:00Z,OSS assurance (PM),Charging API error rate breached at 6.7% (threshold 2.0). Correlated with payment failure: CARD_DECLINED (PF-GEN-A66B78).
CUST-4355,ACC-4355,KPI-GEN-094918,Charging API error rate,3.8,2.0,%,MEDIUM,2026-09-15T18:22:54Z/2026-09-15T19:22:54Z,2026-09-15T19:22:54Z,OSS assurance (PM),Charging API error rate breached at 3.8% (threshold 2.0). Correlated with service disruption: Core routing misconfiguration (SD-GEN-AAFFEA).
CUST-7984,ACC-7984,KPI-GEN-27F506,Mediation API p95 latency,1321.6,800,ms,LOW,2026-08-27T13:20:54Z/2026-08-27T14:20:54Z,2026-08-27T14:20:54Z,OSS assurance (PM),Mediation API p95 latency breached at 1321.6ms (threshold 800). Correlated with network failure SIGNAL_DEGRADATION at SITE-FR-PAR-021 (NF-GEN-2A10DC).
CUST-3058,ACC-3058,KPI-GEN-15E75C,Charging API error rate,9.3,2.0,%,MEDIUM,2026-09-16T17:28:54Z/2026-09-16T17:43:54Z,2026-09-16T17:43:54Z,OSS assurance (PM),Charging API error rate breached at 9.3% (threshold 2.0). Caused DATA re-rating for customer CUST-3058. Charge CHG-GEN-5E0DC2 of $71.28.
CUST-5086,ACC-5086,KPI-GEN-0571DB,Mediation API p95 latency,1918.8,800,ms,CRITICAL,2026-09-01T01:11:54Z/2026-09-01T02:11:54Z,2026-09-01T02:11:54Z,OSS assurance (PM),Mediation API p95 latency breached at 1918.8ms (threshold 800). Caused DATA re-rating for customer CUST-5086. Charge CHG-GEN-63CB44 of $136.07.
CUST-7518,ACC-7518,KPI-GEN-253E56,Charging API error rate,3.1,2.0,%,MEDIUM,2026-09-17T03:21:54Z/2026-09-17T03:36:54Z,2026-09-17T03:36:54Z,OSS assurance (PM),Charging API error rate breached at 3.1% (threshold 2.0). Correlated with network failure SIGNAL_DEGRADATION at SITE-ES-MAD-009 (NF-GEN-7BC3DF).
CUST-9555,ACC-9555,KPI-GEN-33D4A6,Billing gateway throughput,812.3,500,req/s,MEDIUM,2026-08-29T05:01:54Z/2026-08-29T05:16:54Z,2026-08-29T05:16:54Z,OSS assurance (PM),Billing gateway throughput breached at 812.3req/s (threshold 500). Correlated with network failure SIGNAL_DEGRADATION at SITE-ES-MAD-009 (NF-GEN-CC9F0D).
CUST-3440,ACC-3440,KPI-GEN-4BA2EE,Partner API timeout rate,5.9,2.0,%,MEDIUM,2026-09-01T22:58:00Z/2026-09-01T23:13:00Z,2026-09-01T23:13:00Z,OSS assurance (PM),Partner API timeout rate breached at 5.9% (threshold 2.0). Correlated with payment failure: EXPIRED_CARD (PF-GEN-A4EE11).
CUST-5175,ACC-5175,KPI-GEN-A9E588,Partner API timeout rate,11.1,2.0,%,LOW,2026-08-30T04:29:54Z/2026-08-30T04:59:54Z,2026-08-30T04:59:54Z,OSS assurance (PM),Partner API timeout rate breached at 11.1% (threshold 2.0). Caused ROAMING re-rating for customer CUST-5175. Charge CHG-GEN-5610F8 of $169.26.
CUST-5115,ACC-5115,KPI-GEN-7906E1,Partner API timeout rate,12.8,2.0,%,MEDIUM,2026-09-10T04:20:54Z/2026-09-10T05:20:54Z,2026-09-10T05:20:54Z,OSS assurance (PM),Partner API timeout rate breached at 12.8% (threshold 2.0). Caused ROAMING re-rating for customer CUST-5115. Charge CHG-GEN-5FAF1B of $153.63.
CUST-4000,ACC-4000,KPI-GEN-7CB770,Charging API error rate,4.3,2.0,%,LOW,2026-09-15T14:58:54Z/2026-09-15T15:58:54Z,2026-09-15T15:58:54Z,OSS assurance (PM),Charging API error rate breached at 4.3% (threshold 2.0). Correlated with service disruption: Core routing misconfiguration (SD-GEN-CD76FD).
CUST-3051,ACC-3051,KPI-GEN-4479B0,Partner API timeout rate,5.5,2.0,%,LOW,2026-09-08T19:02:54Z/2026-09-08T19:17:54Z,2026-09-08T19:17:54Z,OSS assurance (PM),Partner API timeout rate breached at 5.5% (threshold 2.0). Correlated with service disruption: Fiber cut — third-party contractor (SD-GEN-C60B93).
CUST-8624,ACC-8624,KPI-GEN-29D17A,Partner API timeout rate,7.0,2.0,%,LOW,2026-09-01T21:39:00Z/2026-09-01T22:39:00Z,2026-09-01T22:39:00Z,OSS assurance (PM),Partner API timeout rate breached at 7.0% (threshold 2.0). Correlated with payment failure: CARD_DECLINED (PF-GEN-5FF372).
CUST-2417,ACC-2417,KPI-GEN-2801E0,Mediation API p95 latency,1622.8,800,ms,MEDIUM,2026-09-16T03:23:54Z/2026-09-16T03:53:54Z,2026-09-16T03:53:54Z,OSS assurance (PM),Mediation API p95 latency breached at 1622.8ms (threshold 800). Correlated with network failure SIGNAL_DEGRADATION at SITE-DE-BER-002 (NF-GEN-EB4484).
CUST-6292,ACC-6292,KPI-GEN-D69EAF,Billing gateway throughput,1173.7,500,req/s,MEDIUM,2026-09-05T18:18:54Z/2026-09-05T19:18:54Z,2026-09-05T19:18:54Z,OSS assurance (PM),Billing gateway throughput breached at 1173.7req/s (threshold 500). Caused PLAN re-rating for customer CUST-6292. Charge CHG-GEN-88511C of $73.28.
CUST-5321,ACC-5321,KPI-GEN-B38650,Charging API error rate,4.4,2.0,%,MEDIUM,2026-08-27T14:39:54Z/2026-08-27T15:09:54Z,2026-08-27T15:09:54Z,OSS assurance (PM),Charging API error rate breached at 4.4% (threshold 2.0). Correlated with service disruption: Fiber cut — third-party contractor (SD-GEN-988AAC).
CUST-4040,ACC-4040,KPI-GEN-48CE50,Charging API error rate,5.8,2.0,%,LOW,2026-09-15T00:30:54Z/2026-09-15T00:45:54Z,2026-09-15T00:45:54Z,OSS assurance (PM),Charging API error rate breached at 5.8% (threshold 2.0). Correlated with network failure CELL_OUTAGE at SITE-DE-BER-002 (NF-GEN-A0AABF).
CUST-9889,ACC-9889,KPI-GEN-D488AF,Mediation API p95 latency,1718.9,800,ms,MEDIUM,2026-09-04T07:03:54Z/2026-09-04T07:18:54Z,2026-09-04T07:18:54Z,OSS assurance (PM),Mediation API p95 latency breached at 1718.9ms (threshold 800). Correlated with network failure CONGESTION at SITE-UAE-DXB-01 (NF-GEN-7D9B51).
CUST-8299,ACC-8299,KPI-GEN-978189,Charging API error rate,4.3,2.0,%,MEDIUM,2026-09-05T11:54:54Z/2026-09-05T12:24:54Z,2026-09-05T12:24:54Z,OSS assurance (PM),Charging API error rate breached at 4.3% (threshold 2.0). Correlated with service disruption: Regional switch failover incomplete (SD-GEN-2392C6).
CUST-6261,ACC-6261,KPI-GEN-2CE1A7,Mediation API p95 latency,2856.4,800,ms,LOW,2026-09-09T01:08:00Z/2026-09-09T01:38:00Z,2026-09-09T01:38:00Z,OSS assurance (PM),Mediation API p95 latency breached at 2856.4ms (threshold 800). Correlated with payment failure: ISSUER_TIMEOUT (PF-GEN-EA842C).
CUST-5561,ACC-5561,KPI-GEN-201BDA,Billing gateway throughput,1357.7,500,req/s,MEDIUM,2026-09-08T23:17:00Z/2026-09-09T00:17:00Z,2026-09-09T00:17:00Z,OSS assurance (PM),Billing gateway throughput breached at 1357.7req/s (threshold 500). Correlated with payment failure: INSUFFICIENT_FUNDS_REPORTED (PF-GEN-4D44FA).
CUST-6577,ACC-6577,KPI-GEN-F7681E,Partner API timeout rate,9.8,2.0,%,CRITICAL,2026-08-30T19:17:54Z/2026-08-30T20:17:54Z,2026-08-30T20:17:54Z,OSS assurance (PM),Partner API timeout rate breached at 9.8% (threshold 2.0). Caused ROAMING re-rating for customer CUST-6577. Charge CHG-GEN-A0390F of $140.95.
CUST-8180,ACC-8180,KPI-GEN-B8A17E,Charging API error rate,11.7,2.0,%,MEDIUM,2026-09-12T00:36:54Z/2026-09-12T01:06:54Z,2026-09-12T01:06:54Z,OSS assurance (PM),Charging API error rate breached at 11.7% (threshold 2.0). Caused DATA re-rating for customer CUST-8180. Charge CHG-GEN-052DC7 of $176.46.
CUST-8855,ACC-8855,KPI-GEN-624480,Partner API timeout rate,7.4,2.0,%,LOW,2026-09-11T04:55:54Z/2026-09-11T05:25:54Z,2026-09-11T05:25:54Z,OSS assurance (PM),Partner API timeout rate breached at 7.4% (threshold 2.0). Correlated with service disruption: Scheduled maintenance overran (SD-GEN-526894).
CUST-6605,ACC-6605,KPI-GEN-B56195,Mediation API p95 latency,2021.4,800,ms,LOW,2026-09-13T23:29:54Z/2026-09-13T23:44:54Z,2026-09-13T23:44:54Z,OSS assurance (PM),Mediation API p95 latency breached at 2021.4ms (threshold 800). Correlated with service disruption: Regional switch failover incomplete (SD-GEN-126048).
CUST-9529,ACC-9529,KPI-GEN-62BC8A,Partner API timeout rate,7.7,2.0,%,LOW,2026-09-11T00:50:00Z/2026-09-11T01:05:00Z,2026-09-11T01:05:00Z,OSS assurance (PM),Partner API timeout rate breached at 7.7% (threshold 2.0). Correlated with payment failure: INSUFFICIENT_FUNDS_REPORTED (PF-GEN-C096FC).
CUST-8699,ACC-8699,KPI-GEN-B92E79,Charging API error rate,15.9,2.0,%,HIGH,2026-09-07T06:18:54Z/2026-09-07T06:33:54Z,2026-09-07T06:33:54Z,OSS assurance (PM),Charging API error rate breached at 15.9% (threshold 2.0). Caused DATA re-rating for customer CUST-8699. Charge CHG-GEN-90BB3C of $98.99.
CUST-3193,ACC-3193,KPI-GEN-C1E3C5,Charging API error rate,5.2,2.0,%,MEDIUM,2026-09-12T23:39:00Z/2026-09-13T00:39:00Z,2026-09-13T00:39:00Z,OSS assurance (PM),Charging API error rate breached at 5.2% (threshold 2.0). Correlated with payment failure: INSUFFICIENT_FUNDS_REPORTED (PF-GEN-4CD3EA).
CUST-3481,ACC-3481,KPI-GEN-B124FC,Mediation API p95 latency,5812.5,800,ms,LOW,2026-09-05T18:01:54Z/2026-09-05T18:16:54Z,2026-09-05T18:16:54Z,OSS assurance (PM),Mediation API p95 latency breached at 5812.5ms (threshold 800). Caused DATA re-rating for customer CUST-3481. Charge CHG-GEN-F4B1D1 of $133.37.
CUST-3757,ACC-3757,KPI-GEN-28AAFA,Billing gateway throughput,1848.2,500,req/s,LOW,2026-09-13T09:10:54Z/2026-09-13T09:25:54Z,2026-09-13T09:25:54Z,OSS assurance (PM),Billing gateway throughput breached at 1848.2req/s (threshold 500). Correlated with network failure SIGNAL_DEGRADATION at SITE-FR-PAR-021 (NF-GEN-9E1A88).
CUST-7822,ACC-7822,KPI-GEN-BA773E,Partner API timeout rate,5.6,2.0,%,LOW,2026-09-03T14:08:54Z/2026-09-03T14:23:54Z,2026-09-03T14:23:54Z,OSS assurance (PM),Partner API timeout rate breached at 5.6% (threshold 2.0). Correlated with network failure CONGESTION at SITE-UK-LON-014 (NF-GEN-851CF3).
CUST-3764,ACC-3764,KPI-GEN-C6A016,Partner API timeout rate,5.8,2.0,%,MEDIUM,2026-09-12T00:45:54Z/2026-09-12T01:15:54Z,2026-09-12T01:15:54Z,OSS assurance (PM),Partner API timeout rate breached at 5.8% (threshold 2.0). Correlated with network failure ROAMING_PARTNER_OUTAGE at SITE-DE-BER-002 (NF-GEN-850ACF).
CUST-3604,ACC-3604,KPI-GEN-05A001,Partner API timeout rate,14.2,2.0,%,MEDIUM,2026-09-15T10:34:54Z/2026-09-15T11:34:54Z,2026-09-15T11:34:54Z,OSS assurance (PM),Partner API timeout rate breached at 14.2% (threshold 2.0). Caused ROAMING re-rating for customer CUST-3604. Charge CHG-GEN-14C2D6 of $165.88.
CUST-7830,ACC-7830,KPI-GEN-253770,Charging API error rate,6.5,2.0,%,LOW,2026-09-11T18:51:54Z/2026-09-11T19:06:54Z,2026-09-11T19:06:54Z,OSS assurance (PM),Charging API error rate breached at 6.5% (threshold 2.0). Correlated with network failure ROAMING_PARTNER_OUTAGE at SITE-DE-BER-002 (NF-GEN-9384D7).
CUST-3029,ACC-3029,KPI-GEN-269F59,Partner API timeout rate,6.6,2.0,%,MEDIUM,2026-08-26T21:04:00Z/2026-08-26T22:04:00Z,2026-08-26T22:04:00Z,OSS assurance (PM),Partner API timeout rate breached at 6.6% (threshold 2.0). Correlated with payment failure: CARD_DECLINED (PF-GEN-F4A87F).
CUST-9078,ACC-9078,KPI-GEN-2EEDD8,Billing gateway throughput,1900.7,500,req/s,CRITICAL,2026-09-13T22:56:54Z/2026-09-13T23:56:54Z,2026-09-13T23:56:54Z,OSS assurance (PM),Billing gateway throughput breached at 1900.7req/s (threshold 500). Caused PLAN re-rating for customer CUST-9078. Charge CHG-GEN-A1499A of $76.0.
CUST-8780,ACC-8780,KPI-GEN-3DAC26,Billing gateway throughput,1724.9,500,req/s,MEDIUM,2026-09-13T00:03:00Z/2026-09-13T00:18:00Z,2026-09-13T00:18:00Z,OSS assurance (PM),Billing gateway throughput breached at 1724.9req/s (threshold 500). Correlated with payment failure: EXPIRED_CARD (PF-GEN-CF0755).
CUST-5959,ACC-5959,KPI-GEN-AAC015,Mediation API p95 latency,2558.8,800,ms,MEDIUM,2026-09-03T23:14:00Z/2026-09-03T23:29:00Z,2026-09-03T23:29:00Z,OSS assurance (PM),Mediation API p95 latency breached at 2558.8ms (threshold 800). Correlated with payment failure: INSUFFICIENT_FUNDS_REPORTED (PF-GEN-783EF0).
CUST-9898,ACC-9898,KPI-GEN-4F57D6,Billing gateway throughput,849.3,500,req/s,MEDIUM,2026-09-14T00:00:54Z/2026-09-14T00:15:54Z,2026-09-14T00:15:54Z,OSS assurance (PM),Billing gateway throughput breached at 849.3req/s (threshold 500). Correlated with network failure CELL_OUTAGE at SITE-DE-BER-002 (NF-GEN-82C314).
CUST-8043,ACC-8043,KPI-GEN-1C62E6,Mediation API p95 latency,2640.1,800,ms,HIGH,2026-09-08T03:30:54Z/2026-09-08T04:30:54Z,2026-09-08T04:30:54Z,OSS assurance (PM),Mediation API p95 latency breached at 2640.1ms (threshold 800). Caused DATA re-rating for customer CUST-8043. Charge CHG-GEN-2BB371 of $173.61.
CUST-6734,ACC-6734,KPI-GEN-B2D99A,Charging API error rate,6.9,2.0,%,MEDIUM,2026-09-05T06:23:54Z/2026-09-05T06:38:54Z,2026-09-05T06:38:54Z,OSS assurance (PM),Charging API error rate breached at 6.9% (threshold 2.0). Correlated with service disruption: Regional switch failover incomplete (SD-GEN-FCE475).
CUST-4862,ACC-4862,KPI-GEN-79CDA7,Partner API timeout rate,7.3,2.0,%,LOW,2026-09-05T08:49:54Z/2026-09-05T09:04:54Z,2026-09-05T09:04:54Z,OSS assurance (PM),Partner API timeout rate breached at 7.3% (threshold 2.0). Correlated with network failure CONGESTION at SITE-ES-MAD-009 (NF-GEN-E2D03E).
CUST-6822,ACC-6822,KPI-GEN-430C1B,Mediation API p95 latency,3134.5,800,ms,LOW,2026-09-02T12:46:54Z/2026-09-02T13:01:54Z,2026-09-02T13:01:54Z,OSS assurance (PM),Mediation API p95 latency breached at 3134.5ms (threshold 800). Caused DATA re-rating for customer CUST-6822. Charge CHG-GEN-20C85F of $66.17.
CUST-4361,ACC-4361,KPI-GEN-14B0C9,Mediation API p95 latency,1926.7,800,ms,LOW,2026-09-13T07:56:54Z/2026-09-13T08:11:54Z,2026-09-13T08:11:54Z,OSS assurance (PM),Mediation API p95 latency breached at 1926.7ms (threshold 800). Correlated with service disruption: Scheduled maintenance overran (SD-GEN-BEFD8B).
CUST-4617,ACC-4617,KPI-GEN-BC3BF4,Charging API error rate,5.1,2.0,%,LOW,2026-09-04T06:06:54Z/2026-09-04T07:06:54Z,2026-09-04T07:06:54Z,OSS assurance (PM),Charging API error rate breached at 5.1% (threshold 2.0). Correlated with network failure ROAMING_PARTNER_OUTAGE at SITE-ES-MAD-009 (NF-GEN-CF0158).
CUST-2160,ACC-2160,KPI-GEN-75777F,Partner API timeout rate,4.3,2.0,%,MEDIUM,2026-08-28T19:21:54Z/2026-08-28T20:21:54Z,2026-08-28T20:21:54Z,OSS assurance (PM),Partner API timeout rate breached at 4.3% (threshold 2.0). Correlated with service disruption: Regional switch failover incomplete (SD-GEN-E675F8).
CUST-3222,ACC-3222,KPI-GEN-9980B4,Mediation API p95 latency,2528.1,800,ms,MEDIUM,2026-09-12T12:23:54Z/2026-09-12T12:38:54Z,2026-09-12T12:38:54Z,OSS assurance (PM),Mediation API p95 latency breached at 2528.1ms (threshold 800). Correlated with network failure SIGNAL_DEGRADATION at SITE-FR-PAR-021 (NF-GEN-81FFE4).
CUST-9919,ACC-9919,KPI-GEN-54225C,Charging API error rate,4.7,2.0,%,MEDIUM,2026-09-10T01:27:00Z/2026-09-10T01:57:00Z,2026-09-10T01:57:00Z,OSS assurance (PM),Charging API error rate breached at 4.7% (threshold 2.0). Correlated with payment failure: INSUFFICIENT_FUNDS_REPORTED (PF-GEN-AD79A8).
CUST-6632,ACC-6632,KPI-GEN-1AA2E2,Charging API error rate,5.3,2.0,%,MEDIUM,2026-08-28T06:03:54Z/2026-08-28T07:03:54Z,2026-08-28T07:03:54Z,OSS assurance (PM),Charging API error rate breached at 5.3% (threshold 2.0). Correlated with service disruption: Fiber cut — third-party contractor (SD-GEN-71B10D).
CUST-8537,ACC-8537,KPI-GEN-4C75F1,Billing gateway throughput,2231.7,500,req/s,LOW,2026-08-27T18:52:54Z/2026-08-27T19:22:54Z,2026-08-27T19:22:54Z,OSS assurance (PM),Billing gateway throughput breached at 2231.7req/s (threshold 500). Caused PLAN re-rating for customer CUST-8537. Charge CHG-GEN-E8ABFA of $44.4.
CUST-2443,ACC-2443,KPI-GEN-2AC249,Partner API timeout rate,13.4,2.0,%,LOW,2026-09-11T13:40:54Z/2026-09-11T14:40:54Z,2026-09-11T14:40:54Z,OSS assurance (PM),Partner API timeout rate breached at 13.4% (threshold 2.0). Caused ROAMING re-rating for customer CUST-2443. Charge CHG-GEN-A1D215 of $85.16.
CUST-2285,ACC-2285,KPI-GEN-83F72A,Billing gateway throughput,1049.2,500,req/s,LOW,2026-09-02T00:23:00Z/2026-09-02T01:23:00Z,2026-09-02T01:23:00Z,OSS assurance (PM),Billing gateway throughput breached at 1049.2req/s (threshold 500). Correlated with payment failure: EXPIRED_CARD (PF-GEN-13B747).
CUST-9851,ACC-9851,KPI-GEN-D23B32,Billing gateway throughput,1443.9,500,req/s,LOW,2026-09-14T07:21:54Z/2026-09-14T07:36:54Z,2026-09-14T07:36:54Z,OSS assurance (PM),Billing gateway throughput breached at 1443.9req/s (threshold 500). Correlated with network failure ROAMING_PARTNER_OUTAGE at SITE-DE-BER-002 (NF-GEN-6E844E).
CUST-8426,ACC-8426,KPI-GEN-9B6863,Billing gateway throughput,1710.0,500,req/s,LOW,2026-08-28T00:19:00Z/2026-08-28T00:49:00Z,2026-08-28T00:49:00Z,OSS assurance (PM),Billing gateway throughput breached at 1710.0req/s (threshold 500). Correlated with payment failure: EXPIRED_CARD (PF-GEN-088CC8).
CUST-7666,ACC-7666,KPI-GEN-B5F9C9,Charging API error rate,5.2,2.0,%,MEDIUM,2026-09-03T16:44:54Z/2026-09-03T17:44:54Z,2026-09-03T17:44:54Z,OSS assurance (PM),Charging API error rate breached at 5.2% (threshold 2.0). Correlated with network failure ROAMING_PARTNER_OUTAGE at SITE-UK-LON-014 (NF-GEN-4A0B0C).
CUST-2388,ACC-2388,KPI-GEN-235B84,Charging API error rate,5.9,2.0,%,MEDIUM,2026-09-04T20:00:54Z/2026-09-04T20:15:54Z,2026-09-04T20:15:54Z,OSS assurance (PM),Charging API error rate breached at 5.9% (threshold 2.0). Correlated with network failure CONGESTION at SITE-UAE-DXB-01 (NF-GEN-42AB56).
CUST-8270,ACC-8270,KPI-GEN-9F5E4F,Mediation API p95 latency,3499.8,800,ms,LOW,2026-09-16T23:30:54Z/2026-09-17T00:30:54Z,2026-09-17T00:30:54Z,OSS assurance (PM),Mediation API p95 latency breached at 3499.8ms (threshold 800). Caused DATA re-rating for customer CUST-8270. Charge CHG-GEN-7DF0BD of $87.4.
CUST-3301,ACC-3301,KPI-GEN-B8C151,Billing gateway throughput,1318.8,500,req/s,MEDIUM,2026-09-04T04:19:54Z/2026-09-04T04:49:54Z,2026-09-04T04:49:54Z,OSS assurance (PM),Billing gateway throughput breached at 1318.8req/s (threshold 500). Correlated with service disruption: Regional switch failover incomplete (SD-GEN-18929B).
CUST-8470,ACC-8470,KPI-GEN-741BDA,Billing gateway throughput,1322.7,500,req/s,LOW,2026-09-07T02:15:54Z/2026-09-07T02:45:54Z,2026-09-07T02:45:54Z,OSS assurance (PM),Billing gateway throughput breached at 1322.7req/s (threshold 500). Correlated with network failure ROAMING_PARTNER_OUTAGE at SITE-UK-LON-014 (NF-GEN-29107A).
CUST-5016,ACC-5016,KPI-GEN-912063,Billing gateway throughput,1950.4,500,req/s,MEDIUM,2026-09-12T21:45:00Z/2026-09-12T22:45:00Z,2026-09-12T22:45:00Z,OSS assurance (PM),Billing gateway throughput breached at 1950.4req/s (threshold 500). Correlated with payment failure: ISSUER_TIMEOUT (PF-GEN-A09C93).
CUST-5471,ACC-5471,KPI-GEN-555C23,Charging API error rate,7.9,2.0,%,MEDIUM,2026-08-31T01:52:54Z/2026-08-31T02:52:54Z,2026-08-31T02:52:54Z,OSS assurance (PM),Charging API error rate breached at 7.9% (threshold 2.0). Correlated with network failure ROAMING_PARTNER_OUTAGE at SITE-UK-LON-014 (NF-GEN-823E99).
CUST-4905,ACC-4905,KPI-GEN-BC7B85,Mediation API p95 latency,2971.3,800,ms,MEDIUM,2026-09-12T06:17:54Z/2026-09-12T07:17:54Z,2026-09-12T07:17:54Z,OSS assurance (PM),Mediation API p95 latency breached at 2971.3ms (threshold 800). Correlated with service disruption: Regional switch failover incomplete (SD-GEN-128800).
CUST-2545,ACC-2545,KPI-GEN-82F96D,Mediation API p95 latency,1398.0,800,ms,LOW,2026-09-13T23:07:00Z/2026-09-13T23:22:00Z,2026-09-13T23:22:00Z,OSS assurance (PM),Mediation API p95 latency breached at 1398.0ms (threshold 800). Correlated with payment failure: ISSUER_TIMEOUT (PF-GEN-02E836).
CUST-3853,ACC-3853,KPI-GEN-4D6E2D,Mediation API p95 latency,2833.4,800,ms,MEDIUM,2026-09-14T22:41:00Z/2026-09-14T23:11:00Z,2026-09-14T23:11:00Z,OSS assurance (PM),Mediation API p95 latency breached at 2833.4ms (threshold 800). Correlated with payment failure: EXPIRED_CARD (PF-GEN-DA8F0C).
CUST-4241,ACC-4241,KPI-GEN-997F1D,Charging API error rate,6.5,2.0,%,LOW,2026-09-02T08:21:54Z/2026-09-02T08:51:54Z,2026-09-02T08:51:54Z,OSS assurance (PM),Charging API error rate breached at 6.5% (threshold 2.0). Correlated with service disruption: Regional switch failover incomplete (SD-GEN-11797D).
CUST-2490,ACC-2490,KPI-GEN-05257F,Charging API error rate,4.4,2.0,%,MEDIUM,2026-09-12T02:32:54Z/2026-09-12T02:47:54Z,2026-09-12T02:47:54Z,OSS assurance (PM),Charging API error rate breached at 4.4% (threshold 2.0). Correlated with service disruption: Scheduled maintenance overran (SD-GEN-903FC9).
CUST-9623,ACC-9623,KPI-GEN-041AEC,Partner API timeout rate,7.8,2.0,%,MEDIUM,2026-09-06T04:15:54Z/2026-09-06T04:45:54Z,2026-09-06T04:45:54Z,OSS assurance (PM),Partner API timeout rate breached at 7.8% (threshold 2.0). Correlated with network failure ROAMING_PARTNER_OUTAGE at SITE-DE-BER-002 (NF-GEN-69CB70).
CUST-8638,ACC-8638,KPI-GEN-C25EB6,Partner API timeout rate,6.4,2.0,%,LOW,2026-08-29T00:06:54Z/2026-08-29T00:36:54Z,2026-08-29T00:36:54Z,OSS assurance (PM),Partner API timeout rate breached at 6.4% (threshold 2.0). Correlated with network failure SIGNAL_DEGRADATION at SITE-FR-PAR-021 (NF-GEN-A79633).
CUST-5620,ACC-5620,KPI-GEN-38AD98,Charging API error rate,11.6,2.0,%,MEDIUM,2026-09-02T06:21:54Z/2026-09-02T06:51:54Z,2026-09-02T06:51:54Z,OSS assurance (PM),Charging API error rate breached at 11.6% (threshold 2.0). Caused DATA re-rating for customer CUST-5620. Charge CHG-GEN-5FD6EE of $72.77.
CUST-2331,ACC-2331,KPI-GEN-572F1D,Partner API timeout rate,6.1,2.0,%,MEDIUM,2026-09-06T22:06:00Z/2026-09-06T22:21:00Z,2026-09-06T22:21:00Z,OSS assurance (PM),Partner API timeout rate breached at 6.1% (threshold 2.0). Correlated with payment failure: CARD_DECLINED (PF-GEN-5430B9).
CUST-8752,ACC-8752,KPI-GEN-F41FA1,Mediation API p95 latency,5914.8,800,ms,CRITICAL,2026-09-01T09:29:54Z/2026-09-01T09:59:54Z,2026-09-01T09:59:54Z,OSS assurance (PM),Mediation API p95 latency breached at 5914.8ms (threshold 800). Caused DATA re-rating for customer CUST-8752. Charge CHG-GEN-99EEC3 of $138.67.
CUST-3734,ACC-3734,KPI-GEN-369F4B,Mediation API p95 latency,2944.9,800,ms,MEDIUM,2026-08-28T02:53:54Z/2026-08-28T03:53:54Z,2026-08-28T03:53:54Z,OSS assurance (PM),Mediation API p95 latency breached at 2944.9ms (threshold 800). Caused DATA re-rating for customer CUST-3734. Charge CHG-GEN-33CEC9 of $30.09.
CUST-2915,ACC-2915,KPI-GEN-DDC75B,Mediation API p95 latency,1211.6,800,ms,MEDIUM,2026-09-08T00:26:00Z/2026-09-08T00:56:00Z,2026-09-08T00:56:00Z,OSS assurance (PM),Mediation API p95 latency breached at 1211.6ms (threshold 800). Correlated with payment failure: EXPIRED_CARD (PF-GEN-673737).
CUST-6483,ACC-6483,KPI-GEN-5DDBCD,Mediation API p95 latency,2952.5,800,ms,MEDIUM,2026-09-08T23:45:00Z/2026-09-09T00:45:00Z,2026-09-09T00:45:00Z,OSS assurance (PM),Mediation API p95 latency breached at 2952.5ms (threshold 800). Correlated with payment failure: CARD_DECLINED (PF-GEN-365175).
CUST-6784,ACC-6784,KPI-GEN-3FC5D2,Billing gateway throughput,1184.4,500,req/s,MEDIUM,2026-09-14T23:35:00Z/2026-09-15T00:05:00Z,2026-09-15T00:05:00Z,OSS assurance (PM),Billing gateway throughput breached at 1184.4req/s (threshold 500). Correlated with payment failure: INSUFFICIENT_FUNDS_REPORTED (PF-GEN-BDFBF3).
CUST-4534,ACC-4534,KPI-GEN-C01446,Billing gateway throughput,3649.1,500,req/s,CRITICAL,2026-08-31T21:47:54Z/2026-08-31T22:47:54Z,2026-08-31T22:47:54Z,OSS assurance (PM),Billing gateway throughput breached at 3649.1req/s (threshold 500). Caused PLAN re-rating for customer CUST-4534. Charge CHG-GEN-914180 of $32.26.
CUST-9446,ACC-9446,KPI-GEN-C936B2,Charging API error rate,6.7,2.0,%,CRITICAL,2026-09-07T06:22:54Z/2026-09-07T06:37:54Z,2026-09-07T06:37:54Z,OSS assurance (PM),Charging API error rate breached at 6.7% (threshold 2.0). Caused DATA re-rating for customer CUST-9446. Charge CHG-GEN-F4EF80 of $42.0.
CUST-2360,ACC-2360,KPI-GEN-3B83F1,Billing gateway throughput,3375.8,500,req/s,HIGH,2026-09-14T04:44:54Z/2026-09-14T04:59:54Z,2026-09-14T04:59:54Z,OSS assurance (PM),Billing gateway throughput breached at 3375.8req/s (threshold 500). Caused PLAN re-rating for customer CUST-2360. Charge CHG-GEN-ACE714 of $33.47.
CUST-6777,ACC-6777,KPI-GEN-EDDF97,Partner API timeout rate,8.7,2.0,%,CRITICAL,2026-09-09T01:50:54Z/2026-09-09T02:20:54Z,2026-09-09T02:20:54Z,OSS assurance (PM),Partner API timeout rate breached at 8.7% (threshold 2.0). Caused ROAMING re-rating for customer CUST-6777. Charge CHG-GEN-CFF222 of $34.35.
CUST-9499,ACC-9499,KPI-GEN-85E1A7,Billing gateway throughput,1598.1,500,req/s,LOW,2026-09-14T13:06:54Z/2026-09-14T14:06:54Z,2026-09-14T14:06:54Z,OSS assurance (PM),Billing gateway throughput breached at 1598.1req/s (threshold 500). Correlated with service disruption: Core routing misconfiguration (SD-GEN-2CB8F9).
CUST-7252,ACC-7252,KPI-GEN-5E387B,Billing gateway throughput,1813.8,500,req/s,LOW,2026-09-05T16:53:54Z/2026-09-05T17:53:54Z,2026-09-05T17:53:54Z,OSS assurance (PM),Billing gateway throughput breached at 1813.8req/s (threshold 500). Correlated with network failure SIGNAL_DEGRADATION at SITE-UAE-DXB-01 (NF-GEN-055BED).
CUST-4377,ACC-4377,KPI-GEN-8922D9,Charging API error rate,3.9,2.0,%,LOW,2026-09-04T17:33:54Z/2026-09-04T18:03:54Z,2026-09-04T18:03:54Z,OSS assurance (PM),Charging API error rate breached at 3.9% (threshold 2.0). Correlated with service disruption: Core routing misconfiguration (SD-GEN-E9D2BE).
CUST-4527,ACC-4527,KPI-GEN-AA5D56,Partner API timeout rate,4.0,2.0,%,MEDIUM,2026-09-12T22:49:00Z/2026-09-12T23:04:00Z,2026-09-12T23:04:00Z,OSS assurance (PM),Partner API timeout rate breached at 4.0% (threshold 2.0). Correlated with payment failure: EXPIRED_CARD (PF-GEN-101881).
CUST-4766,ACC-4766,KPI-GEN-DC5C42,Billing gateway throughput,1533.3,500,req/s,MEDIUM,2026-09-16T06:58:54Z/2026-09-16T07:28:54Z,2026-09-16T07:28:54Z,OSS assurance (PM),Billing gateway throughput breached at 1533.3req/s (threshold 500). Correlated with network failure CELL_OUTAGE at SITE-ES-MAD-009 (NF-GEN-A4C1BE).
CUST-8520,ACC-8520,KPI-GEN-16DE30,Mediation API p95 latency,5619.1,800,ms,LOW,2026-09-01T17:18:54Z/2026-09-01T17:33:54Z,2026-09-01T17:33:54Z,OSS assurance (PM),Mediation API p95 latency breached at 5619.1ms (threshold 800). Caused DATA re-rating for customer CUST-8520. Charge CHG-GEN-E0CF2C of $177.62.
CUST-7704,ACC-7704,KPI-GEN-BBFDD6,Charging API error rate,13.1,2.0,%,MEDIUM,2026-08-29T19:40:54Z/2026-08-29T20:40:54Z,2026-08-29T20:40:54Z,OSS assurance (PM),Charging API error rate breached at 13.1% (threshold 2.0). Caused DATA re-rating for customer CUST-7704. Charge CHG-GEN-F4567B of $59.14.
CUST-9804,ACC-9804,KPI-GEN-F16781,Billing gateway throughput,826.2,500,req/s,MEDIUM,2026-09-01T01:39:54Z/2026-09-01T01:54:54Z,2026-09-01T01:54:54Z,OSS assurance (PM),Billing gateway throughput breached at 826.2req/s (threshold 500). Correlated with network failure CONGESTION at SITE-UAE-DXB-01 (NF-GEN-D57C0D).
CUST-8358,ACC-8358,KPI-GEN-A93C2E,Mediation API p95 latency,3029.2,800,ms,MEDIUM,2026-09-12T20:35:54Z/2026-09-12T20:50:54Z,2026-09-12T20:50:54Z,OSS assurance (PM),Mediation API p95 latency breached at 3029.2ms (threshold 800). Correlated with network failure CELL_OUTAGE at SITE-ES-MAD-009 (NF-GEN-4D1701).
CUST-2533,ACC-2533,KPI-GEN-D54757,Billing gateway throughput,1118.3,500,req/s,MEDIUM,2026-09-03T05:07:54Z/2026-09-03T05:37:54Z,2026-09-03T05:37:54Z,OSS assurance (PM),Billing gateway throughput breached at 1118.3req/s (threshold 500). Correlated with network failure CONGESTION at SITE-ES-MAD-009 (NF-GEN-BBD1E3).
CUST-4002,ACC-4002,KPI-GEN-11B1FD,Charging API error rate,6.2,2.0,%,LOW,2026-09-07T15:35:54Z/2026-09-07T15:50:54Z,2026-09-07T15:50:54Z,OSS assurance (PM),Charging API error rate breached at 6.2% (threshold 2.0). Caused DATA re-rating for customer CUST-4002. Charge CHG-GEN-AA0025 of $47.86.
CUST-9022,ACC-9022,KPI-GEN-7DF5B9,Partner API timeout rate,3.9,2.0,%,LOW,2026-09-09T23:46:54Z/2026-09-10T00:01:54Z,2026-09-10T00:01:54Z,OSS assurance (PM),Partner API timeout rate breached at 3.9% (threshold 2.0). Correlated with service disruption: Regional switch failover incomplete (SD-GEN-2D0AF8).
CUST-4513,ACC-4513,KPI-GEN-0C7467,Mediation API p95 latency,2914.2,800,ms,MEDIUM,2026-09-03T22:14:00Z/2026-09-03T23:14:00Z,2026-09-03T23:14:00Z,OSS assurance (PM),Mediation API p95 latency breached at 2914.2ms (threshold 800). Correlated with payment failure: CARD_DECLINED (PF-GEN-0E6F49).
CUST-7178,ACC-7178,KPI-GEN-042847,Charging API error rate,5.1,2.0,%,LOW,2026-09-15T11:52:54Z/2026-09-15T12:22:54Z,2026-09-15T12:22:54Z,OSS assurance (PM),Charging API error rate breached at 5.1% (threshold 2.0). Correlated with service disruption: Regional switch failover incomplete (SD-GEN-01793E).
CUST-8675,ACC-8675,KPI-GEN-42A2F2,Partner API timeout rate,15.7,2.0,%,LOW,2026-09-01T23:41:54Z/2026-09-01T23:56:54Z,2026-09-01T23:56:54Z,OSS assurance (PM),Partner API timeout rate breached at 15.7% (threshold 2.0). Caused ROAMING re-rating for customer CUST-8675. Charge CHG-GEN-8E6FCB of $130.88.
CUST-7174,ACC-7174,KPI-GEN-FE643C,Charging API error rate,15.8,2.0,%,MEDIUM,2026-09-10T02:49:54Z/2026-09-10T03:19:54Z,2026-09-10T03:19:54Z,OSS assurance (PM),Charging API error rate breached at 15.8% (threshold 2.0). Caused DATA re-rating for customer CUST-7174. Charge CHG-GEN-BA906C of $130.08.
CUST-4035,ACC-4035,KPI-GEN-96886A,Charging API error rate,7.1,2.0,%,MEDIUM,2026-09-13T23:30:00Z/2026-09-14T00:00:00Z,2026-09-14T00:00:00Z,OSS assurance (PM),Charging API error rate breached at 7.1% (threshold 2.0). Correlated with payment failure: ISSUER_TIMEOUT (PF-GEN-5C2D69).
CUST-7185,ACC-7185,KPI-GEN-4A731B,Charging API error rate,4.6,2.0,%,LOW,2026-09-15T22:32:00Z/2026-09-15T22:47:00Z,2026-09-15T22:47:00Z,OSS assurance (PM),Charging API error rate breached at 4.6% (threshold 2.0). Correlated with payment failure: EXPIRED_CARD (PF-GEN-DC2A85).
CUST-2190,ACC-2190,KPI-GEN-ADDA5F,Charging API error rate,4.9,2.0,%,MEDIUM,2026-08-29T22:14:00Z/2026-08-29T22:29:00Z,2026-08-29T22:29:00Z,OSS assurance (PM),Charging API error rate breached at 4.9% (threshold 2.0). Correlated with payment failure: CARD_DECLINED (PF-GEN-4433BA).
CUST-3655,ACC-3655,KPI-GEN-9C1947,Billing gateway throughput,1394.3,500,req/s,LOW,2026-09-07T23:12:00Z/2026-09-07T23:42:00Z,2026-09-07T23:42:00Z,OSS assurance (PM),Billing gateway throughput breached at 1394.3req/s (threshold 500). Correlated with payment failure: EXPIRED_CARD (PF-GEN-707A4E).
CUST-3260,ACC-3260,KPI-GEN-ED60D8,Billing gateway throughput,1039.8,500,req/s,LOW,2026-08-29T21:18:00Z/2026-08-29T22:18:00Z,2026-08-29T22:18:00Z,OSS assurance (PM),Billing gateway throughput breached at 1039.8req/s (threshold 500). Correlated with payment failure: ISSUER_TIMEOUT (PF-GEN-8005A1).
CUST-8851,ACC-8851,KPI-GEN-9D97D1,Partner API timeout rate,8.4,2.0,%,LOW,2026-09-01T03:29:54Z/2026-09-01T03:44:54Z,2026-09-01T03:44:54Z,OSS assurance (PM),Partner API timeout rate breached at 8.4% (threshold 2.0). Caused ROAMING re-rating for customer CUST-8851. Charge CHG-GEN-73E04E of $110.29.
CUST-4802,ACC-4802,KPI-GEN-347A1D,Mediation API p95 latency,2452.3,800,ms,LOW,2026-08-26T21:58:00Z/2026-08-26T22:13:00Z,2026-08-26T22:13:00Z,OSS assurance (PM),Mediation API p95 latency breached at 2452.3ms (threshold 800). Correlated with payment failure: CARD_DECLINED (PF-GEN-1B8DAF).
CUST-3561,ACC-3561,KPI-GEN-D15C16,Billing gateway throughput,3163.5,500,req/s,CRITICAL,2026-09-01T05:34:54Z/2026-09-01T05:49:54Z,2026-09-01T05:49:54Z,OSS assurance (PM),Billing gateway throughput breached at 3163.5req/s (threshold 500). Caused PLAN re-rating for customer CUST-3561. Charge CHG-GEN-FC0856 of $149.67.
CUST-5041,ACC-5041,KPI-GEN-EEC237,Charging API error rate,4.4,2.0,%,LOW,2026-09-05T07:23:54Z/2026-09-05T07:38:54Z,2026-09-05T07:38:54Z,OSS assurance (PM),Charging API error rate breached at 4.4% (threshold 2.0). Correlated with network failure ROAMING_PARTNER_OUTAGE at SITE-UK-LON-014 (NF-GEN-48F4D7).
CUST-2585,ACC-2585,KPI-GEN-E79383,Partner API timeout rate,6.9,2.0,%,MEDIUM,2026-09-12T21:30:00Z/2026-09-12T22:30:00Z,2026-09-12T22:30:00Z,OSS assurance (PM),Partner API timeout rate breached at 6.9% (threshold 2.0). Correlated with payment failure: ISSUER_TIMEOUT (PF-GEN-6A53B7).
CUST-8984,ACC-8984,KPI-GEN-1027FB,Charging API error rate,3.8,2.0,%,LOW,2026-09-16T00:45:00Z/2026-09-16T01:15:00Z,2026-09-16T01:15:00Z,OSS assurance (PM),Charging API error rate breached at 3.8% (threshold 2.0). Correlated with payment failure: CARD_DECLINED (PF-GEN-9DAAFB).
CUST-5035,ACC-5035,KPI-GEN-D74A7A,Billing gateway throughput,3343.7,500,req/s,MEDIUM,2026-09-09T07:11:54Z/2026-09-09T07:41:54Z,2026-09-09T07:41:54Z,OSS assurance (PM),Billing gateway throughput breached at 3343.7req/s (threshold 500). Caused PLAN re-rating for customer CUST-5035. Charge CHG-GEN-B2952E of $57.81.
CUST-8716,ACC-8716,KPI-GEN-00E98A,Billing gateway throughput,926.2,500,req/s,MEDIUM,2026-09-10T00:18:00Z/2026-09-10T01:18:00Z,2026-09-10T01:18:00Z,OSS assurance (PM),Billing gateway throughput breached at 926.2req/s (threshold 500). Correlated with payment failure: EXPIRED_CARD (PF-GEN-E24D7F).
CUST-6681,ACC-6681,KPI-GEN-9EC301,Billing gateway throughput,1116.0,500,req/s,MEDIUM,2026-09-07T06:16:54Z/2026-09-07T06:46:54Z,2026-09-07T06:46:54Z,OSS assurance (PM),Billing gateway throughput breached at 1116.0req/s (threshold 500). Correlated with service disruption: Scheduled maintenance overran (SD-GEN-76EC5C).
CUST-3553,ACC-3553,KPI-GEN-490A9C,Charging API error rate,7.5,2.0,%,MEDIUM,2026-08-28T22:18:00Z/2026-08-28T23:18:00Z,2026-08-28T23:18:00Z,OSS assurance (PM),Charging API error rate breached at 7.5% (threshold 2.0). Correlated with payment failure: ISSUER_TIMEOUT (PF-GEN-770C2E).
CUST-5069,ACC-5069,KPI-GEN-D83A1B,Mediation API p95 latency,1573.1,800,ms,LOW,2026-09-12T13:00:54Z/2026-09-12T14:00:54Z,2026-09-12T14:00:54Z,OSS assurance (PM),Mediation API p95 latency breached at 1573.1ms (threshold 800). Correlated with service disruption: Regional switch failover incomplete (SD-GEN-6E198C).
CUST-4099,ACC-4099,KPI-GEN-88357B,Charging API error rate,6.0,2.0,%,MEDIUM,2026-09-13T16:23:54Z/2026-09-13T16:38:54Z,2026-09-13T16:38:54Z,OSS assurance (PM),Charging API error rate breached at 6.0% (threshold 2.0). Correlated with service disruption: Regional switch failover incomplete (SD-GEN-3A7EB9).
CUST-7957,ACC-7957,KPI-GEN-438A54,Charging API error rate,12.3,2.0,%,HIGH,2026-08-28T00:03:54Z/2026-08-28T00:18:54Z,2026-08-28T00:18:54Z,OSS assurance (PM),Charging API error rate breached at 12.3% (threshold 2.0). Caused DATA re-rating for customer CUST-7957. Charge CHG-GEN-5AEA6F of $123.67.
CUST-3217,ACC-3217,KPI-GEN-135FD3,Billing gateway throughput,775.1,500,req/s,MEDIUM,2026-09-08T07:12:54Z/2026-09-08T07:27:54Z,2026-09-08T07:27:54Z,OSS assurance (PM),Billing gateway throughput breached at 775.1req/s (threshold 500). Correlated with network failure ROAMING_PARTNER_OUTAGE at SITE-DE-BER-002 (NF-GEN-4DD826).
CUST-8888,ACC-8888,KPI-GEN-1458C7,Partner API timeout rate,5.0,2.0,%,MEDIUM,2026-09-04T11:19:54Z/2026-09-04T12:19:54Z,2026-09-04T12:19:54Z,OSS assurance (PM),Partner API timeout rate breached at 5.0% (threshold 2.0). Correlated with service disruption: Fiber cut — third-party contractor (SD-GEN-DFD3FB).
CUST-4909,ACC-4909,KPI-GEN-AF925A,Partner API timeout rate,3.4,2.0,%,LOW,2026-09-16T04:47:54Z/2026-09-16T05:02:54Z,2026-09-16T05:02:54Z,OSS assurance (PM),Partner API timeout rate breached at 3.4% (threshold 2.0). Correlated with service disruption: Core routing misconfiguration (SD-GEN-6DE8DB).
CUST-2532,ACC-2532,KPI-GEN-6065BB,Partner API timeout rate,13.1,2.0,%,MEDIUM,2026-09-08T04:10:54Z/2026-09-08T04:40:54Z,2026-09-08T04:40:54Z,OSS assurance (PM),Partner API timeout rate breached at 13.1% (threshold 2.0). Caused ROAMING re-rating for customer CUST-2532. Charge CHG-GEN-71AB19 of $84.33.
CUST-4719,ACC-4719,KPI-GEN-CA1C96,Mediation API p95 latency,2882.1,800,ms,MEDIUM,2026-09-09T02:38:54Z/2026-09-09T03:08:54Z,2026-09-09T03:08:54Z,OSS assurance (PM),Mediation API p95 latency breached at 2882.1ms (threshold 800). Correlated with network failure ROAMING_PARTNER_OUTAGE at SITE-ES-MAD-009 (NF-GEN-66800F).
CUST-2712,ACC-2712,KPI-GEN-CC98A5,Partner API timeout rate,5.3,2.0,%,HIGH,2026-09-08T02:04:54Z/2026-09-08T03:04:54Z,2026-09-08T03:04:54Z,OSS assurance (PM),Partner API timeout rate breached at 5.3% (threshold 2.0). Caused ROAMING re-rating for customer CUST-2712. Charge CHG-GEN-5A603C of $90.06.
CUST-2968,ACC-2968,KPI-GEN-6286B8,Mediation API p95 latency,1975.1,800,ms,LOW,2026-09-01T17:36:54Z/2026-09-01T18:06:54Z,2026-09-01T18:06:54Z,OSS assurance (PM),Mediation API p95 latency breached at 1975.1ms (threshold 800). Correlated with network failure ROAMING_PARTNER_OUTAGE at SITE-FR-PAR-021 (NF-GEN-EB66A4).
CUST-6351,ACC-6351,KPI-GEN-468B10,Mediation API p95 latency,3123.0,800,ms,LOW,2026-09-13T23:12:54Z/2026-09-14T00:12:54Z,2026-09-14T00:12:54Z,OSS assurance (PM),Mediation API p95 latency breached at 3123.0ms (threshold 800). Caused DATA re-rating for customer CUST-6351. Charge CHG-GEN-650AE3 of $76.0.
CUST-3544,ACC-3544,KPI-GEN-7BB59C,Charging API error rate,5.6,2.0,%,LOW,2026-09-05T00:04:00Z/2026-09-05T00:19:00Z,2026-09-05T00:19:00Z,OSS assurance (PM),Charging API error rate breached at 5.6% (threshold 2.0). Correlated with payment failure: EXPIRED_CARD (PF-GEN-66D01E).
CUST-2896,ACC-2896,KPI-GEN-BA098B,Billing gateway throughput,1540.2,500,req/s,MEDIUM,2026-08-28T00:30:00Z/2026-08-28T00:45:00Z,2026-08-28T00:45:00Z,OSS assurance (PM),Billing gateway throughput breached at 1540.2req/s (threshold 500). Correlated with payment failure: INSUFFICIENT_FUNDS_REPORTED (PF-GEN-945D35).
CUST-3382,ACC-3382,KPI-GEN-CC80A9,Partner API timeout rate,6.0,2.0,%,LOW,2026-09-14T02:09:54Z/2026-09-14T03:09:54Z,2026-09-14T03:09:54Z,OSS assurance (PM),Partner API timeout rate breached at 6.0% (threshold 2.0). Correlated with service disruption: Regional switch failover incomplete (SD-GEN-EDC1E3).
CUST-5823,ACC-5823,KPI-GEN-B94D30,Billing gateway throughput,1516.1,500,req/s,MEDIUM,2026-09-02T22:43:00Z/2026-09-02T23:13:00Z,2026-09-02T23:13:00Z,OSS assurance (PM),Billing gateway throughput breached at 1516.1req/s (threshold 500). Correlated with payment failure: ISSUER_TIMEOUT (PF-GEN-143377).
CUST-7309,ACC-7309,KPI-GEN-8CD689,Billing gateway throughput,1267.3,500,req/s,LOW,2026-09-09T14:01:54Z/2026-09-09T14:31:54Z,2026-09-09T14:31:54Z,OSS assurance (PM),Billing gateway throughput breached at 1267.3req/s (threshold 500). Correlated with service disruption: Regional switch failover incomplete (SD-GEN-C68471).
CUST-8258,ACC-8258,KPI-GEN-B457F2,Billing gateway throughput,1417.1,500,req/s,MEDIUM,2026-08-26T23:08:00Z/2026-08-27T00:08:00Z,2026-08-27T00:08:00Z,OSS assurance (PM),Billing gateway throughput breached at 1417.1req/s (threshold 500). Correlated with payment failure: CARD_DECLINED (PF-GEN-E1B2FD).
CUST-4914,ACC-4914,KPI-GEN-100658,Partner API timeout rate,6.8,2.0,%,LOW,2026-09-12T01:17:00Z/2026-09-12T01:47:00Z,2026-09-12T01:47:00Z,OSS assurance (PM),Partner API timeout rate breached at 6.8% (threshold 2.0). Correlated with payment failure: ISSUER_TIMEOUT (PF-GEN-E19A50).
CUST-8816,ACC-8816,KPI-GEN-6D139B,Billing gateway throughput,816.3,500,req/s,MEDIUM,2026-09-11T00:38:00Z/2026-09-11T01:08:00Z,2026-09-11T01:08:00Z,OSS assurance (PM),Billing gateway throughput breached at 816.3req/s (threshold 500). Correlated with payment failure: CARD_DECLINED (PF-GEN-F2E971).
CUST-5058,ACC-5058,KPI-GEN-8417FD,Charging API error rate,7.0,2.0,%,LOW,2026-09-01T10:06:54Z/2026-09-01T10:36:54Z,2026-09-01T10:36:54Z,OSS assurance (PM),Charging API error rate breached at 7.0% (threshold 2.0). Correlated with service disruption: Scheduled maintenance overran (SD-GEN-1E9F46).
CUST-5395,ACC-5395,KPI-GEN-428696,Billing gateway throughput,1718.4,500,req/s,LOW,2026-08-30T21:58:00Z/2026-08-30T22:58:00Z,2026-08-30T22:58:00Z,OSS assurance (PM),Billing gateway throughput breached at 1718.4req/s (threshold 500). Correlated with payment failure: CARD_DECLINED (PF-GEN-348255).
CUST-6824,ACC-6824,KPI-GEN-94F396,Partner API timeout rate,3.8,2.0,%,LOW,2026-08-28T18:03:54Z/2026-08-28T19:03:54Z,2026-08-28T19:03:54Z,OSS assurance (PM),Partner API timeout rate breached at 3.8% (threshold 2.0). Correlated with network failure CONGESTION at SITE-ES-MAD-009 (NF-GEN-000B1E).
CUST-6810,ACC-6810,KPI-GEN-30AB25,Charging API error rate,5.7,2.0,%,MEDIUM,2026-08-29T15:16:54Z/2026-08-29T15:46:54Z,2026-08-29T15:46:54Z,OSS assurance (PM),Charging API error rate breached at 5.7% (threshold 2.0). Correlated with network failure CONGESTION at SITE-UAE-DXB-01 (NF-GEN-1429B9).
CUST-7124,ACC-7124,KPI-GEN-EFF738,Mediation API p95 latency,1257.9,800,ms,MEDIUM,2026-08-29T12:27:54Z/2026-08-29T12:57:54Z,2026-08-29T12:57:54Z,OSS assurance (PM),Mediation API p95 latency breached at 1257.9ms (threshold 800). Correlated with service disruption: Core routing misconfiguration (SD-GEN-39E960).
CUST-3851,ACC-3851,KPI-GEN-146A4D,Mediation API p95 latency,3048.7,800,ms,MEDIUM,2026-09-06T16:39:54Z/2026-09-06T17:09:54Z,2026-09-06T17:09:54Z,OSS assurance (PM),Mediation API p95 latency breached at 3048.7ms (threshold 800). Caused DATA re-rating for customer CUST-3851. Charge CHG-GEN-8F2589 of $78.54.
CUST-5380,ACC-5380,KPI-GEN-9C1811,Billing gateway throughput,1125.9,500,req/s,LOW,2026-09-16T00:12:00Z/2026-09-16T00:42:00Z,2026-09-16T00:42:00Z,OSS assurance (PM),Billing gateway throughput breached at 1125.9req/s (threshold 500). Correlated with payment failure: CARD_DECLINED (PF-GEN-B8A3BB).
CUST-9579,ACC-9579,KPI-GEN-4A4FFB,Mediation API p95 latency,2559.9,800,ms,MEDIUM,2026-09-05T21:53:00Z/2026-09-05T22:23:00Z,2026-09-05T22:23:00Z,OSS assurance (PM),Mediation API p95 latency breached at 2559.9ms (threshold 800). Correlated with payment failure: CARD_DECLINED (PF-GEN-C3F5CE).
CUST-4319,ACC-4319,KPI-GEN-29F009,Billing gateway throughput,1577.7,500,req/s,LOW,2026-08-31T19:32:54Z/2026-08-31T20:02:54Z,2026-08-31T20:02:54Z,OSS assurance (PM),Billing gateway throughput breached at 1577.7req/s (threshold 500). Correlated with service disruption: Scheduled maintenance overran (SD-GEN-E0822D).
CUST-2585,ACC-2585,KPI-GEN-CC99D4,Mediation API p95 latency,1801.6,800,ms,MEDIUM,2026-09-02T01:24:00Z/2026-09-02T01:39:00Z,2026-09-02T01:39:00Z,OSS assurance (PM),Mediation API p95 latency breached at 1801.6ms (threshold 800). Correlated with payment failure: EXPIRED_CARD (PF-GEN-0E0652).
CUST-2919,ACC-2919,KPI-GEN-E40B97,Partner API timeout rate,5.7,2.0,%,MEDIUM,2026-08-28T09:18:54Z/2026-08-28T09:48:54Z,2026-08-28T09:48:54Z,OSS assurance (PM),Partner API timeout rate breached at 5.7% (threshold 2.0). Correlated with service disruption: Scheduled maintenance overran (SD-GEN-D56AB1).
CUST-3329,ACC-3329,KPI-GEN-18ADC6,Billing gateway throughput,1891.7,500,req/s,MEDIUM,2026-09-13T00:27:54Z/2026-09-13T01:27:54Z,2026-09-13T01:27:54Z,OSS assurance (PM),Billing gateway throughput breached at 1891.7req/s (threshold 500). Correlated with service disruption: Core routing misconfiguration (SD-GEN-125531).
CUST-5059,ACC-5059,KPI-GEN-57FED7,Charging API error rate,5.9,2.0,%,LOW,2026-09-14T10:33:54Z/2026-09-14T11:03:54Z,2026-09-14T11:03:54Z,OSS assurance (PM),Charging API error rate breached at 5.9% (threshold 2.0). Correlated with service disruption: Core routing misconfiguration (SD-GEN-1F9CFE).
CUST-3716,ACC-3716,KPI-GEN-F34CAA,Billing gateway throughput,1145.5,500,req/s,LOW,2026-08-31T21:59:00Z/2026-08-31T22:29:00Z,2026-08-31T22:29:00Z,OSS assurance (PM),Billing gateway throughput breached at 1145.5req/s (threshold 500). Correlated with payment failure: EXPIRED_CARD (PF-GEN-BC1DFA).
CUST-9455,ACC-9455,KPI-GEN-380F06,Billing gateway throughput,1902.0,500,req/s,LOW,2026-09-01T00:41:00Z/2026-09-01T01:41:00Z,2026-09-01T01:41:00Z,OSS assurance (PM),Billing gateway throughput breached at 1902.0req/s (threshold 500). Correlated with payment failure: ISSUER_TIMEOUT (PF-GEN-FB8E37).
CUST-5091,ACC-5091,KPI-GEN-252F28,Charging API error rate,3.7,2.0,%,LOW,2026-09-16T01:16:00Z/2026-09-16T01:31:00Z,2026-09-16T01:31:00Z,OSS assurance (PM),Charging API error rate breached at 3.7% (threshold 2.0). Correlated with payment failure: ISSUER_TIMEOUT (PF-GEN-430E63).
CUST-8044,ACC-8044,KPI-GEN-1D1846,Billing gateway throughput,1482.0,500,req/s,MEDIUM,2026-09-08T23:30:00Z/2026-09-08T23:45:00Z,2026-09-08T23:45:00Z,OSS assurance (PM),Billing gateway throughput breached at 1482.0req/s (threshold 500). Correlated with payment failure: EXPIRED_CARD (PF-GEN-3D62FF).
CUST-6472,ACC-6472,KPI-GEN-2B8DA2,Partner API timeout rate,5.7,2.0,%,LOW,2026-09-08T17:51:54Z/2026-09-08T18:06:54Z,2026-09-08T18:06:54Z,OSS assurance (PM),Partner API timeout rate breached at 5.7% (threshold 2.0). Caused ROAMING re-rating for customer CUST-6472. Charge CHG-GEN-69C0CE of $94.75.
CUST-4330,ACC-4330,KPI-GEN-F61B1C,Partner API timeout rate,14.8,2.0,%,CRITICAL,2026-09-08T06:36:54Z/2026-09-08T07:36:54Z,2026-09-08T07:36:54Z,OSS assurance (PM),Partner API timeout rate breached at 14.8% (threshold 2.0). Caused ROAMING re-rating for customer CUST-4330. Charge CHG-GEN-966D53 of $154.13.
CUST-5569,ACC-5569,KPI-GEN-695762,Charging API error rate,4.7,2.0,%,MEDIUM,2026-09-07T00:59:00Z/2026-09-07T01:14:00Z,2026-09-07T01:14:00Z,OSS assurance (PM),Charging API error rate breached at 4.7% (threshold 2.0). Correlated with payment failure: INSUFFICIENT_FUNDS_REPORTED (PF-GEN-01496E).
CUST-7228,ACC-7228,KPI-GEN-FACE2C,Charging API error rate,4.5,2.0,%,MEDIUM,2026-08-31T09:20:54Z/2026-08-31T09:50:54Z,2026-08-31T09:50:54Z,OSS assurance (PM),Charging API error rate breached at 4.5% (threshold 2.0). Correlated with service disruption: Regional switch failover incomplete (SD-GEN-E3CD2B).
CUST-5831,ACC-5831,KPI-GEN-72C8C9,Billing gateway throughput,1153.5,500,req/s,MEDIUM,2026-08-29T09:16:54Z/2026-08-29T10:16:54Z,2026-08-29T10:16:54Z,OSS assurance (PM),Billing gateway throughput breached at 1153.5req/s (threshold 500). Correlated with service disruption: Scheduled maintenance overran (SD-GEN-6FA626).
CUST-9851,ACC-9851,KPI-GEN-72AFD9,Billing gateway throughput,1775.9,500,req/s,MEDIUM,2026-09-05T09:21:54Z/2026-09-05T10:21:54Z,2026-09-05T10:21:54Z,OSS assurance (PM),Billing gateway throughput breached at 1775.9req/s (threshold 500). Correlated with service disruption: Fiber cut — third-party contractor (SD-GEN-4BC4C8).
CUST-2229,ACC-2229,KPI-GEN-D98E57,Mediation API p95 latency,2599.0,800,ms,CRITICAL,2026-09-01T08:42:54Z/2026-09-01T08:57:54Z,2026-09-01T08:57:54Z,OSS assurance (PM),Mediation API p95 latency breached at 2599.0ms (threshold 800). Caused DATA re-rating for customer CUST-2229. Charge CHG-GEN-8A1846 of $162.77.
CUST-7382,ACC-7382,KPI-GEN-D2FDD0,Partner API timeout rate,4.5,2.0,%,MEDIUM,2026-09-12T11:46:54Z/2026-09-12T12:01:54Z,2026-09-12T12:01:54Z,OSS assurance (PM),Partner API timeout rate breached at 4.5% (threshold 2.0). Correlated with network failure SIGNAL_DEGRADATION at SITE-UK-LON-014 (NF-GEN-98EED7).
CUST-2176,ACC-2176,KPI-GEN-BAF6CE,Charging API error rate,5.3,2.0,%,MEDIUM,2026-08-26T23:51:00Z/2026-08-27T00:21:00Z,2026-08-27T00:21:00Z,OSS assurance (PM),Charging API error rate breached at 5.3% (threshold 2.0). Correlated with payment failure: CARD_DECLINED (PF-GEN-97016A).
CUST-6268,ACC-6268,KPI-GEN-95F52B,Billing gateway throughput,975.6,500,req/s,MEDIUM,2026-08-29T05:53:54Z/2026-08-29T06:08:54Z,2026-08-29T06:08:54Z,OSS assurance (PM),Billing gateway throughput breached at 975.6req/s (threshold 500). Correlated with network failure CELL_OUTAGE at SITE-FR-PAR-021 (NF-GEN-24DAB8).
CUST-8762,ACC-8762,KPI-GEN-E7464A,Charging API error rate,9.4,2.0,%,CRITICAL,2026-09-06T14:09:54Z/2026-09-06T15:09:54Z,2026-09-06T15:09:54Z,OSS assurance (PM),Charging API error rate breached at 9.4% (threshold 2.0). Caused DATA re-rating for customer CUST-8762. Charge CHG-GEN-DC49D7 of $179.09.
CUST-7607,ACC-7607,KPI-GEN-49E91B,Partner API timeout rate,3.1,2.0,%,LOW,2026-09-04T08:12:54Z/2026-09-04T09:12:54Z,2026-09-04T09:12:54Z,OSS assurance (PM),Partner API timeout rate breached at 3.1% (threshold 2.0). Correlated with network failure CONGESTION at SITE-ES-MAD-009 (NF-GEN-B8330E).
CUST-9042,ACC-9042,KPI-GEN-A00EA1,Charging API error rate,5.0,2.0,%,MEDIUM,2026-09-02T15:45:54Z/2026-09-02T16:00:54Z,2026-09-02T16:00:54Z,OSS assurance (PM),Charging API error rate breached at 5.0% (threshold 2.0). Correlated with service disruption: Fiber cut — third-party contractor (SD-GEN-0912EC).
CUST-6144,ACC-6144,KPI-GEN-678D96,Mediation API p95 latency,2691.9,800,ms,MEDIUM,2026-09-11T16:24:54Z/2026-09-11T16:39:54Z,2026-09-11T16:39:54Z,OSS assurance (PM),Mediation API p95 latency breached at 2691.9ms (threshold 800). Caused DATA re-rating for customer CUST-6144. Charge CHG-GEN-B34ACE of $56.54.
CUST-6257,ACC-6257,KPI-GEN-C4B0D2,Mediation API p95 latency,2123.6,800,ms,LOW,2026-09-16T16:23:54Z/2026-09-16T17:23:54Z,2026-09-16T17:23:54Z,OSS assurance (PM),Mediation API p95 latency breached at 2123.6ms (threshold 800). Correlated with network failure SIGNAL_DEGRADATION at SITE-FR-PAR-021 (NF-GEN-2A5F56).
CUST-6575,ACC-6575,KPI-GEN-EE2B6A,Billing gateway throughput,2451.9,500,req/s,LOW,2026-09-05T08:57:54Z/2026-09-05T09:57:54Z,2026-09-05T09:57:54Z,OSS assurance (PM),Billing gateway throughput breached at 2451.9req/s (threshold 500). Caused PLAN re-rating for customer CUST-6575. Charge CHG-GEN-6A8A1C of $129.13.
CUST-9324,ACC-9324,KPI-GEN-C8D4BE,Partner API timeout rate,4.5,2.0,%,MEDIUM,2026-09-05T03:25:54Z/2026-09-05T03:55:54Z,2026-09-05T03:55:54Z,OSS assurance (PM),Partner API timeout rate breached at 4.5% (threshold 2.0). Correlated with service disruption: Regional switch failover incomplete (SD-GEN-DA6BEB).
CUST-8074,ACC-8074,KPI-GEN-4BBF17,Billing gateway throughput,1782.5,500,req/s,MEDIUM,2026-08-28T13:40:54Z/2026-08-28T13:55:54Z,2026-08-28T13:55:54Z,OSS assurance (PM),Billing gateway throughput breached at 1782.5req/s (threshold 500). Correlated with service disruption: Scheduled maintenance overran (SD-GEN-88C8E0).
CUST-9402,ACC-9402,KPI-GEN-AA9F90,Billing gateway throughput,1414.0,500,req/s,MEDIUM,2026-09-15T22:12:00Z/2026-09-15T23:12:00Z,2026-09-15T23:12:00Z,OSS assurance (PM),Billing gateway throughput breached at 1414.0req/s (threshold 500). Correlated with payment failure: ISSUER_TIMEOUT (PF-GEN-DE3732).
CUST-7449,ACC-7449,KPI-GEN-508367,Charging API error rate,7.9,2.0,%,MEDIUM,2026-09-03T01:26:00Z/2026-09-03T01:41:00Z,2026-09-03T01:41:00Z,OSS assurance (PM),Charging API error rate breached at 7.9% (threshold 2.0). Correlated with payment failure: CARD_DECLINED (PF-GEN-8D6AF0).
CUST-9617,ACC-9617,KPI-GEN-E6CC63,Billing gateway throughput,1350.5,500,req/s,LOW,2026-09-07T16:01:54Z/2026-09-07T17:01:54Z,2026-09-07T17:01:54Z,OSS assurance (PM),Billing gateway throughput breached at 1350.5req/s (threshold 500). Correlated with network failure CONGESTION at SITE-DE-BER-002 (NF-GEN-09A2C0).
CUST-8085,ACC-8085,KPI-GEN-515C53,Charging API error rate,7.1,2.0,%,MEDIUM,2026-09-14T19:32:54Z/2026-09-14T19:47:54Z,2026-09-14T19:47:54Z,OSS assurance (PM),Charging API error rate breached at 7.1% (threshold 2.0). Caused DATA re-rating for customer CUST-8085. Charge CHG-GEN-30F262 of $87.11.
CUST-7233,ACC-7233,KPI-GEN-BD1E93,Billing gateway throughput,3176.5,500,req/s,LOW,2026-09-12T08:55:54Z/2026-09-12T09:55:54Z,2026-09-12T09:55:54Z,OSS assurance (PM),Billing gateway throughput breached at 3176.5req/s (threshold 500). Caused PLAN re-rating for customer CUST-7233. Charge CHG-GEN-897212 of $145.23.
CUST-3122,ACC-3122,KPI-GEN-778F5D,Mediation API p95 latency,1664.6,800,ms,MEDIUM,2026-09-12T22:10:54Z/2026-09-12T22:40:54Z,2026-09-12T22:40:54Z,OSS assurance (PM),Mediation API p95 latency breached at 1664.6ms (threshold 800). Correlated with network failure CONGESTION at SITE-UAE-DXB-01 (NF-GEN-912CCA).
CUST-9361,ACC-9361,KPI-GEN-B50B2B,Billing gateway throughput,1103.5,500,req/s,MEDIUM,2026-09-05T03:44:54Z/2026-09-05T04:14:54Z,2026-09-05T04:14:54Z,OSS assurance (PM),Billing gateway throughput breached at 1103.5req/s (threshold 500). Correlated with service disruption: Core routing misconfiguration (SD-GEN-C29447).
CUST-2480,ACC-2480,KPI-GEN-FF7720,Charging API error rate,4.3,2.0,%,LOW,2026-08-28T00:43:00Z/2026-08-28T00:58:00Z,2026-08-28T00:58:00Z,OSS assurance (PM),Charging API error rate breached at 4.3% (threshold 2.0). Correlated with payment failure: INSUFFICIENT_FUNDS_REPORTED (PF-GEN-6E2E67).
CUST-9312,ACC-9312,KPI-GEN-BC1488,Partner API timeout rate,5.6,2.0,%,MEDIUM,2026-08-31T07:36:54Z/2026-08-31T08:06:54Z,2026-08-31T08:06:54Z,OSS assurance (PM),Partner API timeout rate breached at 5.6% (threshold 2.0). Correlated with network failure SIGNAL_DEGRADATION at SITE-FR-PAR-021 (NF-GEN-E05BC0).
CUST-4915,ACC-4915,KPI-GEN-D6DA81,Partner API timeout rate,4.6,2.0,%,MEDIUM,2026-09-07T13:27:54Z/2026-09-07T13:42:54Z,2026-09-07T13:42:54Z,OSS assurance (PM),Partner API timeout rate breached at 4.6% (threshold 2.0). Correlated with network failure ROAMING_PARTNER_OUTAGE at SITE-UAE-DXB-01 (NF-GEN-859D4F).
CUST-7979,ACC-7979,KPI-GEN-D6314F,Billing gateway throughput,3634.8,500,req/s,LOW,2026-08-31T14:22:54Z/2026-08-31T14:37:54Z,2026-08-31T14:37:54Z,OSS assurance (PM),Billing gateway throughput breached at 3634.8req/s (threshold 500). Caused PLAN re-rating for customer CUST-7979. Charge CHG-GEN-F12F13 of $69.4.
CUST-3144,ACC-3144,KPI-GEN-D469C0,Partner API timeout rate,3.4,2.0,%,MEDIUM,2026-08-28T16:17:54Z/2026-08-28T16:47:54Z,2026-08-28T16:47:54Z,OSS assurance (PM),Partner API timeout rate breached at 3.4% (threshold 2.0). Correlated with service disruption: Scheduled maintenance overran (SD-GEN-72E123).
CUST-5607,ACC-5607,KPI-GEN-3A4887,Billing gateway throughput,1205.9,500,req/s,LOW,2026-09-15T18:17:54Z/2026-09-15T18:47:54Z,2026-09-15T18:47:54Z,OSS assurance (PM),Billing gateway throughput breached at 1205.9req/s (threshold 500). Correlated with service disruption: Core routing misconfiguration (SD-GEN-8BA753).
CUST-5105,ACC-5105,KPI-GEN-F68F1C,Partner API timeout rate,12.8,2.0,%,LOW,2026-08-31T20:24:54Z/2026-08-31T20:54:54Z,2026-08-31T20:54:54Z,OSS assurance (PM),Partner API timeout rate breached at 12.8% (threshold 2.0). Caused ROAMING re-rating for customer CUST-5105. Charge CHG-GEN-EAE8E4 of $72.31.
CUST-3623,ACC-3623,KPI-GEN-8D6411,Billing gateway throughput,2668.7,500,req/s,HIGH,2026-09-03T23:41:54Z/2026-09-04T00:11:54Z,2026-09-04T00:11:54Z,OSS assurance (PM),Billing gateway throughput breached at 2668.7req/s (threshold 500). Caused PLAN re-rating for customer CUST-3623. Charge CHG-GEN-A42162 of $54.35.
CUST-6406,ACC-6406,KPI-GEN-18F22C,Partner API timeout rate,11.8,2.0,%,HIGH,2026-09-01T22:24:54Z/2026-09-01T22:54:54Z,2026-09-01T22:54:54Z,OSS assurance (PM),Partner API timeout rate breached at 11.8% (threshold 2.0). Caused ROAMING re-rating for customer CUST-6406. Charge CHG-GEN-77C049 of $127.62.
CUST-9128,ACC-9128,KPI-GEN-838BEB,Charging API error rate,6.1,2.0,%,LOW,2026-08-31T02:22:54Z/2026-08-31T03:22:54Z,2026-08-31T03:22:54Z,OSS assurance (PM),Charging API error rate breached at 6.1% (threshold 2.0). Correlated with network failure ROAMING_PARTNER_OUTAGE at SITE-UAE-DXB-01 (NF-GEN-9D2CF9).
CUST-7570,ACC-7570,KPI-GEN-B17287,Mediation API p95 latency,2288.5,800,ms,MEDIUM,2026-09-07T18:12:54Z/2026-09-07T18:27:54Z,2026-09-07T18:27:54Z,OSS assurance (PM),Mediation API p95 latency breached at 2288.5ms (threshold 800). Caused DATA re-rating for customer CUST-7570. Charge CHG-GEN-30159E of $118.68.
CUST-5757,ACC-5757,KPI-GEN-8BB305,Mediation API p95 latency,2037.4,800,ms,HIGH,2026-09-10T23:22:54Z/2026-09-10T23:52:54Z,2026-09-10T23:52:54Z,OSS assurance (PM),Mediation API p95 latency breached at 2037.4ms (threshold 800). Caused DATA re-rating for customer CUST-5757. Charge CHG-GEN-949728 of $41.41.
CUST-5722,ACC-5722,KPI-GEN-B770CD,Partner API timeout rate,5.7,2.0,%,MEDIUM,2026-08-29T15:43:54Z/2026-08-29T16:13:54Z,2026-08-29T16:13:54Z,OSS assurance (PM),Partner API timeout rate breached at 5.7% (threshold 2.0). Correlated with service disruption: Fiber cut — third-party contractor (SD-GEN-58F6FA).
CUST-2709,ACC-2709,KPI-GEN-856E0C,Partner API timeout rate,3.4,2.0,%,LOW,2026-08-28T22:21:00Z/2026-08-28T23:21:00Z,2026-08-28T23:21:00Z,OSS assurance (PM),Partner API timeout rate breached at 3.4% (threshold 2.0). Correlated with payment failure: INSUFFICIENT_FUNDS_REPORTED (PF-GEN-BFE476).
CUST-5485,ACC-5485,KPI-GEN-A0753E,Mediation API p95 latency,2201.8,800,ms,LOW,2026-08-28T00:33:00Z/2026-08-28T01:03:00Z,2026-08-28T01:03:00Z,OSS assurance (PM),Mediation API p95 latency breached at 2201.8ms (threshold 800). Correlated with payment failure: EXPIRED_CARD (PF-GEN-2EA3F0).
CUST-7635,ACC-7635,KPI-GEN-28DD4B,Billing gateway throughput,1444.4,500,req/s,MEDIUM,2026-09-07T16:03:54Z/2026-09-07T16:18:54Z,2026-09-07T16:18:54Z,OSS assurance (PM),Billing gateway throughput breached at 1444.4req/s (threshold 500). Caused PLAN re-rating for customer CUST-7635. Charge CHG-GEN-4D144B of $144.65.
CUST-3519,ACC-3519,KPI-GEN-726BB2,Partner API timeout rate,7.6,2.0,%,MEDIUM,2026-09-15T00:56:00Z/2026-09-15T01:11:00Z,2026-09-15T01:11:00Z,OSS assurance (PM),Partner API timeout rate breached at 7.6% (threshold 2.0). Correlated with payment failure: EXPIRED_CARD (PF-GEN-57EE67).
CUST-7462,ACC-7462,KPI-GEN-02A798,Partner API timeout rate,6.1,2.0,%,MEDIUM,2026-09-09T09:00:54Z/2026-09-09T09:15:54Z,2026-09-09T09:15:54Z,OSS assurance (PM),Partner API timeout rate breached at 6.1% (threshold 2.0). Correlated with network failure ROAMING_PARTNER_OUTAGE at SITE-UK-LON-014 (NF-GEN-DA10E0).
CUST-4858,ACC-4858,KPI-GEN-4463D9,Charging API error rate,7.3,2.0,%,CRITICAL,2026-08-31T20:45:54Z/2026-08-31T21:45:54Z,2026-08-31T21:45:54Z,OSS assurance (PM),Charging API error rate breached at 7.3% (threshold 2.0). Caused DATA re-rating for customer CUST-4858. Charge CHG-GEN-AF7A94 of $139.98.
CUST-2094,ACC-2094,KPI-GEN-0ABE52,Mediation API p95 latency,1483.7,800,ms,LOW,2026-09-13T23:42:00Z/2026-09-14T00:42:00Z,2026-09-14T00:42:00Z,OSS assurance (PM),Mediation API p95 latency breached at 1483.7ms (threshold 800). Correlated with payment failure: INSUFFICIENT_FUNDS_REPORTED (PF-GEN-DE4628).
CUST-4984,ACC-4984,KPI-GEN-43E8C7,Mediation API p95 latency,2249.8,800,ms,LOW,2026-09-10T03:28:54Z/2026-09-10T03:43:54Z,2026-09-10T03:43:54Z,OSS assurance (PM),Mediation API p95 latency breached at 2249.8ms (threshold 800). Correlated with network failure CONGESTION at SITE-UK-LON-014 (NF-GEN-9B94D0).
CUST-8152,ACC-8152,KPI-GEN-201CD6,Billing gateway throughput,759.3,500,req/s,MEDIUM,2026-09-06T21:19:54Z/2026-09-06T22:19:54Z,2026-09-06T22:19:54Z,OSS assurance (PM),Billing gateway throughput breached at 759.3req/s (threshold 500). Correlated with service disruption: Fiber cut — third-party contractor (SD-GEN-FEC45F).
CUST-5993,ACC-5993,KPI-GEN-52EBA7,Mediation API p95 latency,1974.1,800,ms,MEDIUM,2026-08-28T09:05:54Z/2026-08-28T09:35:54Z,2026-08-28T09:35:54Z,OSS assurance (PM),Mediation API p95 latency breached at 1974.1ms (threshold 800). Correlated with network failure CELL_OUTAGE at SITE-FR-PAR-021 (NF-GEN-6B841E).
CUST-9590,ACC-9590,KPI-GEN-5FD1B8,Billing gateway throughput,1173.1,500,req/s,MEDIUM,2026-09-09T17:16:54Z/2026-09-09T17:46:54Z,2026-09-09T17:46:54Z,OSS assurance (PM),Billing gateway throughput breached at 1173.1req/s (threshold 500). Correlated with network failure ROAMING_PARTNER_OUTAGE at SITE-ES-MAD-009 (NF-GEN-BEC943).
CUST-2757,ACC-2757,KPI-GEN-517F0E,Billing gateway throughput,1592.8,500,req/s,MEDIUM,2026-09-03T15:13:54Z/2026-09-03T15:28:54Z,2026-09-03T15:28:54Z,OSS assurance (PM),Billing gateway throughput breached at 1592.8req/s (threshold 500). Correlated with service disruption: Regional switch failover incomplete (SD-GEN-2C30D2).
CUST-9634,ACC-9634,KPI-GEN-65CD28,Mediation API p95 latency,4576.1,800,ms,HIGH,2026-09-02T06:52:54Z/2026-09-02T07:22:54Z,2026-09-02T07:22:54Z,OSS assurance (PM),Mediation API p95 latency breached at 4576.1ms (threshold 800). Caused DATA re-rating for customer CUST-9634. Charge CHG-GEN-EF632E of $168.69.
CUST-6671,ACC-6671,KPI-GEN-7F78C5,Charging API error rate,7.0,2.0,%,LOW,2026-09-12T00:06:00Z/2026-09-12T00:36:00Z,2026-09-12T00:36:00Z,OSS assurance (PM),Charging API error rate breached at 7.0% (threshold 2.0). Correlated with payment failure: INSUFFICIENT_FUNDS_REPORTED (PF-GEN-FA2766).
CUST-8593,ACC-8593,KPI-GEN-6EE94B,Billing gateway throughput,869.4,500,req/s,LOW,2026-09-14T23:38:00Z/2026-09-15T00:38:00Z,2026-09-15T00:38:00Z,OSS assurance (PM),Billing gateway throughput breached at 869.4req/s (threshold 500). Correlated with payment failure: INSUFFICIENT_FUNDS_REPORTED (PF-GEN-412019).
CUST-7291,ACC-7291,KPI-GEN-0CADC1,Charging API error rate,4.9,2.0,%,MEDIUM,2026-08-27T22:29:00Z/2026-08-27T22:59:00Z,2026-08-27T22:59:00Z,OSS assurance (PM),Charging API error rate breached at 4.9% (threshold 2.0). Correlated with payment failure: CARD_DECLINED (PF-GEN-B0CCA8).
CUST-8097,ACC-8097,KPI-GEN-495F1A,Partner API timeout rate,7.9,2.0,%,LOW,2026-09-11T00:13:00Z/2026-09-11T00:43:00Z,2026-09-11T00:43:00Z,OSS assurance (PM),Partner API timeout rate breached at 7.9% (threshold 2.0). Correlated with payment failure: INSUFFICIENT_FUNDS_REPORTED (PF-GEN-4EE200).
CUST-4903,ACC-4903,KPI-GEN-C4069A,Charging API error rate,4.3,2.0,%,LOW,2026-09-05T21:05:54Z/2026-09-05T22:05:54Z,2026-09-05T22:05:54Z,OSS assurance (PM),Charging API error rate breached at 4.3% (threshold 2.0). Correlated with network failure SIGNAL_DEGRADATION at SITE-UAE-DXB-01 (NF-GEN-31D324).
CUST-6733,ACC-6733,KPI-GEN-EFE628,Mediation API p95 latency,1503.8,800,ms,MEDIUM,2026-09-12T08:23:54Z/2026-09-12T08:53:54Z,2026-09-12T08:53:54Z,OSS assurance (PM),Mediation API p95 latency breached at 1503.8ms (threshold 800). Correlated with network failure CONGESTION at SITE-DE-BER-002 (NF-GEN-2C97BA).
CUST-8110,ACC-8110,KPI-GEN-D113E9,Billing gateway throughput,1665.0,500,req/s,LOW,2026-09-12T13:45:54Z/2026-09-12T14:15:54Z,2026-09-12T14:15:54Z,OSS assurance (PM),Billing gateway throughput breached at 1665.0req/s (threshold 500). Correlated with service disruption: Scheduled maintenance overran (SD-GEN-6A2B39).
CUST-3057,ACC-3057,KPI-GEN-C97625,Mediation API p95 latency,1658.6,800,ms,LOW,2026-09-02T14:29:54Z/2026-09-02T14:59:54Z,2026-09-02T14:59:54Z,OSS assurance (PM),Mediation API p95 latency breached at 1658.6ms (threshold 800). Correlated with network failure SIGNAL_DEGRADATION at SITE-UK-LON-014 (NF-GEN-E38160).
CUST-8079,ACC-8079,KPI-GEN-31BAB5,Charging API error rate,3.6,2.0,%,MEDIUM,2026-08-28T11:19:54Z/2026-08-28T11:34:54Z,2026-08-28T11:34:54Z,OSS assurance (PM),Charging API error rate breached at 3.6% (threshold 2.0). Correlated with network failure SIGNAL_DEGRADATION at SITE-ES-MAD-009 (NF-GEN-DAE6F6).
CUST-9079,ACC-9079,KPI-GEN-14351A,Charging API error rate,12.4,2.0,%,MEDIUM,2026-08-30T12:42:54Z/2026-08-30T13:42:54Z,2026-08-30T13:42:54Z,OSS assurance (PM),Charging API error rate breached at 12.4% (threshold 2.0). Caused DATA re-rating for customer CUST-9079. Charge CHG-GEN-556C76 of $75.54.
CUST-2938,ACC-2938,KPI-GEN-22D862,Charging API error rate,7.8,2.0,%,MEDIUM,2026-09-14T07:41:54Z/2026-09-14T08:11:54Z,2026-09-14T08:11:54Z,OSS assurance (PM),Charging API error rate breached at 7.8% (threshold 2.0). Correlated with network failure CELL_OUTAGE at SITE-ES-MAD-009 (NF-GEN-F33FD0).
CUST-4267,ACC-4267,KPI-GEN-F8BDA6,Partner API timeout rate,3.8,2.0,%,LOW,2026-09-09T22:15:00Z/2026-09-09T23:15:00Z,2026-09-09T23:15:00Z,OSS assurance (PM),Partner API timeout rate breached at 3.8% (threshold 2.0). Correlated with payment failure: ISSUER_TIMEOUT (PF-GEN-F09EC1).
CUST-6982,ACC-6982,KPI-GEN-9373E4,Charging API error rate,4.4,2.0,%,MEDIUM,2026-09-16T01:22:54Z/2026-09-16T01:37:54Z,2026-09-16T01:37:54Z,OSS assurance (PM),Charging API error rate breached at 4.4% (threshold 2.0). Correlated with network failure CELL_OUTAGE at SITE-FR-PAR-021 (NF-GEN-A04722).
CUST-3866,ACC-3866,KPI-GEN-EFD866,Charging API error rate,13.2,2.0,%,HIGH,2026-09-06T01:15:54Z/2026-09-06T01:30:54Z,2026-09-06T01:30:54Z,OSS assurance (PM),Charging API error rate breached at 13.2% (threshold 2.0). Caused DATA re-rating for customer CUST-3866. Charge CHG-GEN-C7D035 of $123.64.
CUST-7843,ACC-7843,KPI-GEN-71D58E,Mediation API p95 latency,2879.7,800,ms,MEDIUM,2026-09-12T22:55:00Z/2026-09-12T23:10:00Z,2026-09-12T23:10:00Z,OSS assurance (PM),Mediation API p95 latency breached at 2879.7ms (threshold 800). Correlated with payment failure: EXPIRED_CARD (PF-GEN-B2F21C).
CUST-6907,ACC-6907,KPI-GEN-39BD74,Charging API error rate,7.6,2.0,%,MEDIUM,2026-09-13T00:53:00Z/2026-09-13T01:53:00Z,2026-09-13T01:53:00Z,OSS assurance (PM),Charging API error rate breached at 7.6% (threshold 2.0). Correlated with payment failure: INSUFFICIENT_FUNDS_REPORTED (PF-GEN-D8CCF5).
CUST-7679,ACC-7679,KPI-GEN-AAD3DC,Billing gateway throughput,2494.3,500,req/s,MEDIUM,2026-09-16T10:20:54Z/2026-09-16T10:35:54Z,2026-09-16T10:35:54Z,OSS assurance (PM),Billing gateway throughput breached at 2494.3req/s (threshold 500). Caused PLAN re-rating for customer CUST-7679. Charge CHG-GEN-AAAED9 of $125.16.
CUST-4216,ACC-4216,KPI-GEN-B7409D,Billing gateway throughput,1012.0,500,req/s,MEDIUM,2026-09-08T21:56:00Z/2026-09-08T22:56:00Z,2026-09-08T22:56:00Z,OSS assurance (PM),Billing gateway throughput breached at 1012.0req/s (threshold 500). Correlated with payment failure: INSUFFICIENT_FUNDS_REPORTED (PF-GEN-2611DD).
CUST-5571,ACC-5571,KPI-GEN-F093E1,Mediation API p95 latency,4385.2,800,ms,MEDIUM,2026-09-09T03:37:54Z/2026-09-09T04:37:54Z,2026-09-09T04:37:54Z,OSS assurance (PM),Mediation API p95 latency breached at 4385.2ms (threshold 800). Caused DATA re-rating for customer CUST-5571. Charge CHG-GEN-64B315 of $64.29.
CUST-7231,ACC-7231,KPI-GEN-74AF8A,Partner API timeout rate,4.8,2.0,%,LOW,2026-09-12T00:51:00Z/2026-09-12T01:51:00Z,2026-09-12T01:51:00Z,OSS assurance (PM),Partner API timeout rate breached at 4.8% (threshold 2.0). Correlated with payment failure: EXPIRED_CARD (PF-GEN-931971).
CUST-6976,ACC-6976,KPI-GEN-4D059A,Billing gateway throughput,1258.2,500,req/s,LOW,2026-09-03T20:22:54Z/2026-09-03T20:37:54Z,2026-09-03T20:37:54Z,OSS assurance (PM),Billing gateway throughput breached at 1258.2req/s (threshold 500). Correlated with service disruption: Core routing misconfiguration (SD-GEN-0FDD06).
CUST-4349,ACC-4349,KPI-GEN-2A0625,Billing gateway throughput,3622.9,500,req/s,MEDIUM,2026-09-04T12:12:54Z/2026-09-04T12:42:54Z,2026-09-04T12:42:54Z,OSS assurance (PM),Billing gateway throughput breached at 3622.9req/s (threshold 500). Caused PLAN re-rating for customer CUST-4349. Charge CHG-GEN-9383C6 of $148.97.
CUST-6762,ACC-6762,KPI-GEN-17B393,Charging API error rate,3.9,2.0,%,MEDIUM,2026-09-08T01:22:00Z/2026-09-08T01:52:00Z,2026-09-08T01:52:00Z,OSS assurance (PM),Charging API error rate breached at 3.9% (threshold 2.0). Correlated with payment failure: INSUFFICIENT_FUNDS_REPORTED (PF-GEN-C00051).
CUST-3120,ACC-3120,KPI-GEN-862B33,Mediation API p95 latency,3575.9,800,ms,CRITICAL,2026-09-14T19:16:54Z/2026-09-14T20:16:54Z,2026-09-14T20:16:54Z,OSS assurance (PM),Mediation API p95 latency breached at 3575.9ms (threshold 800). Caused DATA re-rating for customer CUST-3120. Charge CHG-GEN-8E4B01 of $106.74.
CUST-5745,ACC-5745,KPI-GEN-B724D2,Charging API error rate,10.0,2.0,%,CRITICAL,2026-09-11T17:00:54Z/2026-09-11T17:15:54Z,2026-09-11T17:15:54Z,OSS assurance (PM),Charging API error rate breached at 10.0% (threshold 2.0). Caused DATA re-rating for customer CUST-5745. Charge CHG-GEN-148429 of $48.61.
CUST-9978,ACC-9978,KPI-GEN-B51874,Charging API error rate,4.7,2.0,%,LOW,2026-08-29T21:33:00Z/2026-08-29T22:33:00Z,2026-08-29T22:33:00Z,OSS assurance (PM),Charging API error rate breached at 4.7% (threshold 2.0). Correlated with payment failure: CARD_DECLINED (PF-GEN-F0CAE2).
CUST-5921,ACC-5921,KPI-GEN-F0949F,Billing gateway throughput,1018.9,500,req/s,LOW,2026-09-11T23:15:00Z/2026-09-12T00:15:00Z,2026-09-12T00:15:00Z,OSS assurance (PM),Billing gateway throughput breached at 1018.9req/s (threshold 500). Correlated with payment failure: EXPIRED_CARD (PF-GEN-220D63).
CUST-2370,ACC-2370,KPI-GEN-638BA1,Partner API timeout rate,6.5,2.0,%,MEDIUM,2026-08-27T12:48:54Z/2026-08-27T13:18:54Z,2026-08-27T13:18:54Z,OSS assurance (PM),Partner API timeout rate breached at 6.5% (threshold 2.0). Correlated with service disruption: Regional switch failover incomplete (SD-GEN-985E72).
CUST-3464,ACC-3464,KPI-GEN-43053B,Charging API error rate,5.9,2.0,%,LOW,2026-09-13T07:29:54Z/2026-09-13T08:29:54Z,2026-09-13T08:29:54Z,OSS assurance (PM),Charging API error rate breached at 5.9% (threshold 2.0). Correlated with service disruption: Core routing misconfiguration (SD-GEN-43E56D).
CUST-2991,ACC-2991,KPI-GEN-981F54,Charging API error rate,11.6,2.0,%,CRITICAL,2026-08-28T01:06:54Z/2026-08-28T02:06:54Z,2026-08-28T02:06:54Z,OSS assurance (PM),Charging API error rate breached at 11.6% (threshold 2.0). Caused DATA re-rating for customer CUST-2991. Charge CHG-GEN-49BB7C of $135.46.
CUST-8866,ACC-8866,KPI-GEN-3936B4,Charging API error rate,4.8,2.0,%,LOW,2026-08-27T16:49:54Z/2026-08-27T17:04:54Z,2026-08-27T17:04:54Z,OSS assurance (PM),Charging API error rate breached at 4.8% (threshold 2.0). Correlated with service disruption: Core routing misconfiguration (SD-GEN-91ECC1).
CUST-4536,ACC-4536,KPI-GEN-85096C,Mediation API p95 latency,3796.9,800,ms,CRITICAL,2026-09-07T17:31:54Z/2026-09-07T18:31:54Z,2026-09-07T18:31:54Z,OSS assurance (PM),Mediation API p95 latency breached at 3796.9ms (threshold 800). Caused DATA re-rating for customer CUST-4536. Charge CHG-GEN-0531FE of $56.11.
CUST-6465,ACC-6465,KPI-GEN-066E81,Mediation API p95 latency,2658.8,800,ms,MEDIUM,2026-09-02T10:36:54Z/2026-09-02T11:06:54Z,2026-09-02T11:06:54Z,OSS assurance (PM),Mediation API p95 latency breached at 2658.8ms (threshold 800). Correlated with network failure SIGNAL_DEGRADATION at SITE-ES-MAD-009 (NF-GEN-220038).
CUST-9190,ACC-9190,KPI-GEN-ACD4CB,Mediation API p95 latency,3046.2,800,ms,MEDIUM,2026-09-07T22:07:00Z/2026-09-07T23:07:00Z,2026-09-07T23:07:00Z,OSS assurance (PM),Mediation API p95 latency breached at 3046.2ms (threshold 800). Correlated with payment failure: CARD_DECLINED (PF-GEN-866872).
CUST-9492,ACC-9492,KPI-GEN-A25274,Partner API timeout rate,4.0,2.0,%,MEDIUM,2026-09-13T19:43:54Z/2026-09-13T20:13:54Z,2026-09-13T20:13:54Z,OSS assurance (PM),Partner API timeout rate breached at 4.0% (threshold 2.0). Correlated with network failure ROAMING_PARTNER_OUTAGE at SITE-UK-LON-014 (NF-GEN-44F169).
CUST-7766,ACC-7766,KPI-GEN-7D4DCC,Mediation API p95 latency,1435.6,800,ms,MEDIUM,2026-09-12T23:52:00Z/2026-09-13T00:52:00Z,2026-09-13T00:52:00Z,OSS assurance (PM),Mediation API p95 latency breached at 1435.6ms (threshold 800). Correlated with payment failure: CARD_DECLINED (PF-GEN-BE2353).
