customer_id,account_id,invoice_id,billing_period,invoice_amount,currency,invoice_status,due_date,charge_id,charge_category,charge_description,charge_amount,source_system
CUST-3032,ACC-3032,INV-GEN-0AF650,2026-08,151.43,USD,PAST_DUE,2026-10-05,CHG-GEN-7C850F,DATA,Data top-up charge unpaid after reported insufficient funds. Auto-payment declined by issuer.,99.15,BSS
CUST-3743,ACC-3743,INV-GEN-6B08C6,2026-09,169.06,USD,PAST_DUE,2026-10-05,CHG-GEN-06AC98,ROAMING,Charge re-rated after Partner API timeout rate breach (4.7). Original rating adjusted due to API performance degradation.,109.1,BSS
CUST-6360,ACC-6360,INV-GEN-E318F1,2026-09,104.9,USD,ISSUED,2026-10-05,CHG-GEN-CAD6E8,DATA,Data session retries during cell outage at SITE-UAE-DXB-01 (39 min). DATA+VOICE sessions re-established causing additional usage.,75.26,BSS
CUST-5209,ACC-5209,INV-GEN-F43FAE,2026-09,208.76,USD,ISSUED,2026-10-05,CHG-GEN-9A27C4,PLAN,Plan charge held pending updated card on file. Auto-payment failed due to expired card.,155.42,BSS
CUST-9175,ACC-9175,INV-GEN-8A5753,2026-09,109.56,USD,ISSUED,2026-10-05,CHG-GEN-751FEB,DATA,Data overage from congestion-driven re-sessions at SITE-ES-MAD-009 (198 min). Throughput degradation led to repeated downloads.,71.64,BSS
CUST-7118,ACC-7118,INV-GEN-402217,2026-09,156.18,USD,PAST_DUE,2026-10-05,CHG-GEN-74355A,DATA,Charge processed after rating-engine error recovery. System log: Elevated queue depth — processing lag detected. Late-rated usage applied to current cycle.,124.82,BSS
CUST-9679,ACC-9679,INV-GEN-331D1A,2026-09,203.77,USD,PAST_DUE,2026-10-05,CHG-GEN-542298,DATA,Data top-up charge unpaid after reported insufficient funds. Auto-payment declined by issuer.,173.59,BSS
CUST-4367,ACC-4367,INV-GEN-13D0FF,2026-09,78.5,USD,PAST_DUE,2026-10-05,CHG-GEN-D4FE85,PLAN,Plan charge held pending updated card on file. Auto-payment failed due to expired card.,35.55,BSS
CUST-7082,ACC-7082,INV-GEN-451256,2026-09,83.42,USD,ISSUED,2026-10-05,CHG-GEN-8D4E00,VOICE,VOICE charge billed during core routing misconfiguration outage. Services were disrupted but metering continued.,34.78,BSS
CUST-7925,ACC-7925,INV-GEN-670467,2026-09,81.81,USD,PAST_DUE,2026-10-05,CHG-GEN-1A78FE,DATA,Data top-up charge unpaid after reported insufficient funds. Auto-payment declined by issuer.,47.48,BSS
CUST-3963,ACC-3963,INV-GEN-5361B6,2026-09,143.78,USD,ISSUED,2026-10-05,CHG-GEN-F48A39,DATA,Data overage from congestion-driven re-sessions at SITE-DE-BER-002 (182 min). Throughput degradation led to repeated downloads.,111.31,BSS
CUST-6354,ACC-6354,INV-GEN-7A343F,2026-09,146.25,USD,PAST_DUE,2026-10-05,CHG-GEN-E80F03,DATA,Data top-up charge unpaid after reported insufficient funds. Auto-payment declined by issuer.,111.77,BSS
CUST-6134,ACC-6134,INV-GEN-489B01,2026-08,151.64,USD,PAST_DUE,2026-10-05,CHG-GEN-C28FC7,DATA,Charge processed after rating-engine error recovery. System log: NullPointerException in charge-calculation module. Late-rated usage applied to current cycle.,119.09,BSS
CUST-7101,ACC-7101,INV-GEN-FDBF0E,2026-08,114.46,USD,PAST_DUE,2026-10-05,CHG-GEN-AD5AA4,DATA,DATA charge incurred during fiber cut disruption. Backup path metering applied during outage window.,82.14,BSS
CUST-2384,ACC-2384,INV-GEN-8D4098,2026-08,87.22,USD,PAST_DUE,2026-10-05,CHG-GEN-5AB5CF,PLAN,Plan charge held pending updated card on file. Auto-payment failed due to expired card.,51.54,BSS
CUST-8282,ACC-8282,INV-GEN-7F63B7,2026-09,197.62,USD,ISSUED,2026-10-05,CHG-GEN-03B164,VOICE,Excess data usage due to signal degradation at SITE-ES-MAD-009 (157 min). Poor signal caused retransmissions.,157.28,BSS
CUST-2392,ACC-2392,INV-GEN-FE5CAF,2026-09,155.93,USD,ISSUED,2026-10-05,CHG-GEN-E1A52D,DATA,Data overage from congestion-driven re-sessions at SITE-UAE-DXB-01 (76 min). Throughput degradation led to repeated downloads.,109.05,BSS
CUST-7738,ACC-7738,INV-GEN-ED34F4,2026-09,196.86,USD,PAST_DUE,2026-10-05,CHG-GEN-81D465,PLAN,Charge delayed due to issuer timeout during payment processing. Will retry next cycle.,149.03,BSS
CUST-8622,ACC-8622,INV-GEN-91715D,2026-08,114.99,USD,PAST_DUE,2026-10-05,CHG-GEN-7C33B2,DATA,Data overage from congestion-driven re-sessions at SITE-ES-MAD-009 (194 min). Throughput degradation led to repeated downloads.,89.54,BSS
CUST-6081,ACC-6081,INV-GEN-D777DD,2026-08,103.93,USD,ISSUED,2026-10-05,CHG-GEN-57194C,DATA,Charge re-rated after Mediation API p95 latency breach (2796.7). Original rating adjusted due to API performance degradation.,80.99,BSS
CUST-2001,ACC-2001,INV-GEN-1869DC,2026-08,156.81,USD,PAST_DUE,2026-10-05,CHG-GEN-F8B4DD,VOICE,VOICE minutes billed during scheduled maintenance overrun. Maintenance window exceeded planned duration.,110.34,BSS
CUST-6795,ACC-6795,INV-GEN-7AD12F,2026-09,120.21,USD,ISSUED,2026-10-05,CHG-GEN-1A4307,PLAN,Charge delayed due to issuer timeout during payment processing. Will retry next cycle.,92.32,BSS
CUST-4874,ACC-4874,INV-GEN-FB3FA1,2026-08,78.43,USD,PAST_DUE,2026-10-05,CHG-GEN-4CAC1C,DATA,Data session retries during cell outage at SITE-UAE-DXB-01 (159 min). DATA+VOICE sessions re-established causing additional usage.,37.45,BSS
CUST-3471,ACC-3471,INV-GEN-935C2C,2026-09,182.16,USD,PAST_DUE,2026-10-05,CHG-GEN-48C904,ROAMING,Roaming charge re-rated after partner outage near SITE-FR-PAR-021. Fallback rating applied during 45 min disruption.,128.68,BSS
CUST-6612,ACC-6612,INV-GEN-8134B7,2026-09,63.02,USD,ISSUED,2026-10-05,CHG-GEN-9FD8E7,DATA,Charge re-rated after Charging API error rate breach (6.5). Original rating adjusted due to API performance degradation.,36.7,BSS
CUST-9072,ACC-9072,INV-GEN-693C5C,2026-09,86.17,USD,PAST_DUE,2026-10-05,CHG-GEN-3776A1,PLAN,FIBER_BROADBAND minutes billed during scheduled maintenance overrun. Maintenance window exceeded planned duration.,54.51,BSS
CUST-4488,ACC-4488,INV-GEN-D093DD,2026-09,117.77,USD,PAST_DUE,2026-10-05,CHG-GEN-D2AA3B,PLAN,Charge re-rated after Billing gateway throughput breach (2613.6). Original rating adjusted due to API performance degradation.,70.09,BSS
CUST-4797,ACC-4797,INV-GEN-4CCCE9,2026-08,170.52,USD,ISSUED,2026-10-05,CHG-GEN-56FBDE,DATA,DATA minutes billed during scheduled maintenance overrun. Maintenance window exceeded planned duration.,127.22,BSS
CUST-5657,ACC-5657,INV-GEN-FD1517,2026-09,198.31,USD,PAST_DUE,2026-10-05,CHG-GEN-E1AC7E,PLAN,Charge pending — card declined by issuer. Payment retry scheduled.,155.41,BSS
CUST-9641,ACC-9641,INV-GEN-D62B58,2026-08,76.03,USD,PAST_DUE,2026-10-05,CHG-GEN-EF2C60,PLAN,Charge pending — card declined by issuer. Payment retry scheduled.,32.31,BSS
CUST-6462,ACC-6462,INV-GEN-64F9BA,2026-08,74.07,USD,ISSUED,2026-10-05,CHG-GEN-569876,DATA,DATA minutes billed during scheduled maintenance overrun. Maintenance window exceeded planned duration.,31.32,BSS
CUST-6784,ACC-6784,INV-GEN-82434E,2026-08,86.63,USD,ISSUED,2026-10-05,CHG-GEN-C1612F,ROAMING,Charge re-rated after Partner API timeout rate breach (11.6). Original rating adjusted due to API performance degradation.,57.8,BSS
CUST-2334,ACC-2334,INV-GEN-856092,2026-09,105.33,USD,ISSUED,2026-10-05,CHG-GEN-F00063,PLAN,Charge processed after billing-gateway error recovery. System log: Pod crash-loop-backoff (OOMKilled). Late-rated usage applied to current cycle.,51.59,BSS
CUST-8022,ACC-8022,INV-GEN-17165B,2026-09,136.46,USD,ISSUED,2026-10-05,CHG-GEN-BD3ECD,PLAN,Plan charge held pending updated card on file. Auto-payment failed due to expired card.,105.29,BSS
CUST-9221,ACC-9221,INV-GEN-71B321,2026-09,165.69,USD,PAST_DUE,2026-10-05,CHG-GEN-03AAFD,ROAMING,Roaming charge re-rated after partner outage near SITE-FR-PAR-021. Fallback rating applied during 159 min disruption.,119.23,BSS
CUST-3715,ACC-3715,INV-GEN-0438DA,2026-08,89.02,USD,PAST_DUE,2026-10-05,CHG-GEN-00F4B4,PLAN,FIBER_BROADBAND charge during regional switch failover. Incomplete failover caused partial service with continued billing.,47.81,BSS
CUST-9209,ACC-9209,INV-GEN-03C759,2026-09,121.25,USD,PAST_DUE,2026-10-05,CHG-GEN-096620,PLAN,Charge processed after billing-gateway error recovery. System log: Pod crash-loop-backoff (OOMKilled). Late-rated usage applied to current cycle.,71.01,BSS
CUST-9600,ACC-9600,INV-GEN-D25C79,2026-09,162.28,USD,PAST_DUE,2026-10-05,CHG-GEN-618C4B,PLAN,FIBER_BROADBAND charge during regional switch failover. Incomplete failover caused partial service with continued billing.,118.6,BSS
CUST-6659,ACC-6659,INV-GEN-028A98,2026-08,155.05,USD,ISSUED,2026-10-05,CHG-GEN-A56F10,PLAN,Charge delayed due to issuer timeout during payment processing. Will retry next cycle.,128.4,BSS
CUST-3275,ACC-3275,INV-GEN-D5D756,2026-09,166.38,USD,ISSUED,2026-10-05,CHG-GEN-BFEFCA,PLAN,Charge pending — card declined by issuer. Payment retry scheduled.,110.63,BSS
CUST-2757,ACC-2757,INV-GEN-6C566F,2026-09,187.26,USD,ISSUED,2026-10-05,CHG-GEN-BE5B0D,PLAN,Charge processed after billing-gateway error recovery. System log: NullPointerException in charge-calculation module. Late-rated usage applied to current cycle.,129.67,BSS
CUST-8197,ACC-8197,INV-GEN-372403,2026-09,150.55,USD,PAST_DUE,2026-10-05,CHG-GEN-6FCA0D,ROAMING,Roaming charge re-rated after partner outage near SITE-ES-MAD-009. Fallback rating applied during 210 min disruption.,105.46,BSS
CUST-8022,ACC-8022,INV-GEN-C5545D,2026-09,155.23,USD,PAST_DUE,2026-10-05,CHG-GEN-21B018,DATA,Charge processed after charging-api error recovery. System log: Elevated queue depth — processing lag detected. Late-rated usage applied to current cycle.,111.66,BSS
CUST-5155,ACC-5155,INV-GEN-AD2AF6,2026-09,200.57,USD,ISSUED,2026-10-05,CHG-GEN-F78BC6,DATA,Charge processed after rating-engine error recovery. System log: NullPointerException in charge-calculation module. Late-rated usage applied to current cycle.,151.1,BSS
CUST-7595,ACC-7595,INV-GEN-957E4F,2026-09,99.87,USD,PAST_DUE,2026-10-05,CHG-GEN-B09C3B,VOICE,VOICE minutes billed during scheduled maintenance overrun. Maintenance window exceeded planned duration.,51.89,BSS
CUST-9787,ACC-9787,INV-GEN-5CA481,2026-09,229.53,USD,ISSUED,2026-10-05,CHG-GEN-FC3645,PLAN,Charge delayed due to issuer timeout during payment processing. Will retry next cycle.,172.91,BSS
CUST-8459,ACC-8459,INV-GEN-5EF7D4,2026-09,163.2,USD,PAST_DUE,2026-10-05,CHG-GEN-607E47,PLAN,Plan charge held pending updated card on file. Auto-payment failed due to expired card.,114.48,BSS
CUST-9682,ACC-9682,INV-GEN-BC9D49,2026-09,129.48,USD,ISSUED,2026-10-05,CHG-GEN-40A108,DATA,DATA charge billed during core routing misconfiguration outage. Services were disrupted but metering continued.,79.26,BSS
CUST-5292,ACC-5292,INV-GEN-C8D2C6,2026-09,113.97,USD,ISSUED,2026-10-05,CHG-GEN-33D242,PLAN,Charge re-rated after Billing gateway throughput breach (1735.8). Original rating adjusted due to API performance degradation.,73.15,BSS
CUST-5722,ACC-5722,INV-GEN-9A9CBD,2026-09,61.66,USD,PAST_DUE,2026-10-05,CHG-GEN-12BD13,DATA,Charge processed after mediation-svc error recovery. System log: Elevated queue depth — processing lag detected. Late-rated usage applied to current cycle.,35.4,BSS
CUST-2017,ACC-2017,INV-GEN-149D8B,2026-09,156.14,USD,ISSUED,2026-10-05,CHG-GEN-A48E4A,DATA,Charge re-rated after Mediation API p95 latency breach (4287.3). Original rating adjusted due to API performance degradation.,115.47,BSS
CUST-2504,ACC-2504,INV-GEN-1526D1,2026-08,142.75,USD,PAST_DUE,2026-10-05,CHG-GEN-05D53E,VOICE,VOICE charge during regional switch failover. Incomplete failover caused partial service with continued billing.,113.23,BSS
CUST-6504,ACC-6504,INV-GEN-FBBC89,2026-08,183.77,USD,PAST_DUE,2026-10-05,CHG-GEN-C6E3A5,PLAN,Charge re-rated after Billing gateway throughput breach (1251.1). Original rating adjusted due to API performance degradation.,139.72,BSS
CUST-6662,ACC-6662,INV-GEN-9238C8,2026-09,168.64,USD,PAST_DUE,2026-10-05,CHG-GEN-208421,DATA,Charge re-rated after Mediation API p95 latency breach (5109.0). Original rating adjusted due to API performance degradation.,110.31,BSS
CUST-2009,ACC-2009,INV-GEN-164DF2,2026-09,158.48,USD,PAST_DUE,2026-10-05,CHG-GEN-EBFEA5,DATA,Charge re-rated after Mediation API p95 latency breach (2416.4). Original rating adjusted due to API performance degradation.,118.13,BSS
CUST-6340,ACC-6340,INV-GEN-E5AF18,2026-09,147.26,USD,ISSUED,2026-10-05,CHG-GEN-F0003D,PLAN,Plan charge held pending updated card on file. Auto-payment failed due to expired card.,125.29,BSS
CUST-7590,ACC-7590,INV-GEN-57974F,2026-08,191.53,USD,PAST_DUE,2026-10-05,CHG-GEN-851C3B,DATA,Data overage from congestion-driven re-sessions at SITE-FR-PAR-021 (184 min). Throughput degradation led to repeated downloads.,143.95,BSS
CUST-7159,ACC-7159,INV-GEN-43D658,2026-08,228.22,USD,ISSUED,2026-10-05,CHG-GEN-952F52,ROAMING,Roaming charge re-rated after partner outage near SITE-DE-BER-002. Fallback rating applied during 145 min disruption.,174.55,BSS
CUST-5437,ACC-5437,INV-GEN-CB931B,2026-09,142.36,USD,ISSUED,2026-10-05,CHG-GEN-01F095,PLAN,Charge processed after billing-gateway error recovery. System log: Pod crash-loop-backoff (OOMKilled). Late-rated usage applied to current cycle.,99.86,BSS
CUST-9134,ACC-9134,INV-GEN-962B97,2026-09,192.21,USD,PAST_DUE,2026-10-05,CHG-GEN-DCBE16,VOICE,Excess data usage due to signal degradation at SITE-DE-BER-002 (98 min). Poor signal caused retransmissions.,168.4,BSS
CUST-8114,ACC-8114,INV-GEN-26C6F2,2026-09,190.42,USD,PAST_DUE,2026-10-05,CHG-GEN-BA438E,PLAN,Charge pending — card declined by issuer. Payment retry scheduled.,150.07,BSS
CUST-8410,ACC-8410,INV-GEN-F631AE,2026-09,90.21,USD,ISSUED,2026-10-05,CHG-GEN-F3B1EA,DATA,DATA charge billed during core routing misconfiguration outage. Services were disrupted but metering continued.,49.71,BSS
CUST-2803,ACC-2803,INV-GEN-30B69D,2026-08,136.53,USD,ISSUED,2026-10-05,CHG-GEN-8A924E,PLAN,FIBER_BROADBAND charge during regional switch failover. Incomplete failover caused partial service with continued billing.,101.62,BSS
CUST-3549,ACC-3549,INV-GEN-FC5971,2026-08,172.02,USD,ISSUED,2026-10-05,CHG-GEN-32D2A2,PLAN,Charge delayed due to issuer timeout during payment processing. Will retry next cycle.,136.49,BSS
CUST-4077,ACC-4077,INV-GEN-4783B8,2026-09,107.14,USD,ISSUED,2026-10-05,CHG-GEN-FB8819,PLAN,Charge re-rated after Billing gateway throughput breach (3840.5). Original rating adjusted due to API performance degradation.,63.8,BSS
CUST-3004,ACC-3004,INV-GEN-6AA303,2026-09,157.8,USD,PAST_DUE,2026-10-05,CHG-GEN-E83063,DATA,Data overage from congestion-driven re-sessions at SITE-DE-BER-002 (231 min). Throughput degradation led to repeated downloads.,123.47,BSS
CUST-5252,ACC-5252,INV-GEN-EDAFE3,2026-09,113.84,USD,PAST_DUE,2026-10-05,CHG-GEN-1589F2,DATA,Data overage from congestion-driven re-sessions at SITE-ES-MAD-009 (66 min). Throughput degradation led to repeated downloads.,74.56,BSS
CUST-8199,ACC-8199,INV-GEN-254D31,2026-09,122.68,USD,ISSUED,2026-10-05,CHG-GEN-710E0F,PLAN,Charge delayed due to issuer timeout during payment processing. Will retry next cycle.,96.89,BSS
CUST-9897,ACC-9897,INV-GEN-6B49C4,2026-08,157.81,USD,ISSUED,2026-10-05,CHG-GEN-C7DBB4,PLAN,Charge re-rated after Billing gateway throughput breach (2049.0). Original rating adjusted due to API performance degradation.,135.74,BSS
CUST-6417,ACC-6417,INV-GEN-184F83,2026-09,136.95,USD,ISSUED,2026-10-05,CHG-GEN-C4C2C7,PLAN,Charge pending — card declined by issuer. Payment retry scheduled.,100.04,BSS
CUST-2499,ACC-2499,INV-GEN-DDDB07,2026-08,115.66,USD,PAST_DUE,2026-10-05,CHG-GEN-5587C1,DATA,Charge re-rated after Charging API error rate breach (14.0). Original rating adjusted due to API performance degradation.,75.74,BSS
CUST-4193,ACC-4193,INV-GEN-ACA3D6,2026-09,122.4,USD,ISSUED,2026-10-05,CHG-GEN-C11D64,PLAN,Charge processed after billing-gateway error recovery. System log: NullPointerException in charge-calculation module. Late-rated usage applied to current cycle.,90.45,BSS
CUST-6228,ACC-6228,INV-GEN-98BA00,2026-09,141.84,USD,PAST_DUE,2026-10-05,CHG-GEN-06787E,ROAMING,Charge re-rated after Partner API timeout rate breach (9.4). Original rating adjusted due to API performance degradation.,102.5,BSS
CUST-2219,ACC-2219,INV-GEN-5A69A8,2026-09,85.31,USD,ISSUED,2026-10-05,CHG-GEN-EEFE71,PLAN,FIBER_BROADBAND charge incurred during fiber cut disruption. Backup path metering applied during outage window.,57.68,BSS
CUST-8950,ACC-8950,INV-GEN-7EF6CF,2026-08,141.23,USD,PAST_DUE,2026-10-05,CHG-GEN-308535,DATA,Charge processed after mediation-svc error recovery. System log: Pod crash-loop-backoff (OOMKilled). Late-rated usage applied to current cycle.,92.26,BSS
CUST-7418,ACC-7418,INV-GEN-3E123C,2026-09,74.79,USD,PAST_DUE,2026-10-05,CHG-GEN-888D4D,PLAN,Charge processed after billing-gateway error recovery. System log: Elevated queue depth — processing lag detected. Late-rated usage applied to current cycle.,53.55,BSS
CUST-7227,ACC-7227,INV-GEN-D28F0D,2026-09,100.01,USD,PAST_DUE,2026-10-05,CHG-GEN-8A917A,PLAN,Charge pending — card declined by issuer. Payment retry scheduled.,70.07,BSS
CUST-2613,ACC-2613,INV-GEN-854F54,2026-09,111.25,USD,PAST_DUE,2026-10-05,CHG-GEN-9C925D,VOICE,VOICE charge during regional switch failover. Incomplete failover caused partial service with continued billing.,55.74,BSS
CUST-8373,ACC-8373,INV-GEN-0B312E,2026-09,180.85,USD,PAST_DUE,2026-10-05,CHG-GEN-55CA63,DATA,DATA charge during regional switch failover. Incomplete failover caused partial service with continued billing.,142.87,BSS
CUST-9167,ACC-9167,INV-GEN-9CCD73,2026-09,86.3,USD,PAST_DUE,2026-10-05,CHG-GEN-D93545,PLAN,Plan charge held pending updated card on file. Auto-payment failed due to expired card.,39.72,BSS
CUST-2981,ACC-2981,INV-GEN-D980C9,2026-09,220.43,USD,ISSUED,2026-10-05,CHG-GEN-679AED,VOICE,VOICE charge during regional switch failover. Incomplete failover caused partial service with continued billing.,176.48,BSS
CUST-8695,ACC-8695,INV-GEN-F4203F,2026-09,117.62,USD,PAST_DUE,2026-10-05,CHG-GEN-3176D5,ROAMING,Roaming charge re-rated after partner outage near SITE-DE-BER-002. Fallback rating applied during 208 min disruption.,88.35,BSS
CUST-7352,ACC-7352,INV-GEN-91111F,2026-09,96.49,USD,PAST_DUE,2026-10-05,CHG-GEN-993E12,DATA,Data session retries during cell outage at SITE-DE-BER-002 (27 min). VOICE sessions re-established causing additional usage.,74.8,BSS
CUST-6825,ACC-6825,INV-GEN-9DF3EC,2026-09,92.07,USD,PAST_DUE,2026-10-05,CHG-GEN-F43BF5,DATA,Data overage from congestion-driven re-sessions at SITE-FR-PAR-021 (230 min). Throughput degradation led to repeated downloads.,57.43,BSS
CUST-4680,ACC-4680,INV-GEN-EA5136,2026-09,199.49,USD,ISSUED,2026-10-05,CHG-GEN-2D5D15,DATA,Data session retries during cell outage at SITE-UK-LON-014 (109 min). DATA sessions re-established causing additional usage.,143.15,BSS
CUST-7330,ACC-7330,INV-GEN-433233,2026-09,106.75,USD,PAST_DUE,2026-10-05,CHG-GEN-4AA5A6,DATA,Charge processed after rating-engine error recovery. System log: NullPointerException in charge-calculation module. Late-rated usage applied to current cycle.,69.9,BSS
CUST-6496,ACC-6496,INV-GEN-F2E0DE,2026-09,194.47,USD,PAST_DUE,2026-10-05,CHG-GEN-AD15E0,VOICE,VOICE charge incurred during fiber cut disruption. Backup path metering applied during outage window.,174.24,BSS
CUST-9082,ACC-9082,INV-GEN-6E4213,2026-09,78.34,USD,PAST_DUE,2026-10-05,CHG-GEN-799C55,VOICE,VOICE charge incurred during fiber cut disruption. Backup path metering applied during outage window.,38.63,BSS
CUST-9236,ACC-9236,INV-GEN-2D83DA,2026-09,209.16,USD,ISSUED,2026-10-05,CHG-GEN-A2737A,PLAN,FIBER_BROADBAND charge incurred during fiber cut disruption. Backup path metering applied during outage window.,175.83,BSS
CUST-6354,ACC-6354,INV-GEN-7FD841,2026-09,206.29,USD,PAST_DUE,2026-10-05,CHG-GEN-B29FF0,VOICE,VOICE charge during regional switch failover. Incomplete failover caused partial service with continued billing.,165.43,BSS
CUST-3561,ACC-3561,INV-GEN-3721B9,2026-09,221.2,USD,PAST_DUE,2026-10-05,CHG-GEN-3E1EE0,PLAN,Charge processed after billing-gateway error recovery. System log: Elevated queue depth — processing lag detected. Late-rated usage applied to current cycle.,172.0,BSS
CUST-3371,ACC-3371,INV-GEN-78E124,2026-08,85.61,USD,ISSUED,2026-10-05,CHG-GEN-D07EA8,PLAN,Charge delayed due to issuer timeout during payment processing. Will retry next cycle.,47.22,BSS
CUST-2280,ACC-2280,INV-GEN-DBB680,2026-09,172.75,USD,PAST_DUE,2026-10-05,CHG-GEN-9CD03F,ROAMING,Charge re-rated after Partner API timeout rate breach (5.3). Original rating adjusted due to API performance degradation.,139.58,BSS
CUST-4696,ACC-4696,INV-GEN-6F4F26,2026-09,143.06,USD,ISSUED,2026-10-05,CHG-GEN-564A89,DATA,Data top-up charge unpaid after reported insufficient funds. Auto-payment declined by issuer.,85.39,BSS
CUST-8538,ACC-8538,INV-GEN-A4AC92,2026-09,99.43,USD,ISSUED,2026-10-05,CHG-GEN-8669D0,DATA,Data overage from congestion-driven re-sessions at SITE-DE-BER-002 (142 min). Throughput degradation led to repeated downloads.,73.84,BSS
CUST-2343,ACC-2343,INV-GEN-7CF7C7,2026-08,167.71,USD,ISSUED,2026-10-05,CHG-GEN-65E976,PLAN,FIBER_BROADBAND charge billed during core routing misconfiguration outage. Services were disrupted but metering continued.,137.29,BSS
CUST-2615,ACC-2615,INV-GEN-78AFC6,2026-08,182.17,USD,PAST_DUE,2026-10-05,CHG-GEN-425084,DATA,Data session retries during cell outage at SITE-DE-BER-002 (154 min). DATA sessions re-established causing additional usage.,126.31,BSS
CUST-3660,ACC-3660,INV-GEN-BE31EF,2026-09,178.44,USD,PAST_DUE,2026-10-05,CHG-GEN-0D6DB0,DATA,Data overage from congestion-driven re-sessions at SITE-ES-MAD-009 (128 min). Throughput degradation led to repeated downloads.,127.2,BSS
CUST-4440,ACC-4440,INV-GEN-CEBCD2,2026-09,131.52,USD,ISSUED,2026-10-05,CHG-GEN-56DE6C,PLAN,FIBER_BROADBAND charge billed during core routing misconfiguration outage. Services were disrupted but metering continued.,106.11,BSS
CUST-9459,ACC-9459,INV-GEN-87FC2A,2026-09,205.23,USD,ISSUED,2026-10-05,CHG-GEN-9F4C40,DATA,Charge re-rated after Charging API error rate breach (6.7). Original rating adjusted due to API performance degradation.,164.78,BSS
CUST-9950,ACC-9950,INV-GEN-55EE71,2026-09,169.16,USD,ISSUED,2026-10-05,CHG-GEN-E9003F,DATA,DATA charge during regional switch failover. Incomplete failover caused partial service with continued billing.,132.16,BSS
CUST-5436,ACC-5436,INV-GEN-0B7BE9,2026-09,209.01,USD,PAST_DUE,2026-10-05,CHG-GEN-789AAB,DATA,DATA minutes billed during scheduled maintenance overrun. Maintenance window exceeded planned duration.,156.94,BSS
CUST-2652,ACC-2652,INV-GEN-DDE4C4,2026-09,143.5,USD,PAST_DUE,2026-10-05,CHG-GEN-B74578,DATA,Data overage from congestion-driven re-sessions at SITE-FR-PAR-021 (100 min). Throughput degradation led to repeated downloads.,86.38,BSS
CUST-3648,ACC-3648,INV-GEN-FBE3E3,2026-09,159.66,USD,ISSUED,2026-10-05,CHG-GEN-674B37,PLAN,Plan charge held pending updated card on file. Auto-payment failed due to expired card.,126.57,BSS
CUST-5704,ACC-5704,INV-GEN-426A40,2026-08,154.89,USD,ISSUED,2026-10-05,CHG-GEN-2C01C5,PLAN,Charge delayed due to issuer timeout during payment processing. Will retry next cycle.,109.1,BSS
CUST-2092,ACC-2092,INV-GEN-1FD747,2026-08,157.72,USD,PAST_DUE,2026-10-05,CHG-GEN-746C3B,VOICE,Excess data usage due to signal degradation at SITE-UAE-DXB-01 (68 min). Poor signal caused retransmissions.,136.55,BSS
CUST-9378,ACC-9378,INV-GEN-4E30CD,2026-09,101.29,USD,ISSUED,2026-10-05,CHG-GEN-C60F9D,PLAN,FIBER_BROADBAND minutes billed during scheduled maintenance overrun. Maintenance window exceeded planned duration.,48.79,BSS
CUST-7899,ACC-7899,INV-GEN-CD224B,2026-08,142.75,USD,PAST_DUE,2026-10-05,CHG-GEN-6A17F8,DATA,Data overage from congestion-driven re-sessions at SITE-FR-PAR-021 (201 min). Throughput degradation led to repeated downloads.,90.03,BSS
CUST-8887,ACC-8887,INV-GEN-20B126,2026-09,150.48,USD,PAST_DUE,2026-10-05,CHG-GEN-ED5135,DATA,Charge processed after rating-engine error recovery. System log: Pod crash-loop-backoff (OOMKilled). Late-rated usage applied to current cycle.,129.17,BSS
CUST-5455,ACC-5455,INV-GEN-2F9872,2026-09,211.84,USD,ISSUED,2026-10-05,CHG-GEN-0EEA0B,PLAN,Charge re-rated after Billing gateway throughput breach (2341.7). Original rating adjusted due to API performance degradation.,177.45,BSS
CUST-8245,ACC-8245,INV-GEN-909866,2026-09,100.35,USD,ISSUED,2026-10-05,CHG-GEN-6367DE,DATA,Data top-up charge unpaid after reported insufficient funds. Auto-payment declined by issuer.,43.52,BSS
CUST-3724,ACC-3724,INV-GEN-09B2C6,2026-09,143.1,USD,ISSUED,2026-10-05,CHG-GEN-C54010,PLAN,FIBER_BROADBAND charge during regional switch failover. Incomplete failover caused partial service with continued billing.,115.83,BSS
CUST-4858,ACC-4858,INV-GEN-7FCE91,2026-08,184.62,USD,ISSUED,2026-10-05,CHG-GEN-882898,DATA,Charge processed after mediation-svc error recovery. System log: Elevated queue depth — processing lag detected. Late-rated usage applied to current cycle.,125.33,BSS
CUST-9353,ACC-9353,INV-GEN-E75FF2,2026-09,124.2,USD,PAST_DUE,2026-10-05,CHG-GEN-6AD757,PLAN,FIBER_BROADBAND charge billed during core routing misconfiguration outage. Services were disrupted but metering continued.,94.58,BSS
CUST-8004,ACC-8004,INV-GEN-FC0610,2026-09,113.06,USD,ISSUED,2026-10-05,CHG-GEN-D83BE4,DATA,Charge processed after mediation-svc error recovery. System log: Pod crash-loop-backoff (OOMKilled). Late-rated usage applied to current cycle.,59.66,BSS
CUST-5615,ACC-5615,INV-GEN-EDFD78,2026-08,136.92,USD,PAST_DUE,2026-10-05,CHG-GEN-F50408,VOICE,Excess data usage due to signal degradation at SITE-DE-BER-002 (41 min). Poor signal caused retransmissions.,101.43,BSS
CUST-2383,ACC-2383,INV-GEN-09C259,2026-08,57.36,USD,ISSUED,2026-10-05,CHG-GEN-9A0E32,DATA,Data top-up charge unpaid after reported insufficient funds. Auto-payment declined by issuer.,35.29,BSS
CUST-3758,ACC-3758,INV-GEN-814E6B,2026-09,202.89,USD,PAST_DUE,2026-10-05,CHG-GEN-06CD78,PLAN,Charge processed after billing-gateway error recovery. System log: NullPointerException in charge-calculation module. Late-rated usage applied to current cycle.,144.48,BSS
CUST-6863,ACC-6863,INV-GEN-32A23E,2026-08,113.22,USD,ISSUED,2026-10-05,CHG-GEN-48776D,PLAN,Charge re-rated after Billing gateway throughput breach (1808.7). Original rating adjusted due to API performance degradation.,73.52,BSS
CUST-2354,ACC-2354,INV-GEN-65DB40,2026-08,183.3,USD,ISSUED,2026-10-05,CHG-GEN-341B56,PLAN,Charge delayed due to issuer timeout during payment processing. Will retry next cycle.,158.54,BSS
CUST-7084,ACC-7084,INV-GEN-689837,2026-08,146.57,USD,ISSUED,2026-10-05,CHG-GEN-2206B9,DATA,Charge processed after mediation-svc error recovery. System log: Pod crash-loop-backoff (OOMKilled). Late-rated usage applied to current cycle.,93.07,BSS
CUST-8343,ACC-8343,INV-GEN-4E04C6,2026-09,115.09,USD,PAST_DUE,2026-10-05,CHG-GEN-4B9412,DATA,Data overage from congestion-driven re-sessions at SITE-UAE-DXB-01 (168 min). Throughput degradation led to repeated downloads.,89.89,BSS
CUST-6463,ACC-6463,INV-GEN-8CC4D3,2026-09,198.79,USD,PAST_DUE,2026-10-05,CHG-GEN-5BCD1F,DATA,Data overage from congestion-driven re-sessions at SITE-UAE-DXB-01 (35 min). Throughput degradation led to repeated downloads.,163.12,BSS
CUST-7951,ACC-7951,INV-GEN-48F40F,2026-09,131.37,USD,ISSUED,2026-10-05,CHG-GEN-AB491C,PLAN,Charge pending — card declined by issuer. Payment retry scheduled.,97.67,BSS
CUST-3853,ACC-3853,INV-GEN-DBE599,2026-08,184.18,USD,PAST_DUE,2026-10-05,CHG-GEN-331AF5,ROAMING,Roaming charge re-rated after partner outage near SITE-FR-PAR-021. Fallback rating applied during 101 min disruption.,130.92,BSS
CUST-4286,ACC-4286,INV-GEN-DDE2A6,2026-09,57.87,USD,ISSUED,2026-10-05,CHG-GEN-BE284D,DATA,Data overage from congestion-driven re-sessions at SITE-ES-MAD-009 (143 min). Throughput degradation led to repeated downloads.,32.72,BSS
CUST-2103,ACC-2103,INV-GEN-2F01D0,2026-09,84.44,USD,ISSUED,2026-10-05,CHG-GEN-19F908,DATA,Data overage from congestion-driven re-sessions at SITE-DE-BER-002 (238 min). Throughput degradation led to repeated downloads.,43.27,BSS
CUST-5178,ACC-5178,INV-GEN-0EE2F6,2026-09,145.69,USD,ISSUED,2026-10-05,CHG-GEN-ADC769,DATA,Data overage from congestion-driven re-sessions at SITE-ES-MAD-009 (126 min). Throughput degradation led to repeated downloads.,90.26,BSS
CUST-9022,ACC-9022,INV-GEN-0E312E,2026-09,199.93,USD,ISSUED,2026-10-05,CHG-GEN-20FA15,DATA,Data top-up charge unpaid after reported insufficient funds. Auto-payment declined by issuer.,177.98,BSS
CUST-2017,ACC-2017,INV-GEN-73CEB3,2026-09,116.26,USD,PAST_DUE,2026-10-05,CHG-GEN-5E1D87,ROAMING,Roaming charge re-rated after partner outage near SITE-ES-MAD-009. Fallback rating applied during 163 min disruption.,59.42,BSS
CUST-7621,ACC-7621,INV-GEN-4856F2,2026-09,205.62,USD,PAST_DUE,2026-10-05,CHG-GEN-E4F925,VOICE,VOICE charge billed during core routing misconfiguration outage. Services were disrupted but metering continued.,157.3,BSS
CUST-3352,ACC-3352,INV-GEN-4205B3,2026-09,172.6,USD,ISSUED,2026-10-05,CHG-GEN-BABFF7,VOICE,VOICE minutes billed during scheduled maintenance overrun. Maintenance window exceeded planned duration.,139.62,BSS
CUST-5169,ACC-5169,INV-GEN-8943A9,2026-09,90.09,USD,ISSUED,2026-10-05,CHG-GEN-8323E9,DATA,DATA charge billed during core routing misconfiguration outage. Services were disrupted but metering continued.,62.75,BSS
CUST-9795,ACC-9795,INV-GEN-7BDF62,2026-08,127.02,USD,ISSUED,2026-10-05,CHG-GEN-9BCB44,DATA,DATA charge billed during core routing misconfiguration outage. Services were disrupted but metering continued.,99.43,BSS
CUST-2495,ACC-2495,INV-GEN-8D0D81,2026-09,90.27,USD,PAST_DUE,2026-10-05,CHG-GEN-52E023,DATA,Data overage from congestion-driven re-sessions at SITE-UAE-DXB-01 (185 min). Throughput degradation led to repeated downloads.,35.7,BSS
CUST-3116,ACC-3116,INV-GEN-C355EC,2026-09,133.0,USD,PAST_DUE,2026-10-05,CHG-GEN-2C61A7,DATA,Charge processed after charging-api error recovery. System log: NullPointerException in charge-calculation module. Late-rated usage applied to current cycle.,106.13,BSS
CUST-4347,ACC-4347,INV-GEN-378DFB,2026-08,104.71,USD,ISSUED,2026-10-05,CHG-GEN-FE8C23,ROAMING,Roaming charge re-rated after partner outage near SITE-DE-BER-002. Fallback rating applied during 180 min disruption.,57.75,BSS
CUST-4875,ACC-4875,INV-GEN-E935CC,2026-08,183.42,USD,ISSUED,2026-10-05,CHG-GEN-61D735,ROAMING,Roaming charge re-rated after partner outage near SITE-ES-MAD-009. Fallback rating applied during 125 min disruption.,125.3,BSS
CUST-6943,ACC-6943,INV-GEN-89B3DA,2026-08,132.92,USD,PAST_DUE,2026-10-05,CHG-GEN-0FE4A9,DATA,Data session retries during cell outage at SITE-FR-PAR-021 (18 min). VOICE sessions re-established causing additional usage.,90.14,BSS
CUST-7842,ACC-7842,INV-GEN-0BE78D,2026-09,82.5,USD,PAST_DUE,2026-10-05,CHG-GEN-4F5136,PLAN,Charge processed after billing-gateway error recovery. System log: NullPointerException in charge-calculation module. Late-rated usage applied to current cycle.,56.36,BSS
CUST-3745,ACC-3745,INV-GEN-3FA03C,2026-09,110.06,USD,ISSUED,2026-10-05,CHG-GEN-E377AC,PLAN,Plan charge held pending updated card on file. Auto-payment failed due to expired card.,78.21,BSS
CUST-4943,ACC-4943,INV-GEN-C62F93,2026-09,140.83,USD,PAST_DUE,2026-10-05,CHG-GEN-6DE1EF,VOICE,Excess data usage due to signal degradation at SITE-UK-LON-014 (184 min). Poor signal caused retransmissions.,96.41,BSS
CUST-9945,ACC-9945,INV-GEN-FE2B7B,2026-09,75.62,USD,ISSUED,2026-10-05,CHG-GEN-1E9406,PLAN,Charge delayed due to issuer timeout during payment processing. Will retry next cycle.,37.79,BSS
CUST-2326,ACC-2326,INV-GEN-2BC542,2026-09,110.96,USD,PAST_DUE,2026-10-05,CHG-GEN-FC03C2,VOICE,Excess data usage due to signal degradation at SITE-UK-LON-014 (79 min). Poor signal caused retransmissions.,56.15,BSS
CUST-4046,ACC-4046,INV-GEN-E2EB8D,2026-08,138.0,USD,PAST_DUE,2026-10-05,CHG-GEN-3327B5,DATA,Data session retries during cell outage at SITE-FR-PAR-021 (169 min). DATA sessions re-established causing additional usage.,87.66,BSS
CUST-4424,ACC-4424,INV-GEN-4D87E1,2026-09,179.46,USD,ISSUED,2026-10-05,CHG-GEN-D6DEF7,PLAN,Charge re-rated after Billing gateway throughput breach (1394.5). Original rating adjusted due to API performance degradation.,139.79,BSS
CUST-4743,ACC-4743,INV-GEN-77F6B0,2026-09,174.95,USD,ISSUED,2026-10-05,CHG-GEN-70E04F,DATA,DATA charge incurred during fiber cut disruption. Backup path metering applied during outage window.,127.23,BSS
CUST-6221,ACC-6221,INV-GEN-8FC4BA,2026-08,82.42,USD,PAST_DUE,2026-10-05,CHG-GEN-8CFBD6,DATA,Data session retries during cell outage at SITE-DE-BER-002 (17 min). DATA+VOICE sessions re-established causing additional usage.,34.15,BSS
CUST-4852,ACC-4852,INV-GEN-334350,2026-09,180.58,USD,ISSUED,2026-10-05,CHG-GEN-C50A03,DATA,Charge re-rated after Mediation API p95 latency breach (2288.9). Original rating adjusted due to API performance degradation.,127.1,BSS
CUST-7556,ACC-7556,INV-GEN-9DA7E6,2026-09,132.87,USD,ISSUED,2026-10-05,CHG-GEN-704702,VOICE,VOICE minutes billed during scheduled maintenance overrun. Maintenance window exceeded planned duration.,92.24,BSS
CUST-5498,ACC-5498,INV-GEN-8AE1A1,2026-09,102.56,USD,PAST_DUE,2026-10-05,CHG-GEN-8C5C57,VOICE,VOICE charge incurred during fiber cut disruption. Backup path metering applied during outage window.,73.79,BSS
CUST-2742,ACC-2742,INV-GEN-62DE44,2026-09,116.87,USD,ISSUED,2026-10-05,CHG-GEN-ABAA99,DATA,Data overage from congestion-driven re-sessions at SITE-FR-PAR-021 (53 min). Throughput degradation led to repeated downloads.,86.66,BSS
CUST-5500,ACC-5500,INV-GEN-9BE668,2026-08,120.56,USD,ISSUED,2026-10-05,CHG-GEN-596B46,DATA,Data overage from congestion-driven re-sessions at SITE-DE-BER-002 (180 min). Throughput degradation led to repeated downloads.,85.11,BSS
CUST-5636,ACC-5636,INV-GEN-6BCA78,2026-09,194.4,USD,PAST_DUE,2026-10-05,CHG-GEN-225A80,ROAMING,Roaming charge re-rated after partner outage near SITE-DE-BER-002. Fallback rating applied during 89 min disruption.,165.05,BSS
CUST-3116,ACC-3116,INV-GEN-CC756A,2026-09,186.02,USD,ISSUED,2026-10-05,CHG-GEN-EEC510,DATA,Data overage from congestion-driven re-sessions at SITE-DE-BER-002 (117 min). Throughput degradation led to repeated downloads.,150.47,BSS
CUST-5889,ACC-5889,INV-GEN-E1D6F4,2026-09,103.54,USD,ISSUED,2026-10-05,CHG-GEN-F1D540,VOICE,Excess data usage due to signal degradation at SITE-UAE-DXB-01 (20 min). Poor signal caused retransmissions.,78.14,BSS
CUST-8314,ACC-8314,INV-GEN-143931,2026-09,72.53,USD,ISSUED,2026-10-05,CHG-GEN-B04F5E,PLAN,Charge delayed due to issuer timeout during payment processing. Will retry next cycle.,47.12,BSS
CUST-6730,ACC-6730,INV-GEN-55038F,2026-09,148.83,USD,ISSUED,2026-10-05,CHG-GEN-4C28CF,PLAN,Charge re-rated after Billing gateway throughput breach (1544.7). Original rating adjusted due to API performance degradation.,104.72,BSS
CUST-3132,ACC-3132,INV-GEN-252D37,2026-09,195.5,USD,PAST_DUE,2026-10-05,CHG-GEN-36BFC0,ROAMING,Roaming charge re-rated after partner outage near SITE-FR-PAR-021. Fallback rating applied during 206 min disruption.,136.05,BSS
CUST-2838,ACC-2838,INV-GEN-BAF141,2026-09,138.45,USD,ISSUED,2026-10-05,CHG-GEN-8E25EF,DATA,Charge processed after charging-api error recovery. System log: NullPointerException in charge-calculation module. Late-rated usage applied to current cycle.,110.18,BSS
CUST-6570,ACC-6570,INV-GEN-59F939,2026-09,55.3,USD,ISSUED,2026-10-05,CHG-GEN-53FDCF,VOICE,Excess data usage due to signal degradation at SITE-UK-LON-014 (111 min). Poor signal caused retransmissions.,34.71,BSS
CUST-6419,ACC-6419,INV-GEN-ADC9DD,2026-09,179.93,USD,PAST_DUE,2026-10-05,CHG-GEN-8C7696,PLAN,Plan charge held pending updated card on file. Auto-payment failed due to expired card.,131.04,BSS
CUST-2632,ACC-2632,INV-GEN-434300,2026-09,161.81,USD,ISSUED,2026-10-05,CHG-GEN-E2A79F,VOICE,Excess data usage due to signal degradation at SITE-ES-MAD-009 (212 min). Poor signal caused retransmissions.,107.55,BSS
CUST-6338,ACC-6338,INV-GEN-767A0F,2026-09,141.92,USD,ISSUED,2026-10-05,CHG-GEN-FC1F46,PLAN,Plan charge held pending updated card on file. Auto-payment failed due to expired card.,96.74,BSS
CUST-6635,ACC-6635,INV-GEN-7A83F1,2026-08,87.6,USD,PAST_DUE,2026-10-05,CHG-GEN-D7DB4D,DATA,Charge processed after charging-api error recovery. System log: Elevated queue depth — processing lag detected. Late-rated usage applied to current cycle.,30.84,BSS
CUST-9514,ACC-9514,INV-GEN-294BAB,2026-09,194.23,USD,PAST_DUE,2026-10-05,CHG-GEN-DCC5ED,PLAN,FIBER_BROADBAND charge incurred during fiber cut disruption. Backup path metering applied during outage window.,160.56,BSS
CUST-8690,ACC-8690,INV-GEN-CB3810,2026-09,103.5,USD,ISSUED,2026-10-05,CHG-GEN-6B21F7,DATA,Data session retries during cell outage at SITE-FR-PAR-021 (229 min). DATA sessions re-established causing additional usage.,55.04,BSS
CUST-9317,ACC-9317,INV-GEN-D405AF,2026-09,174.1,USD,PAST_DUE,2026-10-05,CHG-GEN-07828B,PLAN,FIBER_BROADBAND minutes billed during scheduled maintenance overrun. Maintenance window exceeded planned duration.,136.88,BSS
CUST-6887,ACC-6887,INV-GEN-FD52DC,2026-09,151.09,USD,ISSUED,2026-10-05,CHG-GEN-91C658,PLAN,FIBER_BROADBAND charge billed during core routing misconfiguration outage. Services were disrupted but metering continued.,130.75,BSS
CUST-5307,ACC-5307,INV-GEN-8631BD,2026-09,220.91,USD,PAST_DUE,2026-10-05,CHG-GEN-44085E,DATA,Data top-up charge unpaid after reported insufficient funds. Auto-payment declined by issuer.,161.61,BSS
CUST-2085,ACC-2085,INV-GEN-56C2FB,2026-09,209.17,USD,ISSUED,2026-10-05,CHG-GEN-ABE1E2,DATA,Data top-up charge unpaid after reported insufficient funds. Auto-payment declined by issuer.,156.78,BSS
CUST-6434,ACC-6434,INV-GEN-414EE4,2026-09,166.63,USD,ISSUED,2026-10-05,CHG-GEN-6175ED,DATA,Data top-up charge unpaid after reported insufficient funds. Auto-payment declined by issuer.,133.7,BSS
CUST-8964,ACC-8964,INV-GEN-BF92C5,2026-09,180.17,USD,PAST_DUE,2026-10-05,CHG-GEN-81E16E,DATA,Data top-up charge unpaid after reported insufficient funds. Auto-payment declined by issuer.,137.62,BSS
CUST-7690,ACC-7690,INV-GEN-B63E94,2026-09,128.06,USD,PAST_DUE,2026-10-05,CHG-GEN-7BBDE5,PLAN,FIBER_BROADBAND charge during regional switch failover. Incomplete failover caused partial service with continued billing.,68.93,BSS
CUST-4952,ACC-4952,INV-GEN-942F32,2026-09,199.17,USD,PAST_DUE,2026-10-05,CHG-GEN-322387,PLAN,Plan charge held pending updated card on file. Auto-payment failed due to expired card.,170.9,BSS
CUST-6594,ACC-6594,INV-GEN-E16720,2026-08,127.49,USD,PAST_DUE,2026-10-05,CHG-GEN-42691C,DATA,Data session retries during cell outage at SITE-UAE-DXB-01 (59 min). VOICE sessions re-established causing additional usage.,72.93,BSS
CUST-6035,ACC-6035,INV-GEN-BEC5EA,2026-09,119.06,USD,ISSUED,2026-10-05,CHG-GEN-06CB07,DATA,Charge re-rated after Mediation API p95 latency breach (3826.5). Original rating adjusted due to API performance degradation.,66.13,BSS
CUST-4561,ACC-4561,INV-GEN-874772,2026-09,218.16,USD,PAST_DUE,2026-10-05,CHG-GEN-617CB9,PLAN,FIBER_BROADBAND charge during regional switch failover. Incomplete failover caused partial service with continued billing.,164.31,BSS
CUST-9691,ACC-9691,INV-GEN-EA9402,2026-09,79.48,USD,ISSUED,2026-10-05,CHG-GEN-35C9B4,ROAMING,Roaming charge re-rated after partner outage near SITE-FR-PAR-021. Fallback rating applied during 165 min disruption.,56.77,BSS
CUST-9454,ACC-9454,INV-GEN-AB2340,2026-09,191.25,USD,PAST_DUE,2026-10-05,CHG-GEN-86D26E,DATA,Charge processed after mediation-svc error recovery. System log: Elevated queue depth — processing lag detected. Late-rated usage applied to current cycle.,146.35,BSS
CUST-4829,ACC-4829,INV-GEN-1A3224,2026-09,82.32,USD,PAST_DUE,2026-10-05,CHG-GEN-193C0C,DATA,Data session retries during cell outage at SITE-UK-LON-014 (126 min). VOICE sessions re-established causing additional usage.,37.44,BSS
CUST-8171,ACC-8171,INV-GEN-74F567,2026-09,188.02,USD,PAST_DUE,2026-10-05,CHG-GEN-A22FB6,DATA,Charge processed after charging-api error recovery. System log: Pod crash-loop-backoff (OOMKilled). Late-rated usage applied to current cycle.,165.08,BSS
CUST-7058,ACC-7058,INV-GEN-40A8CD,2026-08,166.76,USD,PAST_DUE,2026-10-05,CHG-GEN-10C647,ROAMING,Charge re-rated after Partner API timeout rate breach (10.0). Original rating adjusted due to API performance degradation.,117.89,BSS
CUST-6609,ACC-6609,INV-GEN-13C7D6,2026-09,110.37,USD,ISSUED,2026-10-05,CHG-GEN-06EAF3,VOICE,Excess data usage due to signal degradation at SITE-UAE-DXB-01 (130 min). Poor signal caused retransmissions.,59.49,BSS
CUST-5038,ACC-5038,INV-GEN-38AB7F,2026-09,94.78,USD,ISSUED,2026-10-05,CHG-GEN-62BE72,ROAMING,Charge re-rated after Partner API timeout rate breach (14.7). Original rating adjusted due to API performance degradation.,60.13,BSS
CUST-7121,ACC-7121,INV-GEN-0D8537,2026-09,132.66,USD,ISSUED,2026-10-05,CHG-GEN-B0F22D,DATA,Data top-up charge unpaid after reported insufficient funds. Auto-payment declined by issuer.,107.63,BSS
CUST-5843,ACC-5843,INV-GEN-F8821D,2026-09,188.31,USD,ISSUED,2026-10-05,CHG-GEN-CD8044,PLAN,Charge delayed due to issuer timeout during payment processing. Will retry next cycle.,130.66,BSS
CUST-3028,ACC-3028,INV-GEN-CEB16A,2026-09,164.15,USD,ISSUED,2026-10-05,CHG-GEN-70EF76,DATA,Data top-up charge unpaid after reported insufficient funds. Auto-payment declined by issuer.,124.99,BSS
CUST-7289,ACC-7289,INV-GEN-E9106C,2026-09,119.81,USD,PAST_DUE,2026-10-05,CHG-GEN-14FBF7,VOICE,VOICE charge during regional switch failover. Incomplete failover caused partial service with continued billing.,73.19,BSS
CUST-6707,ACC-6707,INV-GEN-9A4F17,2026-08,78.67,USD,PAST_DUE,2026-10-05,CHG-GEN-1796C3,DATA,Charge processed after charging-api error recovery. System log: Pod crash-loop-backoff (OOMKilled). Late-rated usage applied to current cycle.,49.2,BSS
CUST-6876,ACC-6876,INV-GEN-E212BB,2026-09,106.97,USD,PAST_DUE,2026-10-05,CHG-GEN-868C84,VOICE,VOICE charge incurred during fiber cut disruption. Backup path metering applied during outage window.,85.67,BSS
CUST-8009,ACC-8009,INV-GEN-1B4CCF,2026-09,126.34,USD,ISSUED,2026-10-05,CHG-GEN-985C29,DATA,DATA charge billed during core routing misconfiguration outage. Services were disrupted but metering continued.,101.35,BSS
CUST-3739,ACC-3739,INV-GEN-41D2E9,2026-09,199.46,USD,ISSUED,2026-10-05,CHG-GEN-852423,PLAN,Plan charge held pending updated card on file. Auto-payment failed due to expired card.,158.3,BSS
CUST-4072,ACC-4072,INV-GEN-4C00E3,2026-09,185.98,USD,ISSUED,2026-10-05,CHG-GEN-BEE56C,DATA,Charge processed after rating-engine error recovery. System log: Pod crash-loop-backoff (OOMKilled). Late-rated usage applied to current cycle.,136.23,BSS
CUST-2922,ACC-2922,INV-GEN-4C2F22,2026-09,184.25,USD,PAST_DUE,2026-10-05,CHG-GEN-4D1A6A,PLAN,Charge delayed due to issuer timeout during payment processing. Will retry next cycle.,142.61,BSS
CUST-2855,ACC-2855,INV-GEN-7E90CD,2026-08,213.65,USD,ISSUED,2026-10-05,CHG-GEN-BB41D3,PLAN,Plan charge held pending updated card on file. Auto-payment failed due to expired card.,177.56,BSS
CUST-8087,ACC-8087,INV-GEN-1CBC81,2026-09,95.04,USD,ISSUED,2026-10-05,CHG-GEN-FE135C,ROAMING,Charge re-rated after Partner API timeout rate breach (5.1). Original rating adjusted due to API performance degradation.,45.19,BSS
CUST-5794,ACC-5794,INV-GEN-D355E1,2026-09,182.66,USD,ISSUED,2026-10-05,CHG-GEN-FFF989,DATA,Data overage from congestion-driven re-sessions at SITE-UAE-DXB-01 (63 min). Throughput degradation led to repeated downloads.,139.39,BSS
CUST-3844,ACC-3844,INV-GEN-C03AB1,2026-08,190.23,USD,ISSUED,2026-10-05,CHG-GEN-48A397,PLAN,Charge delayed due to issuer timeout during payment processing. Will retry next cycle.,161.14,BSS
CUST-7934,ACC-7934,INV-GEN-CCA2F0,2026-09,106.38,USD,PAST_DUE,2026-10-05,CHG-GEN-8C0921,PLAN,Charge re-rated after Billing gateway throughput breach (1969.0). Original rating adjusted due to API performance degradation.,83.69,BSS
CUST-5982,ACC-5982,INV-GEN-C1D187,2026-09,205.13,USD,ISSUED,2026-10-05,CHG-GEN-055C70,DATA,Charge processed after charging-api error recovery. System log: NullPointerException in charge-calculation module. Late-rated usage applied to current cycle.,170.46,BSS
CUST-6630,ACC-6630,INV-GEN-DCEE51,2026-09,230.23,USD,PAST_DUE,2026-10-05,CHG-GEN-D4ABD3,DATA,Charge processed after mediation-svc error recovery. System log: NullPointerException in charge-calculation module. Late-rated usage applied to current cycle.,171.35,BSS
CUST-8883,ACC-8883,INV-GEN-C7CDDE,2026-09,80.78,USD,PAST_DUE,2026-10-05,CHG-GEN-EECBA0,PLAN,Plan charge held pending updated card on file. Auto-payment failed due to expired card.,57.81,BSS
CUST-3864,ACC-3864,INV-GEN-714AF8,2026-09,95.36,USD,ISSUED,2026-10-05,CHG-GEN-0A7968,PLAN,Plan charge held pending updated card on file. Auto-payment failed due to expired card.,43.93,BSS
CUST-5384,ACC-5384,INV-GEN-60B5E9,2026-09,140.99,USD,PAST_DUE,2026-10-05,CHG-GEN-9BABC0,VOICE,VOICE minutes billed during scheduled maintenance overrun. Maintenance window exceeded planned duration.,104.61,BSS
CUST-7153,ACC-7153,INV-GEN-FC594F,2026-09,182.84,USD,ISSUED,2026-10-05,CHG-GEN-450A6A,DATA,DATA minutes billed during scheduled maintenance overrun. Maintenance window exceeded planned duration.,145.0,BSS
CUST-3532,ACC-3532,INV-GEN-2BDC3E,2026-09,75.33,USD,ISSUED,2026-10-05,CHG-GEN-925336,PLAN,Charge pending — card declined by issuer. Payment retry scheduled.,40.2,BSS
CUST-8552,ACC-8552,INV-GEN-00B185,2026-09,193.62,USD,PAST_DUE,2026-10-05,CHG-GEN-34F160,PLAN,Charge processed after billing-gateway error recovery. System log: Pod crash-loop-backoff (OOMKilled). Late-rated usage applied to current cycle.,144.46,BSS
CUST-9059,ACC-9059,INV-GEN-0F428D,2026-09,150.51,USD,PAST_DUE,2026-10-05,CHG-GEN-5FB8C6,PLAN,FIBER_BROADBAND charge incurred during fiber cut disruption. Backup path metering applied during outage window.,121.66,BSS
CUST-5505,ACC-5505,INV-GEN-228523,2026-09,88.06,USD,ISSUED,2026-10-05,CHG-GEN-FC04E9,VOICE,VOICE charge during regional switch failover. Incomplete failover caused partial service with continued billing.,30.92,BSS
CUST-4255,ACC-4255,INV-GEN-1AF7C6,2026-09,200.11,USD,PAST_DUE,2026-10-05,CHG-GEN-1532A3,PLAN,Plan charge held pending updated card on file. Auto-payment failed due to expired card.,178.02,BSS
CUST-9640,ACC-9640,INV-GEN-8CBBE9,2026-08,212.72,USD,PAST_DUE,2026-10-05,CHG-GEN-1A6A3E,DATA,Charge re-rated after Mediation API p95 latency breach (2812.1). Original rating adjusted due to API performance degradation.,167.71,BSS
CUST-3229,ACC-3229,INV-GEN-B43009,2026-08,204.08,USD,PAST_DUE,2026-10-05,CHG-GEN-DB27BE,DATA,Charge re-rated after Mediation API p95 latency breach (5201.3). Original rating adjusted due to API performance degradation.,177.56,BSS
CUST-2558,ACC-2558,INV-GEN-E76380,2026-08,63.71,USD,PAST_DUE,2026-10-05,CHG-GEN-9C6FCA,PLAN,Charge pending — card declined by issuer. Payment retry scheduled.,31.0,BSS
CUST-8758,ACC-8758,INV-GEN-DE47C5,2026-08,81.43,USD,ISSUED,2026-10-05,CHG-GEN-6F539A,DATA,Charge processed after mediation-svc error recovery. System log: Pod crash-loop-backoff (OOMKilled). Late-rated usage applied to current cycle.,32.99,BSS
CUST-9740,ACC-9740,INV-GEN-8681ED,2026-09,162.7,USD,ISSUED,2026-10-05,CHG-GEN-CB1A8F,ROAMING,Charge re-rated after Partner API timeout rate breach (9.6). Original rating adjusted due to API performance degradation.,108.55,BSS
CUST-2603,ACC-2603,INV-GEN-CD8E22,2026-09,203.74,USD,PAST_DUE,2026-10-05,CHG-GEN-C64E47,PLAN,Plan charge held pending updated card on file. Auto-payment failed due to expired card.,169.09,BSS
CUST-2177,ACC-2177,INV-GEN-F794DE,2026-09,99.53,USD,ISSUED,2026-10-05,CHG-GEN-C576C4,PLAN,Charge delayed due to issuer timeout during payment processing. Will retry next cycle.,66.46,BSS
CUST-4948,ACC-4948,INV-GEN-96EFAB,2026-08,156.37,USD,ISSUED,2026-10-05,CHG-GEN-87B8D3,PLAN,FIBER_BROADBAND charge during regional switch failover. Incomplete failover caused partial service with continued billing.,134.6,BSS
CUST-9505,ACC-9505,INV-GEN-4F146E,2026-08,134.77,USD,ISSUED,2026-10-05,CHG-GEN-D600E5,DATA,Charge processed after charging-api error recovery. System log: Pod crash-loop-backoff (OOMKilled). Late-rated usage applied to current cycle.,74.86,BSS
CUST-9027,ACC-9027,INV-GEN-D29039,2026-09,93.86,USD,ISSUED,2026-10-05,CHG-GEN-843F28,DATA,Charge processed after charging-api error recovery. System log: Elevated queue depth — processing lag detected. Late-rated usage applied to current cycle.,61.13,BSS
CUST-3308,ACC-3308,INV-GEN-CD961C,2026-09,96.2,USD,PAST_DUE,2026-10-05,CHG-GEN-5B57C5,DATA,DATA minutes billed during scheduled maintenance overrun. Maintenance window exceeded planned duration.,76.08,BSS
CUST-6783,ACC-6783,INV-GEN-261318,2026-09,153.22,USD,PAST_DUE,2026-10-05,CHG-GEN-441F5C,DATA,Data session retries during cell outage at SITE-DE-BER-002 (53 min). DATA sessions re-established causing additional usage.,96.86,BSS
CUST-9973,ACC-9973,INV-GEN-BDACF6,2026-09,188.95,USD,PAST_DUE,2026-10-05,CHG-GEN-159A43,VOICE,Excess data usage due to signal degradation at SITE-UAE-DXB-01 (230 min). Poor signal caused retransmissions.,131.34,BSS
CUST-3405,ACC-3405,INV-GEN-306489,2026-09,132.46,USD,PAST_DUE,2026-10-05,CHG-GEN-49631E,DATA,Data overage from congestion-driven re-sessions at SITE-UAE-DXB-01 (169 min). Throughput degradation led to repeated downloads.,106.11,BSS
CUST-3704,ACC-3704,INV-GEN-8A59D7,2026-09,168.79,USD,PAST_DUE,2026-10-05,CHG-GEN-CD2614,PLAN,Charge processed after billing-gateway error recovery. System log: Elevated queue depth — processing lag detected. Late-rated usage applied to current cycle.,111.38,BSS
CUST-5731,ACC-5731,INV-GEN-23D65D,2026-09,111.59,USD,ISSUED,2026-10-05,CHG-GEN-A416E4,VOICE,VOICE charge during regional switch failover. Incomplete failover caused partial service with continued billing.,83.24,BSS
CUST-3268,ACC-3268,INV-GEN-B05A62,2026-08,195.97,USD,ISSUED,2026-10-05,CHG-GEN-F5B7DE,PLAN,Charge pending — card declined by issuer. Payment retry scheduled.,158.35,BSS
CUST-9673,ACC-9673,INV-GEN-D5444A,2026-08,168.42,USD,PAST_DUE,2026-10-05,CHG-GEN-9BA10B,PLAN,Charge processed after billing-gateway error recovery. System log: NullPointerException in charge-calculation module. Late-rated usage applied to current cycle.,114.78,BSS
CUST-5145,ACC-5145,INV-GEN-BD2B5F,2026-08,186.32,USD,PAST_DUE,2026-10-05,CHG-GEN-2BF266,PLAN,Charge delayed due to issuer timeout during payment processing. Will retry next cycle.,156.01,BSS
CUST-2239,ACC-2239,INV-GEN-713CA8,2026-09,67.04,USD,ISSUED,2026-10-05,CHG-GEN-2488F6,DATA,Charge processed after mediation-svc error recovery. System log: Elevated queue depth — processing lag detected. Late-rated usage applied to current cycle.,32.37,BSS
CUST-2467,ACC-2467,INV-GEN-B69DC7,2026-08,177.82,USD,PAST_DUE,2026-10-05,CHG-GEN-831951,PLAN,FIBER_BROADBAND minutes billed during scheduled maintenance overrun. Maintenance window exceeded planned duration.,117.94,BSS
CUST-9988,ACC-9988,INV-GEN-8BDC73,2026-09,158.0,USD,PAST_DUE,2026-10-05,CHG-GEN-164900,ROAMING,Roaming charge re-rated after partner outage near SITE-UK-LON-014. Fallback rating applied during 30 min disruption.,129.95,BSS
CUST-9373,ACC-9373,INV-GEN-A1F7F8,2026-08,143.39,USD,PAST_DUE,2026-10-05,CHG-GEN-5E5C73,PLAN,FIBER_BROADBAND charge incurred during fiber cut disruption. Backup path metering applied during outage window.,103.5,BSS
CUST-2418,ACC-2418,INV-GEN-F4C635,2026-09,197.57,USD,PAST_DUE,2026-10-05,CHG-GEN-5C82B9,PLAN,FIBER_BROADBAND charge during regional switch failover. Incomplete failover caused partial service with continued billing.,169.91,BSS
CUST-9035,ACC-9035,INV-GEN-D8CF8B,2026-08,147.0,USD,ISSUED,2026-10-05,CHG-GEN-A4EB06,PLAN,Charge processed after billing-gateway error recovery. System log: NullPointerException in charge-calculation module. Late-rated usage applied to current cycle.,95.99,BSS
CUST-6925,ACC-6925,INV-GEN-6E4FE7,2026-09,91.74,USD,PAST_DUE,2026-10-05,CHG-GEN-F4A90A,DATA,Charge processed after mediation-svc error recovery. System log: NullPointerException in charge-calculation module. Late-rated usage applied to current cycle.,33.92,BSS
CUST-8486,ACC-8486,INV-GEN-FED221,2026-09,111.47,USD,PAST_DUE,2026-10-05,CHG-GEN-D1DC02,ROAMING,Charge re-rated after Partner API timeout rate breach (8.1). Original rating adjusted due to API performance degradation.,80.04,BSS
CUST-2637,ACC-2637,INV-GEN-131C97,2026-09,152.43,USD,ISSUED,2026-10-05,CHG-GEN-63F7A5,DATA,Data overage from congestion-driven re-sessions at SITE-UK-LON-014 (231 min). Throughput degradation led to repeated downloads.,127.64,BSS
CUST-4398,ACC-4398,INV-GEN-A4ADCE,2026-09,164.51,USD,PAST_DUE,2026-10-05,CHG-GEN-67F9D7,DATA,Data overage from congestion-driven re-sessions at SITE-UAE-DXB-01 (109 min). Throughput degradation led to repeated downloads.,125.74,BSS
CUST-5268,ACC-5268,INV-GEN-EF854E,2026-09,218.9,USD,ISSUED,2026-10-05,CHG-GEN-77FD63,PLAN,Charge delayed due to issuer timeout during payment processing. Will retry next cycle.,161.91,BSS
CUST-4508,ACC-4508,INV-GEN-717D34,2026-09,147.72,USD,ISSUED,2026-10-05,CHG-GEN-5F06C4,DATA,Data top-up charge unpaid after reported insufficient funds. Auto-payment declined by issuer.,110.56,BSS
CUST-6640,ACC-6640,INV-GEN-1ABAF5,2026-09,158.02,USD,ISSUED,2026-10-05,CHG-GEN-557C16,DATA,DATA charge during regional switch failover. Incomplete failover caused partial service with continued billing.,110.87,BSS
CUST-5925,ACC-5925,INV-GEN-13DE2B,2026-08,112.36,USD,PAST_DUE,2026-10-05,CHG-GEN-E65D15,DATA,Charge processed after mediation-svc error recovery. System log: NullPointerException in charge-calculation module. Late-rated usage applied to current cycle.,63.18,BSS
CUST-3878,ACC-3878,INV-GEN-2BA2A3,2026-09,169.19,USD,ISSUED,2026-10-05,CHG-GEN-B963A5,PLAN,FIBER_BROADBAND charge incurred during fiber cut disruption. Backup path metering applied during outage window.,124.96,BSS
CUST-3052,ACC-3052,INV-GEN-191E53,2026-09,100.72,USD,ISSUED,2026-10-05,CHG-GEN-8CFDDB,VOICE,Excess data usage due to signal degradation at SITE-FR-PAR-021 (119 min). Poor signal caused retransmissions.,65.74,BSS
CUST-9799,ACC-9799,INV-GEN-203DD0,2026-08,152.95,USD,ISSUED,2026-10-05,CHG-GEN-BC8D24,DATA,DATA charge incurred during fiber cut disruption. Backup path metering applied during outage window.,132.81,BSS
CUST-7704,ACC-7704,INV-GEN-F9276C,2026-08,209.21,USD,ISSUED,2026-10-05,CHG-GEN-2B6D29,DATA,DATA minutes billed during scheduled maintenance overrun. Maintenance window exceeded planned duration.,159.51,BSS
CUST-2315,ACC-2315,INV-GEN-E714FB,2026-08,202.92,USD,ISSUED,2026-10-05,CHG-GEN-3FA255,PLAN,Charge re-rated after Billing gateway throughput breach (3887.2). Original rating adjusted due to API performance degradation.,158.97,BSS
CUST-2689,ACC-2689,INV-GEN-9BBF0D,2026-09,170.93,USD,PAST_DUE,2026-10-05,CHG-GEN-BD9CA7,VOICE,VOICE charge billed during core routing misconfiguration outage. Services were disrupted but metering continued.,144.81,BSS
CUST-6764,ACC-6764,INV-GEN-951218,2026-08,130.48,USD,ISSUED,2026-10-05,CHG-GEN-78A4BA,DATA,Data top-up charge unpaid after reported insufficient funds. Auto-payment declined by issuer.,70.49,BSS
CUST-5519,ACC-5519,INV-GEN-26D0AF,2026-09,174.43,USD,PAST_DUE,2026-10-05,CHG-GEN-40C4EB,PLAN,FIBER_BROADBAND minutes billed during scheduled maintenance overrun. Maintenance window exceeded planned duration.,139.9,BSS
CUST-8106,ACC-8106,INV-GEN-5C35DC,2026-08,103.8,USD,PAST_DUE,2026-10-05,CHG-GEN-3949A9,PLAN,Charge processed after billing-gateway error recovery. System log: Elevated queue depth — processing lag detected. Late-rated usage applied to current cycle.,61.48,BSS
CUST-8627,ACC-8627,INV-GEN-E6544B,2026-09,82.19,USD,PAST_DUE,2026-10-05,CHG-GEN-5E22C0,ROAMING,Charge re-rated after Partner API timeout rate breach (15.0). Original rating adjusted due to API performance degradation.,45.34,BSS
CUST-7117,ACC-7117,INV-GEN-B8E986,2026-09,108.19,USD,PAST_DUE,2026-10-05,CHG-GEN-3D268F,DATA,Charge re-rated after Charging API error rate breach (4.8). Original rating adjusted due to API performance degradation.,69.56,BSS
CUST-3532,ACC-3532,INV-GEN-8780C7,2026-09,193.25,USD,PAST_DUE,2026-10-05,CHG-GEN-E02810,ROAMING,Roaming charge re-rated after partner outage near SITE-FR-PAR-021. Fallback rating applied during 20 min disruption.,143.16,BSS
CUST-7594,ACC-7594,INV-GEN-19FF71,2026-09,104.19,USD,ISSUED,2026-10-05,CHG-GEN-4FBDE5,PLAN,Charge pending — card declined by issuer. Payment retry scheduled.,65.7,BSS
CUST-9615,ACC-9615,INV-GEN-F7B5A6,2026-09,122.51,USD,ISSUED,2026-10-05,CHG-GEN-F11373,DATA,Data overage from congestion-driven re-sessions at SITE-UAE-DXB-01 (106 min). Throughput degradation led to repeated downloads.,63.43,BSS
CUST-4510,ACC-4510,INV-GEN-562575,2026-08,92.66,USD,ISSUED,2026-10-05,CHG-GEN-7957E5,DATA,Data overage from congestion-driven re-sessions at SITE-UAE-DXB-01 (135 min). Throughput degradation led to repeated downloads.,49.82,BSS
CUST-3907,ACC-3907,INV-GEN-319202,2026-09,182.26,USD,ISSUED,2026-10-05,CHG-GEN-88C9BD,VOICE,VOICE charge incurred during fiber cut disruption. Backup path metering applied during outage window.,132.25,BSS
CUST-3637,ACC-3637,INV-GEN-8782A9,2026-09,185.47,USD,PAST_DUE,2026-10-05,CHG-GEN-D71CDF,DATA,DATA charge incurred during fiber cut disruption. Backup path metering applied during outage window.,153.78,BSS
CUST-4306,ACC-4306,INV-GEN-0E5D81,2026-09,126.52,USD,PAST_DUE,2026-10-05,CHG-GEN-88424C,DATA,Charge re-rated after Charging API error rate breach (6.3). Original rating adjusted due to API performance degradation.,71.36,BSS
CUST-4340,ACC-4340,INV-GEN-045EEA,2026-09,140.49,USD,ISSUED,2026-10-05,CHG-GEN-1F7CA5,PLAN,Charge delayed due to issuer timeout during payment processing. Will retry next cycle.,89.75,BSS
CUST-7156,ACC-7156,INV-GEN-DF0E3F,2026-09,176.54,USD,ISSUED,2026-10-05,CHG-GEN-E8CDE1,DATA,Data session retries during cell outage at SITE-UAE-DXB-01 (154 min). VOICE sessions re-established causing additional usage.,132.56,BSS
CUST-9835,ACC-9835,INV-GEN-A8254D,2026-09,85.54,USD,PAST_DUE,2026-10-05,CHG-GEN-644BB8,VOICE,VOICE charge incurred during fiber cut disruption. Backup path metering applied during outage window.,44.36,BSS
CUST-3114,ACC-3114,INV-GEN-FDDB41,2026-09,159.45,USD,PAST_DUE,2026-10-05,CHG-GEN-2894ED,DATA,Charge re-rated after Charging API error rate breach (4.6). Original rating adjusted due to API performance degradation.,100.63,BSS
CUST-8978,ACC-8978,INV-GEN-9FD2E9,2026-08,168.52,USD,ISSUED,2026-10-05,CHG-GEN-78BEF9,DATA,Data top-up charge unpaid after reported insufficient funds. Auto-payment declined by issuer.,121.46,BSS
CUST-9262,ACC-9262,INV-GEN-09E518,2026-09,115.02,USD,PAST_DUE,2026-10-05,CHG-GEN-06949A,PLAN,FIBER_BROADBAND charge incurred during fiber cut disruption. Backup path metering applied during outage window.,64.52,BSS
CUST-3372,ACC-3372,INV-GEN-A24D58,2026-08,92.6,USD,PAST_DUE,2026-10-05,CHG-GEN-ECFF47,PLAN,Charge re-rated after Billing gateway throughput breach (2976.5). Original rating adjusted due to API performance degradation.,62.69,BSS
CUST-9861,ACC-9861,INV-GEN-4E759C,2026-08,144.57,USD,ISSUED,2026-10-05,CHG-GEN-710E44,DATA,DATA charge billed during core routing misconfiguration outage. Services were disrupted but metering continued.,109.51,BSS
CUST-7161,ACC-7161,INV-GEN-30D6AE,2026-09,149.45,USD,ISSUED,2026-10-05,CHG-GEN-D449AF,VOICE,Excess data usage due to signal degradation at SITE-DE-BER-002 (115 min). Poor signal caused retransmissions.,126.72,BSS
CUST-5127,ACC-5127,INV-GEN-1BA5D8,2026-09,64.48,USD,ISSUED,2026-10-05,CHG-GEN-8A2E6B,PLAN,Plan charge held pending updated card on file. Auto-payment failed due to expired card.,39.1,BSS
CUST-3880,ACC-3880,INV-GEN-C8D95D,2026-08,110.17,USD,PAST_DUE,2026-10-05,CHG-GEN-34FCF8,DATA,Charge processed after mediation-svc error recovery. System log: Elevated queue depth — processing lag detected. Late-rated usage applied to current cycle.,50.49,BSS
CUST-2562,ACC-2562,INV-GEN-CC3AE8,2026-08,209.84,USD,ISSUED,2026-10-05,CHG-GEN-F1BB23,DATA,Data top-up charge unpaid after reported insufficient funds. Auto-payment declined by issuer.,163.4,BSS
CUST-3071,ACC-3071,INV-GEN-DE3AEC,2026-09,102.63,USD,ISSUED,2026-10-05,CHG-GEN-BE7B46,DATA,Data top-up charge unpaid after reported insufficient funds. Auto-payment declined by issuer.,80.05,BSS
CUST-2868,ACC-2868,INV-GEN-95542B,2026-09,155.72,USD,ISSUED,2026-10-05,CHG-GEN-8F238C,PLAN,FIBER_BROADBAND minutes billed during scheduled maintenance overrun. Maintenance window exceeded planned duration.,129.59,BSS
CUST-5966,ACC-5966,INV-GEN-D56419,2026-09,174.76,USD,PAST_DUE,2026-10-05,CHG-GEN-C492C4,DATA,Charge processed after charging-api error recovery. System log: Elevated queue depth — processing lag detected. Late-rated usage applied to current cycle.,152.01,BSS
CUST-7104,ACC-7104,INV-GEN-E46730,2026-09,110.27,USD,PAST_DUE,2026-10-05,CHG-GEN-F91CC4,DATA,Charge processed after rating-engine error recovery. System log: Pod crash-loop-backoff (OOMKilled). Late-rated usage applied to current cycle.,85.05,BSS
CUST-6018,ACC-6018,INV-GEN-A8514B,2026-09,112.17,USD,ISSUED,2026-10-05,CHG-GEN-9BF6F5,PLAN,Charge pending — card declined by issuer. Payment retry scheduled.,59.68,BSS
CUST-5154,ACC-5154,INV-GEN-19141D,2026-09,98.05,USD,PAST_DUE,2026-10-05,CHG-GEN-404E4D,DATA,Charge processed after mediation-svc error recovery. System log: Elevated queue depth — processing lag detected. Late-rated usage applied to current cycle.,67.64,BSS
CUST-6732,ACC-6732,INV-GEN-740F6D,2026-08,103.07,USD,PAST_DUE,2026-10-05,CHG-GEN-1BF2D6,DATA,Charge processed after charging-api error recovery. System log: NullPointerException in charge-calculation module. Late-rated usage applied to current cycle.,60.41,BSS
CUST-6321,ACC-6321,INV-GEN-D9BBE8,2026-09,114.97,USD,PAST_DUE,2026-10-05,CHG-GEN-BB5845,DATA,Data overage from congestion-driven re-sessions at SITE-UAE-DXB-01 (208 min). Throughput degradation led to repeated downloads.,66.89,BSS
CUST-7445,ACC-7445,INV-GEN-6AF447,2026-09,138.64,USD,ISSUED,2026-10-05,CHG-GEN-D5A5A7,DATA,Charge processed after mediation-svc error recovery. System log: Pod crash-loop-backoff (OOMKilled). Late-rated usage applied to current cycle.,88.09,BSS
CUST-4816,ACC-4816,INV-GEN-72723D,2026-09,142.43,USD,ISSUED,2026-10-05,CHG-GEN-62990F,DATA,Data session retries during cell outage at SITE-UK-LON-014 (51 min). DATA sessions re-established causing additional usage.,89.26,BSS
CUST-4047,ACC-4047,INV-GEN-8167DF,2026-09,89.11,USD,PAST_DUE,2026-10-05,CHG-GEN-833A26,PLAN,Charge delayed due to issuer timeout during payment processing. Will retry next cycle.,37.14,BSS
CUST-8724,ACC-8724,INV-GEN-0EA232,2026-09,137.15,USD,PAST_DUE,2026-10-05,CHG-GEN-EC44CC,DATA,Charge processed after mediation-svc error recovery. System log: Pod crash-loop-backoff (OOMKilled). Late-rated usage applied to current cycle.,101.71,BSS
CUST-4375,ACC-4375,INV-GEN-B66726,2026-09,93.58,USD,PAST_DUE,2026-10-05,CHG-GEN-75035F,ROAMING,Roaming charge re-rated after partner outage near SITE-UAE-DXB-01. Fallback rating applied during 155 min disruption.,56.26,BSS
CUST-5848,ACC-5848,INV-GEN-4E70E9,2026-09,97.11,USD,ISSUED,2026-10-05,CHG-GEN-ED27ED,ROAMING,Roaming charge re-rated after partner outage near SITE-ES-MAD-009. Fallback rating applied during 148 min disruption.,74.59,BSS
CUST-5444,ACC-5444,INV-GEN-AFB48D,2026-08,81.88,USD,ISSUED,2026-10-05,CHG-GEN-667FB8,ROAMING,Charge re-rated after Partner API timeout rate breach (12.4). Original rating adjusted due to API performance degradation.,44.08,BSS
CUST-8603,ACC-8603,INV-GEN-863517,2026-09,69.16,USD,ISSUED,2026-10-05,CHG-GEN-5C57CA,ROAMING,Roaming charge re-rated after partner outage near SITE-ES-MAD-009. Fallback rating applied during 63 min disruption.,41.36,BSS
CUST-2181,ACC-2181,INV-GEN-C83309,2026-09,103.68,USD,PAST_DUE,2026-10-05,CHG-GEN-6F47D6,DATA,Charge re-rated after Charging API error rate breach (13.3). Original rating adjusted due to API performance degradation.,49.22,BSS
CUST-6298,ACC-6298,INV-GEN-5DE98A,2026-09,67.25,USD,PAST_DUE,2026-10-05,CHG-GEN-9D47C2,PLAN,Charge pending — card declined by issuer. Payment retry scheduled.,33.45,BSS
CUST-7785,ACC-7785,INV-GEN-FD90C4,2026-08,134.12,USD,PAST_DUE,2026-10-05,CHG-GEN-4DC5A0,ROAMING,Roaming charge re-rated after partner outage near SITE-UAE-DXB-01. Fallback rating applied during 95 min disruption.,85.75,BSS
CUST-3051,ACC-3051,INV-GEN-820932,2026-09,181.42,USD,ISSUED,2026-10-05,CHG-GEN-F79B37,DATA,DATA charge during regional switch failover. Incomplete failover caused partial service with continued billing.,153.09,BSS
CUST-5264,ACC-5264,INV-GEN-EAD5FD,2026-08,217.14,USD,PAST_DUE,2026-10-05,CHG-GEN-C926AB,PLAN,FIBER_BROADBAND charge during regional switch failover. Incomplete failover caused partial service with continued billing.,163.24,BSS
CUST-3941,ACC-3941,INV-GEN-77C999,2026-09,109.71,USD,PAST_DUE,2026-10-05,CHG-GEN-A687C4,PLAN,Charge pending — card declined by issuer. Payment retry scheduled.,89.59,BSS
CUST-7081,ACC-7081,INV-GEN-872D8B,2026-09,202.25,USD,PAST_DUE,2026-10-05,CHG-GEN-917575,DATA,Charge processed after mediation-svc error recovery. System log: NullPointerException in charge-calculation module. Late-rated usage applied to current cycle.,170.69,BSS
CUST-3610,ACC-3610,INV-GEN-605C97,2026-09,73.03,USD,ISSUED,2026-10-05,CHG-GEN-D6F5E3,DATA,Charge processed after rating-engine error recovery. System log: Pod crash-loop-backoff (OOMKilled). Late-rated usage applied to current cycle.,32.87,BSS
CUST-7257,ACC-7257,INV-GEN-DC1A45,2026-08,97.18,USD,PAST_DUE,2026-10-05,CHG-GEN-6F0DD4,VOICE,VOICE minutes billed during scheduled maintenance overrun. Maintenance window exceeded planned duration.,66.6,BSS
CUST-5356,ACC-5356,INV-GEN-7A57D2,2026-09,171.7,USD,ISSUED,2026-10-05,CHG-GEN-823198,DATA,Data session retries during cell outage at SITE-UK-LON-014 (40 min). DATA sessions re-established causing additional usage.,151.1,BSS
CUST-7400,ACC-7400,INV-GEN-196023,2026-09,138.01,USD,ISSUED,2026-10-05,CHG-GEN-B1C589,PLAN,Charge pending — card declined by issuer. Payment retry scheduled.,115.82,BSS
CUST-5265,ACC-5265,INV-GEN-3ECC9B,2026-09,173.8,USD,PAST_DUE,2026-10-05,CHG-GEN-7B82D1,DATA,Data top-up charge unpaid after reported insufficient funds. Auto-payment declined by issuer.,143.59,BSS
CUST-4080,ACC-4080,INV-GEN-CA3D48,2026-09,183.51,USD,ISSUED,2026-10-05,CHG-GEN-29B761,DATA,Charge processed after charging-api error recovery. System log: NullPointerException in charge-calculation module. Late-rated usage applied to current cycle.,153.82,BSS
CUST-8467,ACC-8467,INV-GEN-A4ED26,2026-09,197.36,USD,ISSUED,2026-10-05,CHG-GEN-FF231B,VOICE,Excess data usage due to signal degradation at SITE-UAE-DXB-01 (44 min). Poor signal caused retransmissions.,147.41,BSS
CUST-7970,ACC-7970,INV-GEN-5042E6,2026-08,198.55,USD,ISSUED,2026-10-05,CHG-GEN-380E29,DATA,Data top-up charge unpaid after reported insufficient funds. Auto-payment declined by issuer.,145.1,BSS
CUST-2475,ACC-2475,INV-GEN-0570A2,2026-09,116.83,USD,ISSUED,2026-10-05,CHG-GEN-59C26A,ROAMING,Roaming charge re-rated after partner outage near SITE-FR-PAR-021. Fallback rating applied during 161 min disruption.,84.24,BSS
CUST-4703,ACC-4703,INV-GEN-3963A9,2026-09,142.8,USD,ISSUED,2026-10-05,CHG-GEN-77FFDF,ROAMING,Roaming charge re-rated after partner outage near SITE-UK-LON-014. Fallback rating applied during 172 min disruption.,117.45,BSS
CUST-8362,ACC-8362,INV-GEN-E36D7C,2026-09,176.22,USD,ISSUED,2026-10-05,CHG-GEN-C0AA48,DATA,Charge processed after rating-engine error recovery. System log: NullPointerException in charge-calculation module. Late-rated usage applied to current cycle.,125.04,BSS
CUST-4413,ACC-4413,INV-GEN-87A4EB,2026-08,137.69,USD,ISSUED,2026-10-05,CHG-GEN-96A2A7,ROAMING,Roaming charge re-rated after partner outage near SITE-UAE-DXB-01. Fallback rating applied during 196 min disruption.,99.01,BSS
CUST-6389,ACC-6389,INV-GEN-1B0116,2026-09,118.3,USD,ISSUED,2026-10-05,CHG-GEN-B2B518,ROAMING,Roaming charge re-rated after partner outage near SITE-UK-LON-014. Fallback rating applied during 73 min disruption.,81.58,BSS
CUST-3038,ACC-3038,INV-GEN-743CA0,2026-08,181.98,USD,PAST_DUE,2026-10-05,CHG-GEN-893EA5,DATA,Charge processed after rating-engine error recovery. System log: Pod crash-loop-backoff (OOMKilled). Late-rated usage applied to current cycle.,138.41,BSS
CUST-3149,ACC-3149,INV-GEN-FCF25D,2026-09,143.47,USD,PAST_DUE,2026-10-05,CHG-GEN-E76181,VOICE,VOICE charge billed during core routing misconfiguration outage. Services were disrupted but metering continued.,101.12,BSS
CUST-8557,ACC-8557,INV-GEN-5E3C3A,2026-08,85.59,USD,ISSUED,2026-10-05,CHG-GEN-F04DF6,PLAN,Plan charge held pending updated card on file. Auto-payment failed due to expired card.,53.01,BSS
CUST-2688,ACC-2688,INV-GEN-766A0A,2026-09,106.18,USD,ISSUED,2026-10-05,CHG-GEN-0FFE4A,DATA,Data top-up charge unpaid after reported insufficient funds. Auto-payment declined by issuer.,53.86,BSS
CUST-9271,ACC-9271,INV-GEN-4046DC,2026-09,219.86,USD,PAST_DUE,2026-10-05,CHG-GEN-61595C,PLAN,Plan charge held pending updated card on file. Auto-payment failed due to expired card.,164.36,BSS
CUST-9072,ACC-9072,INV-GEN-505A69,2026-09,181.01,USD,PAST_DUE,2026-10-05,CHG-GEN-9BB7B0,DATA,Data session retries during cell outage at SITE-DE-BER-002 (237 min). DATA sessions re-established causing additional usage.,155.89,BSS
CUST-4367,ACC-4367,INV-GEN-FD0A7D,2026-08,75.33,USD,PAST_DUE,2026-10-05,CHG-GEN-0CEC99,DATA,Data session retries during cell outage at SITE-UK-LON-014 (167 min). VOICE sessions re-established causing additional usage.,31.81,BSS
CUST-3889,ACC-3889,INV-GEN-9430DC,2026-08,92.46,USD,ISSUED,2026-10-05,CHG-GEN-75E877,DATA,Data overage from congestion-driven re-sessions at SITE-DE-BER-002 (178 min). Throughput degradation led to repeated downloads.,66.12,BSS
CUST-2444,ACC-2444,INV-GEN-8D9E6D,2026-09,152.51,USD,ISSUED,2026-10-05,CHG-GEN-924C0E,DATA,Data overage from congestion-driven re-sessions at SITE-FR-PAR-021 (165 min). Throughput degradation led to repeated downloads.,97.8,BSS
CUST-6959,ACC-6959,INV-GEN-8A8950,2026-09,113.05,USD,ISSUED,2026-10-05,CHG-GEN-9F7107,VOICE,Excess data usage due to signal degradation at SITE-UAE-DXB-01 (153 min). Poor signal caused retransmissions.,87.22,BSS
CUST-2622,ACC-2622,INV-GEN-561193,2026-09,86.31,USD,PAST_DUE,2026-10-05,CHG-GEN-15ABCD,PLAN,FIBER_BROADBAND charge during regional switch failover. Incomplete failover caused partial service with continued billing.,51.26,BSS
CUST-4901,ACC-4901,INV-GEN-D15E1D,2026-09,127.98,USD,ISSUED,2026-10-05,CHG-GEN-6A9C9E,DATA,Charge re-rated after Charging API error rate breach (14.5). Original rating adjusted due to API performance degradation.,75.47,BSS
CUST-4071,ACC-4071,INV-GEN-731898,2026-09,130.18,USD,ISSUED,2026-10-05,CHG-GEN-045717,DATA,Charge processed after rating-engine error recovery. System log: NullPointerException in charge-calculation module. Late-rated usage applied to current cycle.,99.82,BSS
CUST-8555,ACC-8555,INV-GEN-2DBB3E,2026-09,209.38,USD,PAST_DUE,2026-10-05,CHG-GEN-438540,DATA,DATA charge during regional switch failover. Incomplete failover caused partial service with continued billing.,168.13,BSS
CUST-8239,ACC-8239,INV-GEN-5C1E9F,2026-08,109.18,USD,PAST_DUE,2026-10-05,CHG-GEN-2C51FE,VOICE,Excess data usage due to signal degradation at SITE-UK-LON-014 (33 min). Poor signal caused retransmissions.,73.37,BSS
CUST-6592,ACC-6592,INV-GEN-DEBDDC,2026-09,170.22,USD,ISSUED,2026-10-05,CHG-GEN-3F703B,DATA,Charge re-rated after Charging API error rate breach (15.5). Original rating adjusted due to API performance degradation.,114.32,BSS
CUST-4830,ACC-4830,INV-GEN-424739,2026-09,109.95,USD,ISSUED,2026-10-05,CHG-GEN-D5FABA,PLAN,Plan charge held pending updated card on file. Auto-payment failed due to expired card.,76.96,BSS
CUST-6658,ACC-6658,INV-GEN-F126DB,2026-09,184.62,USD,PAST_DUE,2026-10-05,CHG-GEN-CEAF06,VOICE,Excess data usage due to signal degradation at SITE-DE-BER-002 (47 min). Poor signal caused retransmissions.,146.06,BSS
CUST-3175,ACC-3175,INV-GEN-D8E0E3,2026-08,130.77,USD,ISSUED,2026-10-05,CHG-GEN-805912,DATA,Charge processed after mediation-svc error recovery. System log: Elevated queue depth — processing lag detected. Late-rated usage applied to current cycle.,82.8,BSS
CUST-3452,ACC-3452,INV-GEN-9C33C9,2026-08,80.36,USD,ISSUED,2026-10-05,CHG-GEN-5F4151,PLAN,Charge delayed due to issuer timeout during payment processing. Will retry next cycle.,37.63,BSS
CUST-5319,ACC-5319,INV-GEN-C09A01,2026-09,152.02,USD,ISSUED,2026-10-05,CHG-GEN-501197,PLAN,Charge processed after billing-gateway error recovery. System log: Elevated queue depth — processing lag detected. Late-rated usage applied to current cycle.,114.96,BSS
CUST-3867,ACC-3867,INV-GEN-1F2A6F,2026-09,152.46,USD,ISSUED,2026-10-05,CHG-GEN-3C198D,DATA,Charge re-rated after Mediation API p95 latency breach (2015.8). Original rating adjusted due to API performance degradation.,113.84,BSS
CUST-5600,ACC-5600,INV-GEN-2AB2F4,2026-09,191.28,USD,ISSUED,2026-10-05,CHG-GEN-27412D,DATA,Data top-up charge unpaid after reported insufficient funds. Auto-payment declined by issuer.,162.46,BSS
CUST-4514,ACC-4514,INV-GEN-CED2C0,2026-09,178.56,USD,ISSUED,2026-10-05,CHG-GEN-D9E37B,DATA,Charge processed after charging-api error recovery. System log: NullPointerException in charge-calculation module. Late-rated usage applied to current cycle.,140.27,BSS
CUST-2700,ACC-2700,INV-GEN-FEC0F4,2026-09,137.32,USD,ISSUED,2026-10-05,CHG-GEN-B898A6,DATA,Charge processed after charging-api error recovery. System log: NullPointerException in charge-calculation module. Late-rated usage applied to current cycle.,87.97,BSS
CUST-5606,ACC-5606,INV-GEN-3B2E8D,2026-09,98.72,USD,PAST_DUE,2026-10-05,CHG-GEN-524E91,DATA,Charge re-rated after Charging API error rate breach (6.0). Original rating adjusted due to API performance degradation.,72.44,BSS
CUST-6368,ACC-6368,INV-GEN-0821EB,2026-08,160.22,USD,PAST_DUE,2026-10-05,CHG-GEN-791F82,PLAN,Charge delayed due to issuer timeout during payment processing. Will retry next cycle.,125.99,BSS
CUST-6205,ACC-6205,INV-GEN-46300C,2026-09,81.4,USD,ISSUED,2026-10-05,CHG-GEN-36B7B6,PLAN,Charge pending — card declined by issuer. Payment retry scheduled.,58.11,BSS
CUST-3258,ACC-3258,INV-GEN-81C3B1,2026-09,178.18,USD,ISSUED,2026-10-05,CHG-GEN-DC3527,DATA,Charge processed after rating-engine error recovery. System log: Pod crash-loop-backoff (OOMKilled). Late-rated usage applied to current cycle.,144.15,BSS
CUST-8990,ACC-8990,INV-GEN-4051DD,2026-09,231.93,USD,PAST_DUE,2026-10-05,CHG-GEN-1898DA,PLAN,Charge re-rated after Billing gateway throughput breach (1147.0). Original rating adjusted due to API performance degradation.,179.31,BSS
CUST-3762,ACC-3762,INV-GEN-11752C,2026-09,157.44,USD,PAST_DUE,2026-10-05,CHG-GEN-3EE73D,DATA,Charge re-rated after Mediation API p95 latency breach (4187.6). Original rating adjusted due to API performance degradation.,126.95,BSS
CUST-2847,ACC-2847,INV-GEN-677A29,2026-09,85.54,USD,ISSUED,2026-10-05,CHG-GEN-46D73B,DATA,Data top-up charge unpaid after reported insufficient funds. Auto-payment declined by issuer.,39.18,BSS
CUST-5299,ACC-5299,INV-GEN-71D581,2026-08,160.87,USD,ISSUED,2026-10-05,CHG-GEN-4047F1,DATA,Charge processed after mediation-svc error recovery. System log: Elevated queue depth — processing lag detected. Late-rated usage applied to current cycle.,118.06,BSS
CUST-3354,ACC-3354,INV-GEN-7E847B,2026-09,197.69,USD,ISSUED,2026-10-05,CHG-GEN-3E4520,PLAN,Charge pending — card declined by issuer. Payment retry scheduled.,157.48,BSS
CUST-5572,ACC-5572,INV-GEN-4A4A2D,2026-09,179.5,USD,ISSUED,2026-10-05,CHG-GEN-167A73,DATA,Charge processed after mediation-svc error recovery. System log: Pod crash-loop-backoff (OOMKilled). Late-rated usage applied to current cycle.,138.98,BSS
CUST-3735,ACC-3735,INV-GEN-B2F255,2026-09,213.8,USD,PAST_DUE,2026-10-05,CHG-GEN-60F952,DATA,Charge re-rated after Charging API error rate breach (11.8). Original rating adjusted due to API performance degradation.,175.31,BSS
CUST-5982,ACC-5982,INV-GEN-2AC13C,2026-09,97.52,USD,PAST_DUE,2026-10-05,CHG-GEN-B6ED4A,DATA,DATA charge during regional switch failover. Incomplete failover caused partial service with continued billing.,45.85,BSS
CUST-7178,ACC-7178,INV-GEN-ECEDCE,2026-09,66.83,USD,PAST_DUE,2026-10-05,CHG-GEN-054BF5,ROAMING,Charge re-rated after Partner API timeout rate breach (14.5). Original rating adjusted due to API performance degradation.,34.06,BSS
CUST-6192,ACC-6192,INV-GEN-354D89,2026-09,91.74,USD,PAST_DUE,2026-10-05,CHG-GEN-54BCBF,DATA,DATA minutes billed during scheduled maintenance overrun. Maintenance window exceeded planned duration.,38.97,BSS
CUST-4247,ACC-4247,INV-GEN-218EB6,2026-09,108.2,USD,ISSUED,2026-10-05,CHG-GEN-A807F3,DATA,Charge re-rated after Mediation API p95 latency breach (6105.8). Original rating adjusted due to API performance degradation.,48.65,BSS
CUST-5847,ACC-5847,INV-GEN-7694EF,2026-09,211.59,USD,PAST_DUE,2026-10-05,CHG-GEN-C1D906,PLAN,FIBER_BROADBAND charge incurred during fiber cut disruption. Backup path metering applied during outage window.,167.82,BSS
CUST-6602,ACC-6602,INV-GEN-EEC041,2026-09,146.62,USD,PAST_DUE,2026-10-05,CHG-GEN-3F5632,ROAMING,Roaming charge re-rated after partner outage near SITE-UAE-DXB-01. Fallback rating applied during 181 min disruption.,124.69,BSS
CUST-6949,ACC-6949,INV-GEN-B63D8E,2026-09,80.85,USD,PAST_DUE,2026-10-05,CHG-GEN-21B4E6,PLAN,Charge pending — card declined by issuer. Payment retry scheduled.,40.24,BSS
CUST-9462,ACC-9462,INV-GEN-B7355C,2026-09,193.33,USD,ISSUED,2026-10-05,CHG-GEN-7D7043,ROAMING,Roaming charge re-rated after partner outage near SITE-UAE-DXB-01. Fallback rating applied during 144 min disruption.,141.57,BSS
CUST-4820,ACC-4820,INV-GEN-C2131C,2026-09,188.73,USD,PAST_DUE,2026-10-05,CHG-GEN-34EDF1,DATA,DATA charge during regional switch failover. Incomplete failover caused partial service with continued billing.,143.8,BSS
CUST-3672,ACC-3672,INV-GEN-0085FE,2026-09,194.83,USD,ISSUED,2026-10-05,CHG-GEN-4321E8,ROAMING,Roaming charge re-rated after partner outage near SITE-ES-MAD-009. Fallback rating applied during 106 min disruption.,162.48,BSS
CUST-2759,ACC-2759,INV-GEN-DC9902,2026-09,216.1,USD,ISSUED,2026-10-05,CHG-GEN-9D761C,DATA,Charge re-rated after Charging API error rate breach (8.4). Original rating adjusted due to API performance degradation.,168.61,BSS
CUST-6248,ACC-6248,INV-GEN-6FF820,2026-08,150.65,USD,ISSUED,2026-10-05,CHG-GEN-6B45B3,PLAN,Plan charge held pending updated card on file. Auto-payment failed due to expired card.,129.26,BSS
CUST-4907,ACC-4907,INV-GEN-504930,2026-08,208.18,USD,PAST_DUE,2026-10-05,CHG-GEN-30C11A,VOICE,VOICE charge billed during core routing misconfiguration outage. Services were disrupted but metering continued.,170.82,BSS
CUST-2946,ACC-2946,INV-GEN-F51D43,2026-09,149.04,USD,ISSUED,2026-10-05,CHG-GEN-FB8724,PLAN,Charge re-rated after Billing gateway throughput breach (2673.5). Original rating adjusted due to API performance degradation.,98.04,BSS
CUST-3668,ACC-3668,INV-GEN-D857BF,2026-08,180.18,USD,ISSUED,2026-10-05,CHG-GEN-5356FD,VOICE,Excess data usage due to signal degradation at SITE-FR-PAR-021 (132 min). Poor signal caused retransmissions.,144.82,BSS
CUST-8568,ACC-8568,INV-GEN-3ACB5D,2026-09,178.94,USD,PAST_DUE,2026-10-05,CHG-GEN-355B94,DATA,Data session retries during cell outage at SITE-UAE-DXB-01 (18 min). VOICE sessions re-established causing additional usage.,120.13,BSS
CUST-2804,ACC-2804,INV-GEN-20C5F5,2026-09,155.54,USD,ISSUED,2026-10-05,CHG-GEN-8BB91F,VOICE,Excess data usage due to signal degradation at SITE-UAE-DXB-01 (60 min). Poor signal caused retransmissions.,127.91,BSS
CUST-8789,ACC-8789,INV-GEN-F9C139,2026-09,143.29,USD,ISSUED,2026-10-05,CHG-GEN-A11A9E,PLAN,Plan charge held pending updated card on file. Auto-payment failed due to expired card.,83.35,BSS
CUST-3875,ACC-3875,INV-GEN-30DF95,2026-09,153.44,USD,ISSUED,2026-10-05,CHG-GEN-6C4A1A,DATA,DATA charge incurred during fiber cut disruption. Backup path metering applied during outage window.,98.59,BSS
CUST-7878,ACC-7878,INV-GEN-70E68B,2026-09,137.54,USD,ISSUED,2026-10-05,CHG-GEN-56834F,PLAN,Charge processed after billing-gateway error recovery. System log: NullPointerException in charge-calculation module. Late-rated usage applied to current cycle.,77.65,BSS
CUST-6219,ACC-6219,INV-GEN-50EE6F,2026-08,80.6,USD,ISSUED,2026-10-05,CHG-GEN-947E61,DATA,Data top-up charge unpaid after reported insufficient funds. Auto-payment declined by issuer.,32.94,BSS
CUST-9519,ACC-9519,INV-GEN-A276C8,2026-08,214.67,USD,PAST_DUE,2026-10-05,CHG-GEN-3605B6,VOICE,Excess data usage due to signal degradation at SITE-ES-MAD-009 (224 min). Poor signal caused retransmissions.,171.59,BSS
CUST-6321,ACC-6321,INV-GEN-FFECA3,2026-09,138.85,USD,ISSUED,2026-10-05,CHG-GEN-36DAE3,DATA,DATA charge incurred during fiber cut disruption. Backup path metering applied during outage window.,110.8,BSS
CUST-3240,ACC-3240,INV-GEN-3C468D,2026-09,142.22,USD,ISSUED,2026-10-05,CHG-GEN-EE6337,DATA,DATA charge billed during core routing misconfiguration outage. Services were disrupted but metering continued.,117.56,BSS
CUST-7580,ACC-7580,INV-GEN-92B062,2026-09,109.07,USD,PAST_DUE,2026-10-05,CHG-GEN-428AA3,DATA,Data session retries during cell outage at SITE-UK-LON-014 (120 min). VOICE sessions re-established causing additional usage.,77.32,BSS
CUST-6676,ACC-6676,INV-GEN-3C6F4E,2026-09,163.59,USD,ISSUED,2026-10-05,CHG-GEN-047F6C,VOICE,Excess data usage due to signal degradation at SITE-ES-MAD-009 (142 min). Poor signal caused retransmissions.,125.45,BSS
CUST-3662,ACC-3662,INV-GEN-BFFA49,2026-09,165.0,USD,PAST_DUE,2026-10-05,CHG-GEN-884A07,VOICE,VOICE charge incurred during fiber cut disruption. Backup path metering applied during outage window.,125.11,BSS
CUST-6160,ACC-6160,INV-GEN-EC9CA0,2026-09,66.95,USD,ISSUED,2026-10-05,CHG-GEN-D6826C,PLAN,Charge delayed due to issuer timeout during payment processing. Will retry next cycle.,36.23,BSS
CUST-4677,ACC-4677,INV-GEN-F2AA00,2026-09,176.02,USD,PAST_DUE,2026-10-05,CHG-GEN-E23435,PLAN,Charge re-rated after Billing gateway throughput breach (1652.7). Original rating adjusted due to API performance degradation.,150.55,BSS
CUST-8733,ACC-8733,INV-GEN-A690AA,2026-09,134.71,USD,PAST_DUE,2026-10-05,CHG-GEN-027231,PLAN,Charge processed after billing-gateway error recovery. System log: Pod crash-loop-backoff (OOMKilled). Late-rated usage applied to current cycle.,100.13,BSS
CUST-4210,ACC-4210,INV-GEN-10D93F,2026-09,108.67,USD,ISSUED,2026-10-05,CHG-GEN-EE360C,DATA,Charge re-rated after Charging API error rate breach (9.0). Original rating adjusted due to API performance degradation.,57.45,BSS
CUST-6856,ACC-6856,INV-GEN-340A2B,2026-09,122.27,USD,ISSUED,2026-10-05,CHG-GEN-9F586E,VOICE,Excess data usage due to signal degradation at SITE-ES-MAD-009 (147 min). Poor signal caused retransmissions.,73.53,BSS
CUST-9376,ACC-9376,INV-GEN-B24E4B,2026-08,119.87,USD,ISSUED,2026-10-05,CHG-GEN-27B874,DATA,Data overage from congestion-driven re-sessions at SITE-ES-MAD-009 (114 min). Throughput degradation led to repeated downloads.,63.71,BSS
CUST-2652,ACC-2652,INV-GEN-A622C4,2026-09,212.12,USD,ISSUED,2026-10-05,CHG-GEN-AB24C7,PLAN,Charge delayed due to issuer timeout during payment processing. Will retry next cycle.,169.78,BSS
CUST-3257,ACC-3257,INV-GEN-6B848D,2026-09,164.46,USD,PAST_DUE,2026-10-05,CHG-GEN-D80F03,DATA,Charge processed after charging-api error recovery. System log: Elevated queue depth — processing lag detected. Late-rated usage applied to current cycle.,124.54,BSS
CUST-9294,ACC-9294,INV-GEN-E4E116,2026-08,206.81,USD,PAST_DUE,2026-10-05,CHG-GEN-250D55,DATA,Charge processed after charging-api error recovery. System log: Pod crash-loop-backoff (OOMKilled). Late-rated usage applied to current cycle.,159.5,BSS
CUST-3843,ACC-3843,INV-GEN-CF628F,2026-09,207.96,USD,PAST_DUE,2026-10-05,CHG-GEN-81F04B,PLAN,Charge delayed due to issuer timeout during payment processing. Will retry next cycle.,159.55,BSS
CUST-2188,ACC-2188,INV-GEN-BAA23C,2026-09,167.04,USD,PAST_DUE,2026-10-05,CHG-GEN-9A7FD0,VOICE,VOICE charge during regional switch failover. Incomplete failover caused partial service with continued billing.,136.32,BSS
CUST-9349,ACC-9349,INV-GEN-E9076C,2026-08,97.91,USD,PAST_DUE,2026-10-05,CHG-GEN-F17FCB,PLAN,Charge pending — card declined by issuer. Payment retry scheduled.,39.62,BSS
CUST-8702,ACC-8702,INV-GEN-F44D05,2026-09,70.25,USD,PAST_DUE,2026-10-05,CHG-GEN-AD7634,PLAN,Plan charge held pending updated card on file. Auto-payment failed due to expired card.,42.94,BSS
CUST-2930,ACC-2930,INV-GEN-891356,2026-09,127.09,USD,PAST_DUE,2026-10-05,CHG-GEN-98B507,DATA,Charge processed after charging-api error recovery. System log: Elevated queue depth — processing lag detected. Late-rated usage applied to current cycle.,99.23,BSS
CUST-8550,ACC-8550,INV-GEN-2897E6,2026-09,93.37,USD,ISSUED,2026-10-05,CHG-GEN-7E439F,PLAN,Plan charge held pending updated card on file. Auto-payment failed due to expired card.,55.13,BSS
CUST-9466,ACC-9466,INV-GEN-6320F9,2026-09,194.89,USD,ISSUED,2026-10-05,CHG-GEN-02C76D,VOICE,VOICE charge during regional switch failover. Incomplete failover caused partial service with continued billing.,137.77,BSS
CUST-2955,ACC-2955,INV-GEN-08DCC1,2026-09,189.55,USD,PAST_DUE,2026-10-05,CHG-GEN-7CB574,PLAN,Charge processed after billing-gateway error recovery. System log: Elevated queue depth — processing lag detected. Late-rated usage applied to current cycle.,130.21,BSS
CUST-8570,ACC-8570,INV-GEN-5F2462,2026-09,55.89,USD,ISSUED,2026-10-05,CHG-GEN-4A6585,PLAN,Plan charge held pending updated card on file. Auto-payment failed due to expired card.,35.07,BSS
CUST-7791,ACC-7791,INV-GEN-B43517,2026-09,177.81,USD,ISSUED,2026-10-05,CHG-GEN-3A8A38,PLAN,Charge delayed due to issuer timeout during payment processing. Will retry next cycle.,122.84,BSS
CUST-5140,ACC-5140,INV-GEN-BDAB62,2026-08,150.36,USD,ISSUED,2026-10-05,CHG-GEN-BCD48B,VOICE,VOICE charge incurred during fiber cut disruption. Backup path metering applied during outage window.,114.39,BSS
CUST-8521,ACC-8521,INV-GEN-CBB2E6,2026-09,86.75,USD,PAST_DUE,2026-10-05,CHG-GEN-395969,ROAMING,Charge re-rated after Partner API timeout rate breach (14.7). Original rating adjusted due to API performance degradation.,39.75,BSS
CUST-2781,ACC-2781,INV-GEN-52A60E,2026-09,226.68,USD,PAST_DUE,2026-10-05,CHG-GEN-50D5C8,PLAN,Plan charge held pending updated card on file. Auto-payment failed due to expired card.,173.36,BSS
CUST-8994,ACC-8994,INV-GEN-870899,2026-09,168.17,USD,PAST_DUE,2026-10-05,CHG-GEN-6BBF6D,DATA,Data top-up charge unpaid after reported insufficient funds. Auto-payment declined by issuer.,136.27,BSS
CUST-4162,ACC-4162,INV-GEN-B93B4C,2026-09,125.56,USD,ISSUED,2026-10-05,CHG-GEN-173C15,DATA,Data session retries during cell outage at SITE-ES-MAD-009 (67 min). VOICE sessions re-established causing additional usage.,73.14,BSS
CUST-4075,ACC-4075,INV-GEN-3FBCDB,2026-09,206.38,USD,PAST_DUE,2026-10-05,CHG-GEN-A6BE18,VOICE,Excess data usage due to signal degradation at SITE-DE-BER-002 (196 min). Poor signal caused retransmissions.,159.12,BSS
CUST-2695,ACC-2695,INV-GEN-A53EEB,2026-09,89.08,USD,PAST_DUE,2026-10-05,CHG-GEN-C91B34,PLAN,Charge delayed due to issuer timeout during payment processing. Will retry next cycle.,31.26,BSS
CUST-6468,ACC-6468,INV-GEN-A848DD,2026-08,156.49,USD,PAST_DUE,2026-10-05,CHG-GEN-FEF262,PLAN,Charge re-rated after Billing gateway throughput breach (2172.2). Original rating adjusted due to API performance degradation.,136.45,BSS
CUST-8886,ACC-8886,INV-GEN-DEF88C,2026-08,88.49,USD,PAST_DUE,2026-10-05,CHG-GEN-B15AD2,VOICE,VOICE charge billed during core routing misconfiguration outage. Services were disrupted but metering continued.,53.76,BSS
CUST-5965,ACC-5965,INV-GEN-F9B9D5,2026-08,121.24,USD,PAST_DUE,2026-10-05,CHG-GEN-CBBDAA,DATA,Charge re-rated after Charging API error rate breach (15.8). Original rating adjusted due to API performance degradation.,95.44,BSS
CUST-3591,ACC-3591,INV-GEN-3F9B0C,2026-09,126.04,USD,PAST_DUE,2026-10-05,CHG-GEN-935116,PLAN,Charge re-rated after Billing gateway throughput breach (2270.8). Original rating adjusted due to API performance degradation.,79.19,BSS
CUST-3145,ACC-3145,INV-GEN-5026F7,2026-09,131.76,USD,ISSUED,2026-10-05,CHG-GEN-3BEF2C,PLAN,Plan charge held pending updated card on file. Auto-payment failed due to expired card.,110.99,BSS
CUST-4877,ACC-4877,INV-GEN-D1F056,2026-09,96.68,USD,PAST_DUE,2026-10-05,CHG-GEN-9B9740,DATA,Charge processed after rating-engine error recovery. System log: NullPointerException in charge-calculation module. Late-rated usage applied to current cycle.,74.75,BSS
CUST-2990,ACC-2990,INV-GEN-F26968,2026-09,157.47,USD,ISSUED,2026-10-05,CHG-GEN-799D8B,PLAN,FIBER_BROADBAND charge during regional switch failover. Incomplete failover caused partial service with continued billing.,122.2,BSS
CUST-7237,ACC-7237,INV-GEN-DAFD5B,2026-08,165.43,USD,ISSUED,2026-10-05,CHG-GEN-2F932D,DATA,Charge processed after rating-engine error recovery. System log: NullPointerException in charge-calculation module. Late-rated usage applied to current cycle.,133.4,BSS
CUST-6911,ACC-6911,INV-GEN-A8CF60,2026-09,97.52,USD,PAST_DUE,2026-10-05,CHG-GEN-E1E269,PLAN,FIBER_BROADBAND minutes billed during scheduled maintenance overrun. Maintenance window exceeded planned duration.,44.61,BSS
CUST-9495,ACC-9495,INV-GEN-D7D362,2026-09,132.56,USD,PAST_DUE,2026-10-05,CHG-GEN-F77281,VOICE,Excess data usage due to signal degradation at SITE-UK-LON-014 (120 min). Poor signal caused retransmissions.,93.86,BSS
CUST-5682,ACC-5682,INV-GEN-86699B,2026-09,199.89,USD,ISSUED,2026-10-05,CHG-GEN-CE60B1,PLAN,Charge delayed due to issuer timeout during payment processing. Will retry next cycle.,145.62,BSS
CUST-8588,ACC-8588,INV-GEN-7C6B7A,2026-09,200.32,USD,PAST_DUE,2026-10-05,CHG-GEN-27BEC4,DATA,Data session retries during cell outage at SITE-UAE-DXB-01 (219 min). VOICE sessions re-established causing additional usage.,147.98,BSS
CUST-4682,ACC-4682,INV-GEN-23E8B7,2026-09,163.88,USD,ISSUED,2026-10-05,CHG-GEN-864BBD,PLAN,Charge delayed due to issuer timeout during payment processing. Will retry next cycle.,141.94,BSS
CUST-2508,ACC-2508,INV-GEN-D95EAD,2026-08,139.34,USD,ISSUED,2026-10-05,CHG-GEN-1EBC09,DATA,DATA charge during regional switch failover. Incomplete failover caused partial service with continued billing.,91.4,BSS
CUST-6715,ACC-6715,INV-GEN-DDD773,2026-09,192.7,USD,PAST_DUE,2026-10-05,CHG-GEN-B0DC57,PLAN,Charge delayed due to issuer timeout during payment processing. Will retry next cycle.,153.75,BSS
CUST-8894,ACC-8894,INV-GEN-9518ED,2026-08,178.15,USD,ISSUED,2026-10-05,CHG-GEN-EDE2A0,PLAN,FIBER_BROADBAND charge incurred during fiber cut disruption. Backup path metering applied during outage window.,123.96,BSS
CUST-9977,ACC-9977,INV-GEN-2B8CD8,2026-09,173.05,USD,ISSUED,2026-10-05,CHG-GEN-074F3D,DATA,Data session retries during cell outage at SITE-UAE-DXB-01 (235 min). DATA+VOICE sessions re-established causing additional usage.,121.47,BSS
CUST-5150,ACC-5150,INV-GEN-E6FBBD,2026-09,128.27,USD,PAST_DUE,2026-10-05,CHG-GEN-051A1A,PLAN,Charge delayed due to issuer timeout during payment processing. Will retry next cycle.,82.59,BSS
CUST-6582,ACC-6582,INV-GEN-262EAC,2026-08,181.99,USD,PAST_DUE,2026-10-05,CHG-GEN-BF8705,DATA,Data session retries during cell outage at SITE-ES-MAD-009 (118 min). DATA sessions re-established causing additional usage.,143.09,BSS
CUST-5729,ACC-5729,INV-GEN-6C4984,2026-09,90.36,USD,ISSUED,2026-10-05,CHG-GEN-2C668C,DATA,Data session retries during cell outage at SITE-UAE-DXB-01 (51 min). DATA+VOICE sessions re-established causing additional usage.,40.16,BSS
CUST-8546,ACC-8546,INV-GEN-CB60EE,2026-09,150.33,USD,PAST_DUE,2026-10-05,CHG-GEN-C693E5,PLAN,Charge delayed due to issuer timeout during payment processing. Will retry next cycle.,93.48,BSS
CUST-2670,ACC-2670,INV-GEN-BEB67D,2026-09,197.46,USD,ISSUED,2026-10-05,CHG-GEN-2647D3,DATA,Data session retries during cell outage at SITE-UAE-DXB-01 (114 min). DATA sessions re-established causing additional usage.,143.36,BSS
CUST-2278,ACC-2278,INV-GEN-0ED770,2026-09,204.49,USD,PAST_DUE,2026-10-05,CHG-GEN-DE2B5B,DATA,Charge processed after mediation-svc error recovery. System log: Elevated queue depth — processing lag detected. Late-rated usage applied to current cycle.,164.22,BSS
CUST-3892,ACC-3892,INV-GEN-63C7E3,2026-08,202.1,USD,ISSUED,2026-10-05,CHG-GEN-2CBE58,ROAMING,Roaming charge re-rated after partner outage near SITE-UAE-DXB-01. Fallback rating applied during 200 min disruption.,170.04,BSS
CUST-9294,ACC-9294,INV-GEN-91B2D5,2026-09,208.21,USD,PAST_DUE,2026-10-05,CHG-GEN-82B496,DATA,Data session retries during cell outage at SITE-DE-BER-002 (159 min). DATA sessions re-established causing additional usage.,171.87,BSS
CUST-4754,ACC-4754,INV-GEN-04DC84,2026-09,105.05,USD,PAST_DUE,2026-10-05,CHG-GEN-B36BB1,DATA,Data top-up charge unpaid after reported insufficient funds. Auto-payment declined by issuer.,63.87,BSS
CUST-3959,ACC-3959,INV-GEN-DC476F,2026-09,154.66,USD,PAST_DUE,2026-10-05,CHG-GEN-B398AA,PLAN,Plan charge held pending updated card on file. Auto-payment failed due to expired card.,119.06,BSS
CUST-5906,ACC-5906,INV-GEN-2C40AA,2026-09,197.86,USD,ISSUED,2026-10-05,CHG-GEN-543417,DATA,DATA charge incurred during fiber cut disruption. Backup path metering applied during outage window.,143.9,BSS
CUST-2340,ACC-2340,INV-GEN-AB6863,2026-09,200.93,USD,ISSUED,2026-10-05,CHG-GEN-3CDCED,DATA,Data overage from congestion-driven re-sessions at SITE-DE-BER-002 (194 min). Throughput degradation led to repeated downloads.,168.15,BSS
CUST-9865,ACC-9865,INV-GEN-9C43E4,2026-09,170.46,USD,ISSUED,2026-10-05,CHG-GEN-D80C65,PLAN,FIBER_BROADBAND charge during regional switch failover. Incomplete failover caused partial service with continued billing.,130.64,BSS
CUST-2869,ACC-2869,INV-GEN-9FF358,2026-09,166.53,USD,PAST_DUE,2026-10-05,CHG-GEN-66B1C4,PLAN,Charge delayed due to issuer timeout during payment processing. Will retry next cycle.,134.02,BSS
CUST-7394,ACC-7394,INV-GEN-2FACD6,2026-08,151.65,USD,PAST_DUE,2026-10-05,CHG-GEN-4193EE,DATA,Data overage from congestion-driven re-sessions at SITE-FR-PAR-021 (217 min). Throughput degradation led to repeated downloads.,118.9,BSS
CUST-2287,ACC-2287,INV-GEN-2D70B1,2026-08,98.96,USD,PAST_DUE,2026-10-05,CHG-GEN-DE6D42,DATA,Charge processed after rating-engine error recovery. System log: Elevated queue depth — processing lag detected. Late-rated usage applied to current cycle.,55.73,BSS
CUST-4631,ACC-4631,INV-GEN-E773F0,2026-08,81.29,USD,PAST_DUE,2026-10-05,CHG-GEN-6864F8,DATA,Data session retries during cell outage at SITE-UAE-DXB-01 (232 min). DATA+VOICE sessions re-established causing additional usage.,42.13,BSS
CUST-3057,ACC-3057,INV-GEN-8CE0C1,2026-09,175.27,USD,PAST_DUE,2026-10-05,CHG-GEN-59878E,DATA,Data session retries during cell outage at SITE-UK-LON-014 (134 min). DATA+VOICE sessions re-established causing additional usage.,139.93,BSS
CUST-8028,ACC-8028,INV-GEN-453C37,2026-09,177.22,USD,PAST_DUE,2026-10-05,CHG-GEN-D1587C,VOICE,VOICE charge incurred during fiber cut disruption. Backup path metering applied during outage window.,154.13,BSS
CUST-6576,ACC-6576,INV-GEN-D43D75,2026-09,195.36,USD,ISSUED,2026-10-05,CHG-GEN-F66B57,PLAN,Plan charge held pending updated card on file. Auto-payment failed due to expired card.,166.47,BSS
CUST-5476,ACC-5476,INV-GEN-5C9514,2026-09,144.07,USD,ISSUED,2026-10-05,CHG-GEN-F448EF,DATA,Charge processed after rating-engine error recovery. System log: Pod crash-loop-backoff (OOMKilled). Late-rated usage applied to current cycle.,99.03,BSS
CUST-3903,ACC-3903,INV-GEN-EAE320,2026-09,107.14,USD,ISSUED,2026-10-05,CHG-GEN-FD8DBB,PLAN,Charge pending — card declined by issuer. Payment retry scheduled.,82.2,BSS
CUST-4537,ACC-4537,INV-GEN-4AB939,2026-09,111.74,USD,PAST_DUE,2026-10-05,CHG-GEN-6EA4EF,DATA,Charge processed after rating-engine error recovery. System log: Pod crash-loop-backoff (OOMKilled). Late-rated usage applied to current cycle.,61.99,BSS
CUST-9976,ACC-9976,INV-GEN-1D5B0E,2026-09,58.26,USD,ISSUED,2026-10-05,CHG-GEN-DCD0DD,DATA,Data session retries during cell outage at SITE-DE-BER-002 (61 min). DATA+VOICE sessions re-established causing additional usage.,32.49,BSS
CUST-5840,ACC-5840,INV-GEN-4B7256,2026-09,199.84,USD,PAST_DUE,2026-10-05,CHG-GEN-F80E9D,VOICE,Excess data usage due to signal degradation at SITE-ES-MAD-009 (108 min). Poor signal caused retransmissions.,164.27,BSS
CUST-5075,ACC-5075,INV-GEN-66BA62,2026-09,111.06,USD,ISSUED,2026-10-05,CHG-GEN-B9115C,ROAMING,Roaming charge re-rated after partner outage near SITE-FR-PAR-021. Fallback rating applied during 123 min disruption.,72.54,BSS
CUST-4113,ACC-4113,INV-GEN-E10ED8,2026-09,73.9,USD,ISSUED,2026-10-05,CHG-GEN-871B71,DATA,Charge processed after charging-api error recovery. System log: Pod crash-loop-backoff (OOMKilled). Late-rated usage applied to current cycle.,43.85,BSS
CUST-2404,ACC-2404,INV-GEN-39FF41,2026-09,223.88,USD,ISSUED,2026-10-05,CHG-GEN-B80020,DATA,Data session retries during cell outage at SITE-UK-LON-014 (51 min). DATA sessions re-established causing additional usage.,164.79,BSS
CUST-3262,ACC-3262,INV-GEN-687D1B,2026-09,197.06,USD,PAST_DUE,2026-10-05,CHG-GEN-850728,DATA,Charge processed after charging-api error recovery. System log: Pod crash-loop-backoff (OOMKilled). Late-rated usage applied to current cycle.,155.14,BSS
CUST-2135,ACC-2135,INV-GEN-9A1305,2026-09,176.5,USD,PAST_DUE,2026-10-05,CHG-GEN-FED4A9,PLAN,Charge delayed due to issuer timeout during payment processing. Will retry next cycle.,125.47,BSS
CUST-4802,ACC-4802,INV-GEN-7D5B6C,2026-09,69.36,USD,PAST_DUE,2026-10-05,CHG-GEN-AD05FB,DATA,Data top-up charge unpaid after reported insufficient funds. Auto-payment declined by issuer.,39.5,BSS
CUST-5655,ACC-5655,INV-GEN-A2655F,2026-08,110.64,USD,PAST_DUE,2026-10-05,CHG-GEN-259D23,DATA,DATA charge billed during core routing misconfiguration outage. Services were disrupted but metering continued.,88.48,BSS
CUST-2861,ACC-2861,INV-GEN-4B9248,2026-08,227.96,USD,PAST_DUE,2026-10-05,CHG-GEN-8779FD,PLAN,FIBER_BROADBAND charge billed during core routing misconfiguration outage. Services were disrupted but metering continued.,172.77,BSS
CUST-3514,ACC-3514,INV-GEN-2AC958,2026-09,164.13,USD,ISSUED,2026-10-05,CHG-GEN-221481,DATA,Data session retries during cell outage at SITE-UAE-DXB-01 (217 min). VOICE sessions re-established causing additional usage.,129.53,BSS
CUST-4301,ACC-4301,INV-GEN-361505,2026-09,186.55,USD,ISSUED,2026-10-05,CHG-GEN-F69077,DATA,Data session retries during cell outage at SITE-ES-MAD-009 (152 min). DATA sessions re-established causing additional usage.,136.01,BSS
CUST-6272,ACC-6272,INV-GEN-6E895F,2026-09,190.13,USD,ISSUED,2026-10-05,CHG-GEN-F1C954,DATA,DATA charge during regional switch failover. Incomplete failover caused partial service with continued billing.,142.57,BSS
CUST-8920,ACC-8920,INV-GEN-617228,2026-09,203.08,USD,PAST_DUE,2026-10-05,CHG-GEN-80C939,DATA,Data overage from congestion-driven re-sessions at SITE-FR-PAR-021 (27 min). Throughput degradation led to repeated downloads.,147.07,BSS
CUST-8231,ACC-8231,INV-GEN-1D9D6B,2026-08,98.93,USD,ISSUED,2026-10-05,CHG-GEN-EB8DBB,ROAMING,Roaming charge re-rated after partner outage near SITE-FR-PAR-021. Fallback rating applied during 204 min disruption.,53.17,BSS
CUST-7943,ACC-7943,INV-GEN-682827,2026-09,215.7,USD,ISSUED,2026-10-05,CHG-GEN-238BB9,PLAN,FIBER_BROADBAND charge during regional switch failover. Incomplete failover caused partial service with continued billing.,171.1,BSS
CUST-2621,ACC-2621,INV-GEN-89D340,2026-09,122.56,USD,PAST_DUE,2026-10-05,CHG-GEN-37EE54,DATA,Data session retries during cell outage at SITE-UK-LON-014 (79 min). DATA+VOICE sessions re-established causing additional usage.,70.39,BSS
CUST-8015,ACC-8015,INV-GEN-CEAFB4,2026-09,159.05,USD,PAST_DUE,2026-10-05,CHG-GEN-87C24D,ROAMING,Roaming charge re-rated after partner outage near SITE-ES-MAD-009. Fallback rating applied during 42 min disruption.,117.87,BSS
CUST-7529,ACC-7529,INV-GEN-ACC813,2026-09,192.74,USD,PAST_DUE,2026-10-05,CHG-GEN-F2C875,DATA,Charge processed after mediation-svc error recovery. System log: NullPointerException in charge-calculation module. Late-rated usage applied to current cycle.,132.87,BSS
CUST-6812,ACC-6812,INV-GEN-F55A0E,2026-09,89.06,USD,ISSUED,2026-10-05,CHG-GEN-C075AD,DATA,Charge processed after charging-api error recovery. System log: Elevated queue depth — processing lag detected. Late-rated usage applied to current cycle.,45.41,BSS
CUST-6793,ACC-6793,INV-GEN-4FCBF8,2026-09,133.24,USD,PAST_DUE,2026-10-05,CHG-GEN-71BFE4,ROAMING,Charge re-rated after Partner API timeout rate breach (15.4). Original rating adjusted due to API performance degradation.,104.51,BSS
CUST-2137,ACC-2137,INV-GEN-863DC1,2026-08,137.59,USD,ISSUED,2026-10-05,CHG-GEN-435CA8,PLAN,Charge re-rated after Billing gateway throughput breach (3319.5). Original rating adjusted due to API performance degradation.,96.79,BSS
CUST-9460,ACC-9460,INV-GEN-3AC938,2026-09,190.75,USD,ISSUED,2026-10-05,CHG-GEN-D59255,DATA,Data top-up charge unpaid after reported insufficient funds. Auto-payment declined by issuer.,168.23,BSS
CUST-4257,ACC-4257,INV-GEN-A7F403,2026-09,125.28,USD,ISSUED,2026-10-05,CHG-GEN-4923A4,PLAN,FIBER_BROADBAND charge billed during core routing misconfiguration outage. Services were disrupted but metering continued.,71.87,BSS
CUST-4893,ACC-4893,INV-GEN-CA15D0,2026-08,143.3,USD,ISSUED,2026-10-05,CHG-GEN-3BFAD0,DATA,Data overage from congestion-driven re-sessions at SITE-FR-PAR-021 (156 min). Throughput degradation led to repeated downloads.,114.16,BSS
CUST-4891,ACC-4891,INV-GEN-877AD6,2026-09,218.66,USD,PAST_DUE,2026-10-05,CHG-GEN-D75884,PLAN,FIBER_BROADBAND minutes billed during scheduled maintenance overrun. Maintenance window exceeded planned duration.,177.21,BSS
CUST-8679,ACC-8679,INV-GEN-F56BCC,2026-09,191.64,USD,PAST_DUE,2026-10-05,CHG-GEN-D43680,DATA,Data session retries during cell outage at SITE-UAE-DXB-01 (70 min). DATA sessions re-established causing additional usage.,141.67,BSS
CUST-6477,ACC-6477,INV-GEN-BEF370,2026-09,83.55,USD,ISSUED,2026-10-05,CHG-GEN-086AEE,ROAMING,Roaming charge re-rated after partner outage near SITE-FR-PAR-021. Fallback rating applied during 207 min disruption.,55.09,BSS
CUST-2287,ACC-2287,INV-GEN-F91EC1,2026-08,131.92,USD,ISSUED,2026-10-05,CHG-GEN-39A8FB,PLAN,FIBER_BROADBAND minutes billed during scheduled maintenance overrun. Maintenance window exceeded planned duration.,106.23,BSS
CUST-5471,ACC-5471,INV-GEN-C7AC55,2026-09,152.77,USD,PAST_DUE,2026-10-05,CHG-GEN-0DD590,DATA,Charge re-rated after Mediation API p95 latency breach (3660.2). Original rating adjusted due to API performance degradation.,118.46,BSS
CUST-4632,ACC-4632,INV-GEN-4A4AE2,2026-08,89.56,USD,PAST_DUE,2026-10-05,CHG-GEN-FF117A,VOICE,VOICE minutes billed during scheduled maintenance overrun. Maintenance window exceeded planned duration.,68.41,BSS
CUST-2435,ACC-2435,INV-GEN-CB5E47,2026-09,155.16,USD,PAST_DUE,2026-10-05,CHG-GEN-7A7155,ROAMING,Roaming charge re-rated after partner outage near SITE-UK-LON-014. Fallback rating applied during 218 min disruption.,95.56,BSS
CUST-2047,ACC-2047,INV-GEN-900868,2026-08,113.46,USD,PAST_DUE,2026-10-05,CHG-GEN-2C5427,PLAN,Charge pending — card declined by issuer. Payment retry scheduled.,72.46,BSS
CUST-2807,ACC-2807,INV-GEN-B3DB94,2026-08,205.81,USD,ISSUED,2026-10-05,CHG-GEN-B1485A,PLAN,FIBER_BROADBAND minutes billed during scheduled maintenance overrun. Maintenance window exceeded planned duration.,149.53,BSS
CUST-3060,ACC-3060,INV-GEN-EA9C69,2026-09,92.16,USD,ISSUED,2026-10-05,CHG-GEN-6B9B27,DATA,Data session retries during cell outage at SITE-FR-PAR-021 (27 min). DATA+VOICE sessions re-established causing additional usage.,58.33,BSS
CUST-4983,ACC-4983,INV-GEN-E3F2C8,2026-09,152.85,USD,PAST_DUE,2026-10-05,CHG-GEN-E6566C,ROAMING,Roaming charge re-rated after partner outage near SITE-ES-MAD-009. Fallback rating applied during 191 min disruption.,122.06,BSS
CUST-3416,ACC-3416,INV-GEN-980906,2026-08,89.79,USD,ISSUED,2026-10-05,CHG-GEN-04F4FF,PLAN,Charge pending — card declined by issuer. Payment retry scheduled.,61.37,BSS
CUST-3523,ACC-3523,INV-GEN-4F4FC5,2026-09,129.38,USD,PAST_DUE,2026-10-05,CHG-GEN-7D404B,ROAMING,Roaming charge re-rated after partner outage near SITE-DE-BER-002. Fallback rating applied during 76 min disruption.,85.32,BSS
CUST-4468,ACC-4468,INV-GEN-7899CF,2026-09,74.74,USD,PAST_DUE,2026-10-05,CHG-GEN-7C25F3,DATA,Data top-up charge unpaid after reported insufficient funds. Auto-payment declined by issuer.,48.54,BSS
CUST-4839,ACC-4839,INV-GEN-6B65A6,2026-09,89.08,USD,PAST_DUE,2026-10-05,CHG-GEN-BE4CD2,PLAN,Charge pending — card declined by issuer. Payment retry scheduled.,47.27,BSS
CUST-5853,ACC-5853,INV-GEN-5CE44F,2026-09,158.45,USD,PAST_DUE,2026-10-05,CHG-GEN-77572D,PLAN,Plan charge held pending updated card on file. Auto-payment failed due to expired card.,131.65,BSS
CUST-3020,ACC-3020,INV-GEN-D0705D,2026-09,94.38,USD,ISSUED,2026-10-05,CHG-GEN-9E91A7,PLAN,Charge delayed due to issuer timeout during payment processing. Will retry next cycle.,53.59,BSS
CUST-8787,ACC-8787,INV-GEN-DC5EBF,2026-09,141.55,USD,ISSUED,2026-10-05,CHG-GEN-8195BC,DATA,Data session retries during cell outage at SITE-DE-BER-002 (89 min). DATA sessions re-established causing additional usage.,100.12,BSS
CUST-9756,ACC-9756,INV-GEN-6C8E09,2026-09,197.18,USD,PAST_DUE,2026-10-05,CHG-GEN-B21802,PLAN,Charge pending — card declined by issuer. Payment retry scheduled.,144.56,BSS
CUST-4355,ACC-4355,INV-GEN-395624,2026-09,158.2,USD,PAST_DUE,2026-10-05,CHG-GEN-0EDA17,PLAN,FIBER_BROADBAND charge billed during core routing misconfiguration outage. Services were disrupted but metering continued.,136.21,BSS
CUST-9993,ACC-9993,INV-GEN-C30B08,2026-09,93.09,USD,PAST_DUE,2026-10-05,CHG-GEN-66C91A,PLAN,Charge pending — card declined by issuer. Payment retry scheduled.,53.28,BSS
CUST-7984,ACC-7984,INV-GEN-1278F1,2026-08,142.89,USD,ISSUED,2026-10-05,CHG-GEN-0D8B2A,VOICE,Excess data usage due to signal degradation at SITE-FR-PAR-021 (44 min). Poor signal caused retransmissions.,96.41,BSS
CUST-7359,ACC-7359,INV-GEN-EB48B8,2026-09,208.24,USD,PAST_DUE,2026-10-05,CHG-GEN-855774,DATA,Data session retries during cell outage at SITE-ES-MAD-009 (143 min). DATA+VOICE sessions re-established causing additional usage.,160.45,BSS
CUST-3058,ACC-3058,INV-GEN-202E9C,2026-09,122.72,USD,PAST_DUE,2026-10-05,CHG-GEN-5E0DC2,DATA,Charge re-rated after Charging API error rate breach (9.3). Original rating adjusted due to API performance degradation.,71.28,BSS
CUST-5881,ACC-5881,INV-GEN-E49B54,2026-09,100.35,USD,ISSUED,2026-10-05,CHG-GEN-2E52E4,DATA,DATA charge billed during core routing misconfiguration outage. Services were disrupted but metering continued.,64.7,BSS
CUST-3179,ACC-3179,INV-GEN-A52A83,2026-09,203.96,USD,PAST_DUE,2026-10-05,CHG-GEN-CBD2DA,VOICE,VOICE charge incurred during fiber cut disruption. Backup path metering applied during outage window.,144.58,BSS
CUST-3006,ACC-3006,INV-GEN-78DE71,2026-08,98.43,USD,ISSUED,2026-10-05,CHG-GEN-62E0CE,PLAN,Charge processed after billing-gateway error recovery. System log: NullPointerException in charge-calculation module. Late-rated usage applied to current cycle.,61.85,BSS
CUST-8033,ACC-8033,INV-GEN-BBAB15,2026-09,195.06,USD,PAST_DUE,2026-10-05,CHG-GEN-A6082B,PLAN,Charge pending — card declined by issuer. Payment retry scheduled.,155.36,BSS
CUST-2134,ACC-2134,INV-GEN-FBB012,2026-09,144.17,USD,ISSUED,2026-10-05,CHG-GEN-B48757,DATA,Data overage from congestion-driven re-sessions at SITE-DE-BER-002 (141 min). Throughput degradation led to repeated downloads.,102.39,BSS
CUST-5086,ACC-5086,INV-GEN-146C71,2026-09,164.01,USD,PAST_DUE,2026-10-05,CHG-GEN-63CB44,DATA,Charge re-rated after Mediation API p95 latency breach (1918.8). Original rating adjusted due to API performance degradation.,136.07,BSS
CUST-7518,ACC-7518,INV-GEN-1DC655,2026-09,112.56,USD,PAST_DUE,2026-10-05,CHG-GEN-1C4829,VOICE,Excess data usage due to signal degradation at SITE-ES-MAD-009 (200 min). Poor signal caused retransmissions.,65.65,BSS
CUST-4965,ACC-4965,INV-GEN-11F2CE,2026-08,157.5,USD,ISSUED,2026-10-05,CHG-GEN-1B8EBA,DATA,Charge processed after rating-engine error recovery. System log: NullPointerException in charge-calculation module. Late-rated usage applied to current cycle.,132.66,BSS
CUST-9555,ACC-9555,INV-GEN-0EE98D,2026-08,204.22,USD,PAST_DUE,2026-10-05,CHG-GEN-38282A,VOICE,Excess data usage due to signal degradation at SITE-ES-MAD-009 (178 min). Poor signal caused retransmissions.,166.77,BSS
CUST-2552,ACC-2552,INV-GEN-FEAC7F,2026-08,163.67,USD,PAST_DUE,2026-10-05,CHG-GEN-08BB2C,PLAN,FIBER_BROADBAND minutes billed during scheduled maintenance overrun. Maintenance window exceeded planned duration.,107.09,BSS
CUST-3440,ACC-3440,INV-GEN-F70AF7,2026-09,171.97,USD,ISSUED,2026-10-05,CHG-GEN-DB6FEB,PLAN,Plan charge held pending updated card on file. Auto-payment failed due to expired card.,116.76,BSS
CUST-7971,ACC-7971,INV-GEN-71DA44,2026-09,69.57,USD,PAST_DUE,2026-10-05,CHG-GEN-9A92A2,VOICE,VOICE minutes billed during scheduled maintenance overrun. Maintenance window exceeded planned duration.,41.72,BSS
CUST-2226,ACC-2226,INV-GEN-E24B91,2026-09,142.5,USD,ISSUED,2026-10-05,CHG-GEN-1EB1A6,DATA,DATA charge incurred during fiber cut disruption. Backup path metering applied during outage window.,92.93,BSS
CUST-5175,ACC-5175,INV-GEN-D60718,2026-08,227.61,USD,ISSUED,2026-10-05,CHG-GEN-5610F8,ROAMING,Charge re-rated after Partner API timeout rate breach (11.1). Original rating adjusted due to API performance degradation.,169.26,BSS
CUST-5115,ACC-5115,INV-GEN-EB80E8,2026-09,182.3,USD,PAST_DUE,2026-10-05,CHG-GEN-5FAF1B,ROAMING,Charge re-rated after Partner API timeout rate breach (12.8). Original rating adjusted due to API performance degradation.,153.63,BSS
CUST-8913,ACC-8913,INV-GEN-2480DD,2026-09,156.88,USD,ISSUED,2026-10-05,CHG-GEN-039E29,DATA,Charge processed after mediation-svc error recovery. System log: NullPointerException in charge-calculation module. Late-rated usage applied to current cycle.,98.49,BSS
CUST-5413,ACC-5413,INV-GEN-CCB1D9,2026-08,116.53,USD,ISSUED,2026-10-05,CHG-GEN-77712C,VOICE,Excess data usage due to signal degradation at SITE-ES-MAD-009 (38 min). Poor signal caused retransmissions.,69.63,BSS
CUST-4000,ACC-4000,INV-GEN-8836E6,2026-09,121.05,USD,ISSUED,2026-10-05,CHG-GEN-790215,DATA,DATA charge billed during core routing misconfiguration outage. Services were disrupted but metering continued.,84.39,BSS
CUST-3051,ACC-3051,INV-GEN-27BE34,2026-09,173.8,USD,PAST_DUE,2026-10-05,CHG-GEN-8F42D1,PLAN,FIBER_BROADBAND charge incurred during fiber cut disruption. Backup path metering applied during outage window.,138.55,BSS
CUST-8624,ACC-8624,INV-GEN-7A5891,2026-09,110.47,USD,PAST_DUE,2026-10-05,CHG-GEN-49710E,PLAN,Charge pending — card declined by issuer. Payment retry scheduled.,65.47,BSS
CUST-4168,ACC-4168,INV-GEN-F79F77,2026-08,71.02,USD,ISSUED,2026-10-05,CHG-GEN-48D1E4,PLAN,Plan charge held pending updated card on file. Auto-payment failed due to expired card.,46.21,BSS
CUST-2267,ACC-2267,INV-GEN-E41B6B,2026-09,221.65,USD,PAST_DUE,2026-10-05,CHG-GEN-E2B59D,DATA,Data top-up charge unpaid after reported insufficient funds. Auto-payment declined by issuer.,162.04,BSS
CUST-2417,ACC-2417,INV-GEN-44426A,2026-09,95.37,USD,PAST_DUE,2026-10-05,CHG-GEN-367439,VOICE,Excess data usage due to signal degradation at SITE-DE-BER-002 (161 min). Poor signal caused retransmissions.,43.32,BSS
CUST-2491,ACC-2491,INV-GEN-90301A,2026-09,190.44,USD,ISSUED,2026-10-05,CHG-GEN-EC8B82,PLAN,Charge pending — card declined by issuer. Payment retry scheduled.,164.89,BSS
CUST-2139,ACC-2139,INV-GEN-88511F,2026-08,104.95,USD,PAST_DUE,2026-10-05,CHG-GEN-B95265,ROAMING,Roaming charge re-rated after partner outage near SITE-DE-BER-002. Fallback rating applied during 63 min disruption.,48.0,BSS
CUST-4229,ACC-4229,INV-GEN-89445B,2026-09,105.22,USD,ISSUED,2026-10-05,CHG-GEN-C0C6E8,PLAN,Charge pending — card declined by issuer. Payment retry scheduled.,52.94,BSS
CUST-7984,ACC-7984,INV-GEN-DA997E,2026-08,98.5,USD,ISSUED,2026-10-05,CHG-GEN-6ECE17,DATA,Charge processed after charging-api error recovery. System log: NullPointerException in charge-calculation module. Late-rated usage applied to current cycle.,60.6,BSS
CUST-6292,ACC-6292,INV-GEN-EBCD06,2026-09,130.66,USD,ISSUED,2026-10-05,CHG-GEN-88511C,PLAN,Charge re-rated after Billing gateway throughput breach (1173.7). Original rating adjusted due to API performance degradation.,73.28,BSS
CUST-5321,ACC-5321,INV-GEN-67C7DC,2026-08,114.11,USD,ISSUED,2026-10-05,CHG-GEN-D79A99,VOICE,VOICE charge incurred during fiber cut disruption. Backup path metering applied during outage window.,63.76,BSS
CUST-4040,ACC-4040,INV-GEN-9CE0C1,2026-09,152.18,USD,PAST_DUE,2026-10-05,CHG-GEN-F5A4CD,DATA,Data session retries during cell outage at SITE-DE-BER-002 (23 min). DATA+VOICE sessions re-established causing additional usage.,119.59,BSS
CUST-9889,ACC-9889,INV-GEN-C056B9,2026-09,195.28,USD,ISSUED,2026-10-05,CHG-GEN-3358F7,DATA,Data overage from congestion-driven re-sessions at SITE-UAE-DXB-01 (31 min). Throughput degradation led to repeated downloads.,147.15,BSS
CUST-8299,ACC-8299,INV-GEN-B2748F,2026-09,111.52,USD,ISSUED,2026-10-05,CHG-GEN-064931,VOICE,VOICE charge during regional switch failover. Incomplete failover caused partial service with continued billing.,78.25,BSS
CUST-5344,ACC-5344,INV-GEN-832FA4,2026-08,214.5,USD,ISSUED,2026-10-05,CHG-GEN-547A2F,PLAN,Plan charge held pending updated card on file. Auto-payment failed due to expired card.,176.34,BSS
CUST-6261,ACC-6261,INV-GEN-7E7521,2026-09,168.24,USD,ISSUED,2026-10-05,CHG-GEN-0C6C47,PLAN,Charge delayed due to issuer timeout during payment processing. Will retry next cycle.,114.59,BSS
CUST-5561,ACC-5561,INV-GEN-5AF092,2026-09,151.04,USD,PAST_DUE,2026-10-05,CHG-GEN-D68272,DATA,Data top-up charge unpaid after reported insufficient funds. Auto-payment declined by issuer.,129.29,BSS
CUST-2150,ACC-2150,INV-GEN-F18425,2026-09,145.43,USD,ISSUED,2026-10-05,CHG-GEN-DD034C,DATA,Data top-up charge unpaid after reported insufficient funds. Auto-payment declined by issuer.,98.18,BSS
CUST-6017,ACC-6017,INV-GEN-4719E1,2026-09,140.67,USD,PAST_DUE,2026-10-05,CHG-GEN-F59772,DATA,Data overage from congestion-driven re-sessions at SITE-ES-MAD-009 (96 min). Throughput degradation led to repeated downloads.,113.34,BSS
CUST-8903,ACC-8903,INV-GEN-FEDDF1,2026-09,178.63,USD,PAST_DUE,2026-10-05,CHG-GEN-93A996,DATA,Data overage from congestion-driven re-sessions at SITE-UK-LON-014 (50 min). Throughput degradation led to repeated downloads.,151.2,BSS
CUST-6577,ACC-6577,INV-GEN-2F6A9C,2026-08,177.06,USD,PAST_DUE,2026-10-05,CHG-GEN-A0390F,ROAMING,Charge re-rated after Partner API timeout rate breach (9.8). Original rating adjusted due to API performance degradation.,140.95,BSS
CUST-8180,ACC-8180,INV-GEN-8A81C6,2026-09,214.15,USD,ISSUED,2026-10-05,CHG-GEN-052DC7,DATA,Charge re-rated after Charging API error rate breach (11.7). Original rating adjusted due to API performance degradation.,176.46,BSS
CUST-5156,ACC-5156,INV-GEN-5D8322,2026-08,192.11,USD,PAST_DUE,2026-10-05,CHG-GEN-A60932,ROAMING,Roaming charge re-rated after partner outage near SITE-UAE-DXB-01. Fallback rating applied during 142 min disruption.,154.8,BSS
CUST-4594,ACC-4594,INV-GEN-99B06B,2026-08,136.08,USD,ISSUED,2026-10-05,CHG-GEN-F29B42,PLAN,FIBER_BROADBAND minutes billed during scheduled maintenance overrun. Maintenance window exceeded planned duration.,96.32,BSS
CUST-8855,ACC-8855,INV-GEN-09F808,2026-09,147.71,USD,PAST_DUE,2026-10-05,CHG-GEN-570827,PLAN,FIBER_BROADBAND minutes billed during scheduled maintenance overrun. Maintenance window exceeded planned duration.,102.53,BSS
CUST-6605,ACC-6605,INV-GEN-558589,2026-09,187.46,USD,ISSUED,2026-10-05,CHG-GEN-8527C1,VOICE,VOICE charge during regional switch failover. Incomplete failover caused partial service with continued billing.,164.65,BSS
CUST-3374,ACC-3374,INV-GEN-27EB1F,2026-09,96.64,USD,ISSUED,2026-10-05,CHG-GEN-708A4D,VOICE,Excess data usage due to signal degradation at SITE-FR-PAR-021 (125 min). Poor signal caused retransmissions.,36.86,BSS
CUST-9529,ACC-9529,INV-GEN-8C24E4,2026-09,174.02,USD,ISSUED,2026-10-05,CHG-GEN-7634CF,DATA,Data top-up charge unpaid after reported insufficient funds. Auto-payment declined by issuer.,132.66,BSS
CUST-7791,ACC-7791,INV-GEN-0C6972,2026-09,183.61,USD,ISSUED,2026-10-05,CHG-GEN-55C6DA,PLAN,Charge delayed due to issuer timeout during payment processing. Will retry next cycle.,134.95,BSS
CUST-8699,ACC-8699,INV-GEN-F81DE8,2026-09,130.29,USD,PAST_DUE,2026-10-05,CHG-GEN-90BB3C,DATA,Charge re-rated after Charging API error rate breach (15.9). Original rating adjusted due to API performance degradation.,98.99,BSS
CUST-3193,ACC-3193,INV-GEN-D42E02,2026-09,225.4,USD,PAST_DUE,2026-10-05,CHG-GEN-D539A7,DATA,Data top-up charge unpaid after reported insufficient funds. Auto-payment declined by issuer.,171.33,BSS
CUST-3792,ACC-3792,INV-GEN-3CC201,2026-09,182.91,USD,PAST_DUE,2026-10-05,CHG-GEN-6A6C05,PLAN,FIBER_BROADBAND charge during regional switch failover. Incomplete failover caused partial service with continued billing.,155.66,BSS
CUST-3481,ACC-3481,INV-GEN-8857A3,2026-09,163.37,USD,PAST_DUE,2026-10-05,CHG-GEN-F4B1D1,DATA,Charge re-rated after Mediation API p95 latency breach (5812.5). Original rating adjusted due to API performance degradation.,133.37,BSS
CUST-7501,ACC-7501,INV-GEN-768E58,2026-09,92.23,USD,ISSUED,2026-10-05,CHG-GEN-549DB2,DATA,Charge processed after charging-api error recovery. System log: Pod crash-loop-backoff (OOMKilled). Late-rated usage applied to current cycle.,51.99,BSS
CUST-7003,ACC-7003,INV-GEN-DAAD16,2026-09,214.42,USD,PAST_DUE,2026-10-05,CHG-GEN-692384,DATA,DATA charge during regional switch failover. Incomplete failover caused partial service with continued billing.,158.05,BSS
CUST-3757,ACC-3757,INV-GEN-077412,2026-09,153.65,USD,ISSUED,2026-10-05,CHG-GEN-4E12CA,VOICE,Excess data usage due to signal degradation at SITE-FR-PAR-021 (205 min). Poor signal caused retransmissions.,115.84,BSS
CUST-2321,ACC-2321,INV-GEN-C432CF,2026-09,192.23,USD,ISSUED,2026-10-05,CHG-GEN-420393,PLAN,Plan charge held pending updated card on file. Auto-payment failed due to expired card.,160.23,BSS
CUST-7189,ACC-7189,INV-GEN-635F35,2026-08,101.29,USD,PAST_DUE,2026-10-05,CHG-GEN-80CCB6,DATA,DATA charge during regional switch failover. Incomplete failover caused partial service with continued billing.,43.55,BSS
CUST-3196,ACC-3196,INV-GEN-71F1EE,2026-09,159.6,USD,PAST_DUE,2026-10-05,CHG-GEN-042322,PLAN,Charge delayed due to issuer timeout during payment processing. Will retry next cycle.,138.64,BSS
CUST-3747,ACC-3747,INV-GEN-278DD3,2026-09,96.04,USD,PAST_DUE,2026-10-05,CHG-GEN-75A6D6,DATA,Charge processed after rating-engine error recovery. System log: NullPointerException in charge-calculation module. Late-rated usage applied to current cycle.,53.24,BSS
CUST-9958,ACC-9958,INV-GEN-5A7B67,2026-09,110.43,USD,ISSUED,2026-10-05,CHG-GEN-BB06BD,VOICE,VOICE minutes billed during scheduled maintenance overrun. Maintenance window exceeded planned duration.,50.58,BSS
CUST-2977,ACC-2977,INV-GEN-5C7431,2026-08,137.5,USD,ISSUED,2026-10-05,CHG-GEN-699E8E,PLAN,Charge delayed due to issuer timeout during payment processing. Will retry next cycle.,103.85,BSS
CUST-7822,ACC-7822,INV-GEN-62944B,2026-09,92.8,USD,ISSUED,2026-10-05,CHG-GEN-8203BE,DATA,Data overage from congestion-driven re-sessions at SITE-UK-LON-014 (126 min). Throughput degradation led to repeated downloads.,39.43,BSS
CUST-5938,ACC-5938,INV-GEN-7DCEF2,2026-09,98.89,USD,PAST_DUE,2026-10-05,CHG-GEN-DADC9B,PLAN,FIBER_BROADBAND charge incurred during fiber cut disruption. Backup path metering applied during outage window.,72.41,BSS
CUST-8980,ACC-8980,INV-GEN-456E02,2026-09,238.74,USD,PAST_DUE,2026-10-05,CHG-GEN-03516D,PLAN,Plan charge held pending updated card on file. Auto-payment failed due to expired card.,179.86,BSS
CUST-3764,ACC-3764,INV-GEN-7722C5,2026-09,90.68,USD,PAST_DUE,2026-10-05,CHG-GEN-9192E6,ROAMING,Roaming charge re-rated after partner outage near SITE-DE-BER-002. Fallback rating applied during 200 min disruption.,34.11,BSS
CUST-3604,ACC-3604,INV-GEN-D82430,2026-09,196.71,USD,ISSUED,2026-10-05,CHG-GEN-14C2D6,ROAMING,Charge re-rated after Partner API timeout rate breach (14.2). Original rating adjusted due to API performance degradation.,165.88,BSS
CUST-7830,ACC-7830,INV-GEN-9E3267,2026-09,161.71,USD,ISSUED,2026-10-05,CHG-GEN-C4A316,ROAMING,Roaming charge re-rated after partner outage near SITE-DE-BER-002. Fallback rating applied during 89 min disruption.,112.51,BSS
CUST-8046,ACC-8046,INV-GEN-BC1F12,2026-08,125.17,USD,PAST_DUE,2026-10-05,CHG-GEN-E71051,DATA,Data overage from congestion-driven re-sessions at SITE-UAE-DXB-01 (27 min). Throughput degradation led to repeated downloads.,81.2,BSS
CUST-3029,ACC-3029,INV-GEN-10C02F,2026-08,139.9,USD,PAST_DUE,2026-10-05,CHG-GEN-5E0D5C,PLAN,Charge pending — card declined by issuer. Payment retry scheduled.,90.21,BSS
CUST-9078,ACC-9078,INV-GEN-3FB209,2026-09,134.15,USD,ISSUED,2026-10-05,CHG-GEN-A1499A,PLAN,Charge re-rated after Billing gateway throughput breach (1900.7). Original rating adjusted due to API performance degradation.,76.0,BSS
CUST-8780,ACC-8780,INV-GEN-E41D01,2026-09,93.12,USD,ISSUED,2026-10-05,CHG-GEN-A75795,PLAN,Plan charge held pending updated card on file. Auto-payment failed due to expired card.,62.78,BSS
CUST-2478,ACC-2478,INV-GEN-6EA9F4,2026-09,197.88,USD,PAST_DUE,2026-10-05,CHG-GEN-2FB43C,DATA,Data overage from congestion-driven re-sessions at SITE-UK-LON-014 (141 min). Throughput degradation led to repeated downloads.,173.45,BSS
CUST-5763,ACC-5763,INV-GEN-A66A98,2026-09,148.65,USD,PAST_DUE,2026-10-05,CHG-GEN-C2C92C,DATA,Charge processed after mediation-svc error recovery. System log: Pod crash-loop-backoff (OOMKilled). Late-rated usage applied to current cycle.,124.35,BSS
CUST-5959,ACC-5959,INV-GEN-D01144,2026-09,201.88,USD,ISSUED,2026-10-05,CHG-GEN-43562F,DATA,Data top-up charge unpaid after reported insufficient funds. Auto-payment declined by issuer.,149.0,BSS
CUST-2607,ACC-2607,INV-GEN-FDC41B,2026-08,102.0,USD,PAST_DUE,2026-10-05,CHG-GEN-296BF9,DATA,Data top-up charge unpaid after reported insufficient funds. Auto-payment declined by issuer.,78.1,BSS
CUST-4586,ACC-4586,INV-GEN-E84831,2026-09,202.79,USD,PAST_DUE,2026-10-05,CHG-GEN-403C39,PLAN,Charge pending — card declined by issuer. Payment retry scheduled.,157.66,BSS
CUST-9898,ACC-9898,INV-GEN-C0353F,2026-09,86.94,USD,PAST_DUE,2026-10-05,CHG-GEN-B44AE2,DATA,Data session retries during cell outage at SITE-DE-BER-002 (102 min). VOICE sessions re-established causing additional usage.,65.85,BSS
CUST-2524,ACC-2524,INV-GEN-5CE889,2026-09,122.74,USD,PAST_DUE,2026-10-05,CHG-GEN-0C6277,DATA,Charge processed after rating-engine error recovery. System log: Pod crash-loop-backoff (OOMKilled). Late-rated usage applied to current cycle.,90.04,BSS
CUST-8043,ACC-8043,INV-GEN-8C5B6E,2026-09,208.58,USD,PAST_DUE,2026-10-05,CHG-GEN-2BB371,DATA,Charge re-rated after Mediation API p95 latency breach (2640.1). Original rating adjusted due to API performance degradation.,173.61,BSS
CUST-6734,ACC-6734,INV-GEN-0E1D24,2026-09,200.82,USD,PAST_DUE,2026-10-05,CHG-GEN-3084F0,DATA,DATA charge during regional switch failover. Incomplete failover caused partial service with continued billing.,145.45,BSS
CUST-4862,ACC-4862,INV-GEN-01729F,2026-09,145.03,USD,PAST_DUE,2026-10-05,CHG-GEN-CD519F,DATA,Data overage from congestion-driven re-sessions at SITE-ES-MAD-009 (49 min). Throughput degradation led to repeated downloads.,100.11,BSS
CUST-6822,ACC-6822,INV-GEN-3F8001,2026-09,120.75,USD,ISSUED,2026-10-05,CHG-GEN-20C85F,DATA,Charge re-rated after Mediation API p95 latency breach (3134.5). Original rating adjusted due to API performance degradation.,66.17,BSS
CUST-4361,ACC-4361,INV-GEN-DF521A,2026-09,188.15,USD,PAST_DUE,2026-10-05,CHG-GEN-10150B,DATA,DATA minutes billed during scheduled maintenance overrun. Maintenance window exceeded planned duration.,150.85,BSS
CUST-8156,ACC-8156,INV-GEN-6C2665,2026-09,206.16,USD,PAST_DUE,2026-10-05,CHG-GEN-BC233D,DATA,Data top-up charge unpaid after reported insufficient funds. Auto-payment declined by issuer.,175.29,BSS
CUST-2976,ACC-2976,INV-GEN-1DC6E0,2026-09,189.38,USD,PAST_DUE,2026-10-05,CHG-GEN-4D38A8,PLAN,Charge delayed due to issuer timeout during payment processing. Will retry next cycle.,165.39,BSS
CUST-3606,ACC-3606,INV-GEN-523C04,2026-09,213.36,USD,PAST_DUE,2026-10-05,CHG-GEN-8FFD0E,DATA,Charge processed after rating-engine error recovery. System log: Pod crash-loop-backoff (OOMKilled). Late-rated usage applied to current cycle.,161.07,BSS
CUST-8465,ACC-8465,INV-GEN-BB8E77,2026-09,169.22,USD,ISSUED,2026-10-05,CHG-GEN-286F37,PLAN,Charge delayed due to issuer timeout during payment processing. Will retry next cycle.,138.66,BSS
CUST-4617,ACC-4617,INV-GEN-F4C142,2026-09,206.89,USD,PAST_DUE,2026-10-05,CHG-GEN-2CBD37,ROAMING,Roaming charge re-rated after partner outage near SITE-ES-MAD-009. Fallback rating applied during 70 min disruption.,178.85,BSS
CUST-2698,ACC-2698,INV-GEN-5B2C63,2026-09,141.8,USD,PAST_DUE,2026-10-05,CHG-GEN-9883E4,DATA,Data top-up charge unpaid after reported insufficient funds. Auto-payment declined by issuer.,107.48,BSS
CUST-2160,ACC-2160,INV-GEN-20C984,2026-08,163.69,USD,PAST_DUE,2026-10-05,CHG-GEN-6DCC8C,VOICE,VOICE charge during regional switch failover. Incomplete failover caused partial service with continued billing.,111.72,BSS
CUST-3222,ACC-3222,INV-GEN-6D9335,2026-09,117.26,USD,ISSUED,2026-10-05,CHG-GEN-F32DD6,VOICE,Excess data usage due to signal degradation at SITE-FR-PAR-021 (97 min). Poor signal caused retransmissions.,80.89,BSS
CUST-7150,ACC-7150,INV-GEN-5668FC,2026-08,193.38,USD,ISSUED,2026-10-05,CHG-GEN-3B8BFF,VOICE,Excess data usage due to signal degradation at SITE-UK-LON-014 (161 min). Poor signal caused retransmissions.,158.88,BSS
CUST-9919,ACC-9919,INV-GEN-C9F3FE,2026-09,176.23,USD,ISSUED,2026-10-05,CHG-GEN-ACDAA3,DATA,Data top-up charge unpaid after reported insufficient funds. Auto-payment declined by issuer.,130.59,BSS
CUST-4715,ACC-4715,INV-GEN-A0D721,2026-08,60.43,USD,PAST_DUE,2026-10-05,CHG-GEN-F6998E,PLAN,Charge delayed due to issuer timeout during payment processing. Will retry next cycle.,38.95,BSS
CUST-6770,ACC-6770,INV-GEN-9202B1,2026-09,220.7,USD,ISSUED,2026-10-05,CHG-GEN-DABEE7,PLAN,Charge pending — card declined by issuer. Payment retry scheduled.,178.31,BSS
CUST-5596,ACC-5596,INV-GEN-5FDA76,2026-09,201.46,USD,ISSUED,2026-10-05,CHG-GEN-D5B5CF,DATA,Charge processed after mediation-svc error recovery. System log: Pod crash-loop-backoff (OOMKilled). Late-rated usage applied to current cycle.,144.26,BSS
CUST-6632,ACC-6632,INV-GEN-B2A069,2026-08,154.61,USD,PAST_DUE,2026-10-05,CHG-GEN-11EE7D,VOICE,VOICE charge incurred during fiber cut disruption. Backup path metering applied during outage window.,101.68,BSS
CUST-4514,ACC-4514,INV-GEN-D15A09,2026-09,97.39,USD,ISSUED,2026-10-05,CHG-GEN-F4CBC6,DATA,Charge processed after mediation-svc error recovery. System log: NullPointerException in charge-calculation module. Late-rated usage applied to current cycle.,59.89,BSS
CUST-4317,ACC-4317,INV-GEN-660E18,2026-09,134.55,USD,PAST_DUE,2026-10-05,CHG-GEN-275EA0,VOICE,VOICE charge billed during core routing misconfiguration outage. Services were disrupted but metering continued.,96.72,BSS
CUST-8537,ACC-8537,INV-GEN-6BA43A,2026-08,97.33,USD,PAST_DUE,2026-10-05,CHG-GEN-E8ABFA,PLAN,Charge re-rated after Billing gateway throughput breach (2231.7). Original rating adjusted due to API performance degradation.,44.4,BSS
CUST-8836,ACC-8836,INV-GEN-F33932,2026-08,212.47,USD,ISSUED,2026-10-05,CHG-GEN-9F6146,DATA,Charge processed after mediation-svc error recovery. System log: Elevated queue depth — processing lag detected. Late-rated usage applied to current cycle.,165.31,BSS
CUST-2557,ACC-2557,INV-GEN-14840B,2026-09,122.52,USD,PAST_DUE,2026-10-05,CHG-GEN-95A904,PLAN,FIBER_BROADBAND charge during regional switch failover. Incomplete failover caused partial service with continued billing.,76.79,BSS
CUST-4533,ACC-4533,INV-GEN-7A4C39,2026-09,63.38,USD,ISSUED,2026-10-05,CHG-GEN-735616,DATA,DATA minutes billed during scheduled maintenance overrun. Maintenance window exceeded planned duration.,35.59,BSS
CUST-6922,ACC-6922,INV-GEN-57BF58,2026-09,94.15,USD,PAST_DUE,2026-10-05,CHG-GEN-6269D3,DATA,Charge processed after charging-api error recovery. System log: Elevated queue depth — processing lag detected. Late-rated usage applied to current cycle.,58.3,BSS
CUST-7731,ACC-7731,INV-GEN-680F00,2026-08,157.09,USD,ISSUED,2026-10-05,CHG-GEN-1D83C8,DATA,Charge processed after rating-engine error recovery. System log: Pod crash-loop-backoff (OOMKilled). Late-rated usage applied to current cycle.,116.35,BSS
CUST-2443,ACC-2443,INV-GEN-668F83,2026-09,115.33,USD,ISSUED,2026-10-05,CHG-GEN-A1D215,ROAMING,Charge re-rated after Partner API timeout rate breach (13.4). Original rating adjusted due to API performance degradation.,85.16,BSS
CUST-2285,ACC-2285,INV-GEN-497DAA,2026-09,190.6,USD,PAST_DUE,2026-10-05,CHG-GEN-C526C4,PLAN,Plan charge held pending updated card on file. Auto-payment failed due to expired card.,158.12,BSS
CUST-9133,ACC-9133,INV-GEN-2A9263,2026-09,141.15,USD,PAST_DUE,2026-10-05,CHG-GEN-909563,DATA,Data top-up charge unpaid after reported insufficient funds. Auto-payment declined by issuer.,100.66,BSS
CUST-8892,ACC-8892,INV-GEN-E9E6F9,2026-09,101.11,USD,PAST_DUE,2026-10-05,CHG-GEN-253467,DATA,Charge processed after charging-api error recovery. System log: NullPointerException in charge-calculation module. Late-rated usage applied to current cycle.,65.58,BSS
CUST-9851,ACC-9851,INV-GEN-D7926E,2026-09,69.5,USD,PAST_DUE,2026-10-05,CHG-GEN-E6478F,ROAMING,Roaming charge re-rated after partner outage near SITE-DE-BER-002. Fallback rating applied during 173 min disruption.,40.0,BSS
CUST-8426,ACC-8426,INV-GEN-69628C,2026-08,62.92,USD,PAST_DUE,2026-10-05,CHG-GEN-97F988,PLAN,Plan charge held pending updated card on file. Auto-payment failed due to expired card.,39.57,BSS
CUST-7666,ACC-7666,INV-GEN-1D0315,2026-09,169.37,USD,PAST_DUE,2026-10-05,CHG-GEN-71774C,ROAMING,Roaming charge re-rated after partner outage near SITE-UK-LON-014. Fallback rating applied during 22 min disruption.,123.88,BSS
CUST-2157,ACC-2157,INV-GEN-383424,2026-09,129.22,USD,PAST_DUE,2026-10-05,CHG-GEN-5AAE1A,DATA,Data top-up charge unpaid after reported insufficient funds. Auto-payment declined by issuer.,98.89,BSS
CUST-4619,ACC-4619,INV-GEN-562D15,2026-09,201.93,USD,ISSUED,2026-10-05,CHG-GEN-A9C384,PLAN,Charge processed after billing-gateway error recovery. System log: NullPointerException in charge-calculation module. Late-rated usage applied to current cycle.,166.52,BSS
CUST-4074,ACC-4074,INV-GEN-691FFD,2026-08,75.51,USD,ISSUED,2026-10-05,CHG-GEN-C611F0,DATA,Charge processed after mediation-svc error recovery. System log: NullPointerException in charge-calculation module. Late-rated usage applied to current cycle.,43.17,BSS
CUST-2388,ACC-2388,INV-GEN-5EA333,2026-09,172.69,USD,ISSUED,2026-10-05,CHG-GEN-8F1157,DATA,Data overage from congestion-driven re-sessions at SITE-UAE-DXB-01 (239 min). Throughput degradation led to repeated downloads.,134.92,BSS
CUST-8270,ACC-8270,INV-GEN-754058,2026-09,135.42,USD,ISSUED,2026-10-05,CHG-GEN-7DF0BD,DATA,Charge re-rated after Mediation API p95 latency breach (3499.8). Original rating adjusted due to API performance degradation.,87.4,BSS
CUST-9345,ACC-9345,INV-GEN-B9C0F9,2026-09,147.65,USD,PAST_DUE,2026-10-05,CHG-GEN-855C23,VOICE,Excess data usage due to signal degradation at SITE-UK-LON-014 (123 min). Poor signal caused retransmissions.,95.0,BSS
CUST-3301,ACC-3301,INV-GEN-8DD766,2026-09,214.77,USD,PAST_DUE,2026-10-05,CHG-GEN-1E16D9,DATA,DATA charge during regional switch failover. Incomplete failover caused partial service with continued billing.,168.04,BSS
CUST-6690,ACC-6690,INV-GEN-0F3866,2026-09,177.18,USD,ISSUED,2026-10-05,CHG-GEN-1445F2,ROAMING,Roaming charge re-rated after partner outage near SITE-UAE-DXB-01. Fallback rating applied during 91 min disruption.,148.24,BSS
CUST-8470,ACC-8470,INV-GEN-B2F1CC,2026-09,88.26,USD,ISSUED,2026-10-05,CHG-GEN-44AA79,ROAMING,Roaming charge re-rated after partner outage near SITE-UK-LON-014. Fallback rating applied during 41 min disruption.,62.73,BSS
CUST-4772,ACC-4772,INV-GEN-0723D6,2026-09,155.72,USD,ISSUED,2026-10-05,CHG-GEN-0F2F9C,DATA,Data top-up charge unpaid after reported insufficient funds. Auto-payment declined by issuer.,112.09,BSS
CUST-8435,ACC-8435,INV-GEN-F6AD9D,2026-09,213.92,USD,PAST_DUE,2026-10-05,CHG-GEN-9BD207,DATA,Data overage from congestion-driven re-sessions at SITE-UAE-DXB-01 (40 min). Throughput degradation led to repeated downloads.,166.0,BSS
CUST-4574,ACC-4574,INV-GEN-E5FD97,2026-09,108.47,USD,PAST_DUE,2026-10-05,CHG-GEN-76C922,ROAMING,Roaming charge re-rated after partner outage near SITE-DE-BER-002. Fallback rating applied during 164 min disruption.,87.98,BSS
CUST-5016,ACC-5016,INV-GEN-75E61A,2026-09,65.11,USD,ISSUED,2026-10-05,CHG-GEN-0220CB,PLAN,Charge delayed due to issuer timeout during payment processing. Will retry next cycle.,36.09,BSS
CUST-5471,ACC-5471,INV-GEN-29E55A,2026-08,219.79,USD,PAST_DUE,2026-10-05,CHG-GEN-5B4EA0,ROAMING,Roaming charge re-rated after partner outage near SITE-UK-LON-014. Fallback rating applied during 171 min disruption.,177.26,BSS
CUST-4368,ACC-4368,INV-GEN-0A0CEB,2026-08,136.63,USD,ISSUED,2026-10-05,CHG-GEN-16B71B,DATA,DATA charge billed during core routing misconfiguration outage. Services were disrupted but metering continued.,105.51,BSS
CUST-4905,ACC-4905,INV-GEN-45B335,2026-09,50.64,USD,PAST_DUE,2026-10-05,CHG-GEN-F3BC49,PLAN,FIBER_BROADBAND charge during regional switch failover. Incomplete failover caused partial service with continued billing.,30.08,BSS
CUST-2545,ACC-2545,INV-GEN-717D1B,2026-09,127.59,USD,ISSUED,2026-10-05,CHG-GEN-BA2351,PLAN,Charge delayed due to issuer timeout during payment processing. Will retry next cycle.,99.48,BSS
CUST-3853,ACC-3853,INV-GEN-BBECD3,2026-09,153.84,USD,PAST_DUE,2026-10-05,CHG-GEN-A069EA,PLAN,Plan charge held pending updated card on file. Auto-payment failed due to expired card.,116.62,BSS
CUST-4241,ACC-4241,INV-GEN-370A5A,2026-09,122.76,USD,PAST_DUE,2026-10-05,CHG-GEN-AF9D22,DATA,DATA charge during regional switch failover. Incomplete failover caused partial service with continued billing.,99.83,BSS
CUST-2749,ACC-2749,INV-GEN-388E8B,2026-09,186.76,USD,ISSUED,2026-10-05,CHG-GEN-011278,DATA,Data session retries during cell outage at SITE-UAE-DXB-01 (171 min). DATA sessions re-established causing additional usage.,138.19,BSS
CUST-2490,ACC-2490,INV-GEN-CE7DE3,2026-09,189.64,USD,PAST_DUE,2026-10-05,CHG-GEN-D5F446,DATA,DATA minutes billed during scheduled maintenance overrun. Maintenance window exceeded planned duration.,135.41,BSS
CUST-7119,ACC-7119,INV-GEN-93286C,2026-09,226.62,USD,ISSUED,2026-10-05,CHG-GEN-6C0515,PLAN,FIBER_BROADBAND charge billed during core routing misconfiguration outage. Services were disrupted but metering continued.,172.97,BSS
CUST-9623,ACC-9623,INV-GEN-487354,2026-09,173.0,USD,ISSUED,2026-10-05,CHG-GEN-18D188,ROAMING,Roaming charge re-rated after partner outage near SITE-DE-BER-002. Fallback rating applied during 181 min disruption.,138.08,BSS
CUST-8638,ACC-8638,INV-GEN-1D1F6E,2026-08,148.79,USD,PAST_DUE,2026-10-05,CHG-GEN-B80372,VOICE,Excess data usage due to signal degradation at SITE-FR-PAR-021 (146 min). Poor signal caused retransmissions.,121.89,BSS
CUST-7671,ACC-7671,INV-GEN-B85E9F,2026-09,103.91,USD,ISSUED,2026-10-05,CHG-GEN-72AFF2,DATA,Charge processed after rating-engine error recovery. System log: Elevated queue depth — processing lag detected. Late-rated usage applied to current cycle.,60.9,BSS
CUST-7196,ACC-7196,INV-GEN-F8C30C,2026-09,141.02,USD,ISSUED,2026-10-05,CHG-GEN-BB81F8,DATA,Data session retries during cell outage at SITE-UAE-DXB-01 (224 min). DATA+VOICE sessions re-established causing additional usage.,106.17,BSS
CUST-5620,ACC-5620,INV-GEN-E23EC6,2026-09,128.31,USD,ISSUED,2026-10-05,CHG-GEN-5FD6EE,DATA,Charge re-rated after Charging API error rate breach (11.6). Original rating adjusted due to API performance degradation.,72.77,BSS
CUST-7831,ACC-7831,INV-GEN-FE3F61,2026-08,211.76,USD,ISSUED,2026-10-05,CHG-GEN-C243BC,ROAMING,Roaming charge re-rated after partner outage near SITE-DE-BER-002. Fallback rating applied during 56 min disruption.,159.49,BSS
CUST-3806,ACC-3806,INV-GEN-D4D8B4,2026-09,181.9,USD,ISSUED,2026-10-05,CHG-GEN-D63359,PLAN,Charge delayed due to issuer timeout during payment processing. Will retry next cycle.,153.64,BSS
CUST-2756,ACC-2756,INV-GEN-4C4801,2026-09,190.36,USD,PAST_DUE,2026-10-05,CHG-GEN-FA3CD1,VOICE,VOICE charge during regional switch failover. Incomplete failover caused partial service with continued billing.,164.41,BSS
CUST-2331,ACC-2331,INV-GEN-7B1507,2026-09,170.9,USD,PAST_DUE,2026-10-05,CHG-GEN-AD2CF0,PLAN,Charge pending — card declined by issuer. Payment retry scheduled.,115.42,BSS
CUST-5664,ACC-5664,INV-GEN-AA79D0,2026-09,142.64,USD,ISSUED,2026-10-05,CHG-GEN-66CCA3,DATA,Charge processed after charging-api error recovery. System log: Elevated queue depth — processing lag detected. Late-rated usage applied to current cycle.,91.34,BSS
CUST-8752,ACC-8752,INV-GEN-79F6B7,2026-09,159.23,USD,ISSUED,2026-10-05,CHG-GEN-99EEC3,DATA,Charge re-rated after Mediation API p95 latency breach (5914.8). Original rating adjusted due to API performance degradation.,138.67,BSS
CUST-3734,ACC-3734,INV-GEN-8073C7,2026-08,90.05,USD,ISSUED,2026-10-05,CHG-GEN-33CEC9,DATA,Charge re-rated after Mediation API p95 latency breach (2944.9). Original rating adjusted due to API performance degradation.,30.09,BSS
CUST-3064,ACC-3064,INV-GEN-0B9A49,2026-08,189.45,USD,ISSUED,2026-10-05,CHG-GEN-71A5DE,PLAN,Charge delayed due to issuer timeout during payment processing. Will retry next cycle.,149.39,BSS
CUST-8080,ACC-8080,INV-GEN-8D0D79,2026-09,93.31,USD,ISSUED,2026-10-05,CHG-GEN-D37F76,PLAN,Plan charge held pending updated card on file. Auto-payment failed due to expired card.,65.23,BSS
CUST-2683,ACC-2683,INV-GEN-ECDE37,2026-08,151.77,USD,PAST_DUE,2026-10-05,CHG-GEN-C07632,PLAN,Charge pending — card declined by issuer. Payment retry scheduled.,128.11,BSS
CUST-2915,ACC-2915,INV-GEN-662057,2026-09,116.56,USD,PAST_DUE,2026-10-05,CHG-GEN-68FD8E,PLAN,Plan charge held pending updated card on file. Auto-payment failed due to expired card.,64.16,BSS
CUST-8399,ACC-8399,INV-GEN-3F73AF,2026-09,140.81,USD,PAST_DUE,2026-10-05,CHG-GEN-3D2A51,DATA,Data top-up charge unpaid after reported insufficient funds. Auto-payment declined by issuer.,98.67,BSS
CUST-4263,ACC-4263,INV-GEN-ED72D2,2026-09,191.61,USD,ISSUED,2026-10-05,CHG-GEN-3582CC,DATA,Data session retries during cell outage at SITE-ES-MAD-009 (22 min). VOICE sessions re-established causing additional usage.,149.78,BSS
CUST-6483,ACC-6483,INV-GEN-361828,2026-09,78.82,USD,ISSUED,2026-10-05,CHG-GEN-906D03,PLAN,Charge pending — card declined by issuer. Payment retry scheduled.,30.76,BSS
CUST-6784,ACC-6784,INV-GEN-FE25B4,2026-09,205.27,USD,ISSUED,2026-10-05,CHG-GEN-054787,DATA,Data top-up charge unpaid after reported insufficient funds. Auto-payment declined by issuer.,175.81,BSS
CUST-3806,ACC-3806,INV-GEN-4AE9ED,2026-09,163.05,USD,ISSUED,2026-10-05,CHG-GEN-F964D5,PLAN,Charge pending — card declined by issuer. Payment retry scheduled.,132.36,BSS
CUST-2077,ACC-2077,INV-GEN-CED929,2026-08,170.37,USD,PAST_DUE,2026-10-05,CHG-GEN-B5AE68,PLAN,Charge delayed due to issuer timeout during payment processing. Will retry next cycle.,149.07,BSS
CUST-4534,ACC-4534,INV-GEN-D2473A,2026-08,62.97,USD,ISSUED,2026-10-05,CHG-GEN-914180,PLAN,Charge re-rated after Billing gateway throughput breach (3649.1). Original rating adjusted due to API performance degradation.,32.26,BSS
CUST-9446,ACC-9446,INV-GEN-44A91B,2026-09,96.92,USD,ISSUED,2026-10-05,CHG-GEN-F4EF80,DATA,Charge re-rated after Charging API error rate breach (6.7). Original rating adjusted due to API performance degradation.,42.0,BSS
CUST-2360,ACC-2360,INV-GEN-256821,2026-09,75.55,USD,PAST_DUE,2026-10-05,CHG-GEN-ACE714,PLAN,Charge re-rated after Billing gateway throughput breach (3375.8). Original rating adjusted due to API performance degradation.,33.47,BSS
CUST-9550,ACC-9550,INV-GEN-54E09F,2026-09,143.13,USD,ISSUED,2026-10-05,CHG-GEN-83F677,PLAN,Plan charge held pending updated card on file. Auto-payment failed due to expired card.,115.71,BSS
CUST-9845,ACC-9845,INV-GEN-1F8F5B,2026-09,112.72,USD,ISSUED,2026-10-05,CHG-GEN-ED8B0F,DATA,Charge processed after mediation-svc error recovery. System log: Pod crash-loop-backoff (OOMKilled). Late-rated usage applied to current cycle.,75.76,BSS
CUST-9091,ACC-9091,INV-GEN-FCA311,2026-09,207.09,USD,PAST_DUE,2026-10-05,CHG-GEN-C9306A,ROAMING,Roaming charge re-rated after partner outage near SITE-UAE-DXB-01. Fallback rating applied during 153 min disruption.,151.97,BSS
CUST-5781,ACC-5781,INV-GEN-512226,2026-09,190.9,USD,PAST_DUE,2026-10-05,CHG-GEN-C44071,DATA,Data session retries during cell outage at SITE-DE-BER-002 (146 min). VOICE sessions re-established causing additional usage.,169.89,BSS
CUST-6777,ACC-6777,INV-GEN-0993DD,2026-09,60.76,USD,ISSUED,2026-10-05,CHG-GEN-CFF222,ROAMING,Charge re-rated after Partner API timeout rate breach (8.7). Original rating adjusted due to API performance degradation.,34.35,BSS
CUST-9499,ACC-9499,INV-GEN-8964E6,2026-09,209.42,USD,ISSUED,2026-10-05,CHG-GEN-2FF491,DATA,DATA charge billed during core routing misconfiguration outage. Services were disrupted but metering continued.,153.31,BSS
CUST-7252,ACC-7252,INV-GEN-F8D83B,2026-09,219.61,USD,ISSUED,2026-10-05,CHG-GEN-DB29AE,VOICE,Excess data usage due to signal degradation at SITE-UAE-DXB-01 (51 min). Poor signal caused retransmissions.,173.71,BSS
CUST-5378,ACC-5378,INV-GEN-F6081F,2026-09,104.5,USD,ISSUED,2026-10-05,CHG-GEN-A077C5,PLAN,Plan charge held pending updated card on file. Auto-payment failed due to expired card.,83.12,BSS
CUST-4377,ACC-4377,INV-GEN-47C16A,2026-09,163.63,USD,PAST_DUE,2026-10-05,CHG-GEN-320070,DATA,DATA charge billed during core routing misconfiguration outage. Services were disrupted but metering continued.,135.71,BSS
CUST-4527,ACC-4527,INV-GEN-14E585,2026-09,91.92,USD,ISSUED,2026-10-05,CHG-GEN-4DD274,PLAN,Plan charge held pending updated card on file. Auto-payment failed due to expired card.,36.41,BSS
CUST-8728,ACC-8728,INV-GEN-5293E2,2026-09,230.27,USD,ISSUED,2026-10-05,CHG-GEN-7B8AF3,PLAN,FIBER_BROADBAND minutes billed during scheduled maintenance overrun. Maintenance window exceeded planned duration.,171.67,BSS
CUST-4766,ACC-4766,INV-GEN-7299A3,2026-09,147.51,USD,PAST_DUE,2026-10-05,CHG-GEN-94F2FA,DATA,Data session retries during cell outage at SITE-ES-MAD-009 (228 min). DATA sessions re-established causing additional usage.,91.46,BSS
CUST-6154,ACC-6154,INV-GEN-9D9B06,2026-09,231.74,USD,ISSUED,2026-10-05,CHG-GEN-D60196,VOICE,Excess data usage due to signal degradation at SITE-DE-BER-002 (167 min). Poor signal caused retransmissions.,176.46,BSS
CUST-8520,ACC-8520,INV-GEN-FB6563,2026-09,207.49,USD,PAST_DUE,2026-10-05,CHG-GEN-E0CF2C,DATA,Charge re-rated after Mediation API p95 latency breach (5619.1). Original rating adjusted due to API performance degradation.,177.62,BSS
CUST-7704,ACC-7704,INV-GEN-68301D,2026-08,86.15,USD,ISSUED,2026-10-05,CHG-GEN-F4567B,DATA,Charge re-rated after Charging API error rate breach (13.1). Original rating adjusted due to API performance degradation.,59.14,BSS
CUST-9804,ACC-9804,INV-GEN-89DFDA,2026-09,195.45,USD,PAST_DUE,2026-10-05,CHG-GEN-3C5281,DATA,Data overage from congestion-driven re-sessions at SITE-UAE-DXB-01 (91 min). Throughput degradation led to repeated downloads.,154.67,BSS
CUST-8100,ACC-8100,INV-GEN-4B2CEE,2026-09,130.79,USD,PAST_DUE,2026-10-05,CHG-GEN-28667F,DATA,Data session retries during cell outage at SITE-ES-MAD-009 (31 min). VOICE sessions re-established causing additional usage.,99.0,BSS
CUST-8358,ACC-8358,INV-GEN-2E0C54,2026-09,173.15,USD,PAST_DUE,2026-10-05,CHG-GEN-0F8BCD,DATA,Data session retries during cell outage at SITE-ES-MAD-009 (213 min). DATA sessions re-established causing additional usage.,136.98,BSS
CUST-6944,ACC-6944,INV-GEN-2304B2,2026-09,158.89,USD,PAST_DUE,2026-10-05,CHG-GEN-5BAD17,DATA,Data overage from congestion-driven re-sessions at SITE-FR-PAR-021 (159 min). Throughput degradation led to repeated downloads.,119.54,BSS
CUST-2533,ACC-2533,INV-GEN-D0171E,2026-09,109.52,USD,PAST_DUE,2026-10-05,CHG-GEN-C781D0,DATA,Data overage from congestion-driven re-sessions at SITE-ES-MAD-009 (202 min). Throughput degradation led to repeated downloads.,78.77,BSS
CUST-2866,ACC-2866,INV-GEN-C1FCF1,2026-09,175.23,USD,ISSUED,2026-10-05,CHG-GEN-389D11,DATA,Charge processed after mediation-svc error recovery. System log: Elevated queue depth — processing lag detected. Late-rated usage applied to current cycle.,133.21,BSS
CUST-3372,ACC-3372,INV-GEN-9F431E,2026-08,132.3,USD,ISSUED,2026-10-05,CHG-GEN-098BFA,VOICE,VOICE charge during regional switch failover. Incomplete failover caused partial service with continued billing.,98.36,BSS
CUST-4895,ACC-4895,INV-GEN-B4B2BF,2026-09,169.47,USD,PAST_DUE,2026-10-05,CHG-GEN-9ED8DE,DATA,Data overage from congestion-driven re-sessions at SITE-UK-LON-014 (52 min). Throughput degradation led to repeated downloads.,127.13,BSS
CUST-4002,ACC-4002,INV-GEN-A9E172,2026-09,105.33,USD,ISSUED,2026-10-05,CHG-GEN-AA0025,DATA,Charge re-rated after Charging API error rate breach (6.2). Original rating adjusted due to API performance degradation.,47.86,BSS
CUST-9022,ACC-9022,INV-GEN-ED89F0,2026-09,182.02,USD,PAST_DUE,2026-10-05,CHG-GEN-8FE87D,PLAN,FIBER_BROADBAND charge during regional switch failover. Incomplete failover caused partial service with continued billing.,152.62,BSS
CUST-4513,ACC-4513,INV-GEN-0FB140,2026-09,204.81,USD,PAST_DUE,2026-10-05,CHG-GEN-F7A7FC,PLAN,Charge pending — card declined by issuer. Payment retry scheduled.,177.92,BSS
CUST-6507,ACC-6507,INV-GEN-DC458C,2026-08,94.59,USD,PAST_DUE,2026-10-05,CHG-GEN-1EE4D6,VOICE,Excess data usage due to signal degradation at SITE-FR-PAR-021 (221 min). Poor signal caused retransmissions.,36.79,BSS
CUST-8271,ACC-8271,INV-GEN-72791B,2026-09,143.26,USD,ISSUED,2026-10-05,CHG-GEN-6A4621,VOICE,Excess data usage due to signal degradation at SITE-UAE-DXB-01 (25 min). Poor signal caused retransmissions.,93.93,BSS
CUST-9776,ACC-9776,INV-GEN-8CE482,2026-08,154.8,USD,ISSUED,2026-10-05,CHG-GEN-2A7B00,DATA,Data top-up charge unpaid after reported insufficient funds. Auto-payment declined by issuer.,124.41,BSS
CUST-7897,ACC-7897,INV-GEN-E3D3F5,2026-09,174.01,USD,ISSUED,2026-10-05,CHG-GEN-D22813,PLAN,Plan charge held pending updated card on file. Auto-payment failed due to expired card.,135.2,BSS
CUST-6173,ACC-6173,INV-GEN-2B0C06,2026-08,209.55,USD,ISSUED,2026-10-05,CHG-GEN-25090A,VOICE,Excess data usage due to signal degradation at SITE-UK-LON-014 (171 min). Poor signal caused retransmissions.,162.02,BSS
CUST-9131,ACC-9131,INV-GEN-CD72DE,2026-09,164.01,USD,ISSUED,2026-10-05,CHG-GEN-B3E62B,DATA,Charge processed after charging-api error recovery. System log: Elevated queue depth — processing lag detected. Late-rated usage applied to current cycle.,123.86,BSS
CUST-7178,ACC-7178,INV-GEN-E12D2F,2026-09,192.52,USD,ISSUED,2026-10-05,CHG-GEN-A18D53,DATA,DATA charge during regional switch failover. Incomplete failover caused partial service with continued billing.,157.83,BSS
CUST-8675,ACC-8675,INV-GEN-04C052,2026-09,187.35,USD,ISSUED,2026-10-05,CHG-GEN-8E6FCB,ROAMING,Charge re-rated after Partner API timeout rate breach (15.7). Original rating adjusted due to API performance degradation.,130.88,BSS
CUST-6856,ACC-6856,INV-GEN-73BB03,2026-09,171.17,USD,PAST_DUE,2026-10-05,CHG-GEN-F6FDD0,ROAMING,Roaming charge re-rated after partner outage near SITE-FR-PAR-021. Fallback rating applied during 215 min disruption.,111.72,BSS
CUST-7174,ACC-7174,INV-GEN-B76260,2026-09,154.11,USD,ISSUED,2026-10-05,CHG-GEN-BA906C,DATA,Charge re-rated after Charging API error rate breach (15.8). Original rating adjusted due to API performance degradation.,130.08,BSS
CUST-4035,ACC-4035,INV-GEN-A12844,2026-09,214.34,USD,PAST_DUE,2026-10-05,CHG-GEN-C29B0F,PLAN,Charge delayed due to issuer timeout during payment processing. Will retry next cycle.,154.49,BSS
CUST-8471,ACC-8471,INV-GEN-0979AA,2026-08,140.97,USD,ISSUED,2026-10-05,CHG-GEN-240D43,DATA,Charge processed after rating-engine error recovery. System log: Elevated queue depth — processing lag detected. Late-rated usage applied to current cycle.,115.25,BSS
CUST-2464,ACC-2464,INV-GEN-9595AC,2026-09,189.15,USD,ISSUED,2026-10-05,CHG-GEN-E92C13,DATA,Data top-up charge unpaid after reported insufficient funds. Auto-payment declined by issuer.,161.48,BSS
CUST-7654,ACC-7654,INV-GEN-2DEAAB,2026-08,83.09,USD,ISSUED,2026-10-05,CHG-GEN-088B34,DATA,Charge processed after charging-api error recovery. System log: NullPointerException in charge-calculation module. Late-rated usage applied to current cycle.,45.07,BSS
CUST-7185,ACC-7185,INV-GEN-6B517F,2026-09,83.42,USD,ISSUED,2026-10-05,CHG-GEN-A75475,PLAN,Plan charge held pending updated card on file. Auto-payment failed due to expired card.,30.77,BSS
CUST-5364,ACC-5364,INV-GEN-C85225,2026-09,101.99,USD,ISSUED,2026-10-05,CHG-GEN-2C5F86,DATA,Charge processed after mediation-svc error recovery. System log: Elevated queue depth — processing lag detected. Late-rated usage applied to current cycle.,50.22,BSS
CUST-2190,ACC-2190,INV-GEN-15D339,2026-08,94.43,USD,PAST_DUE,2026-10-05,CHG-GEN-85252C,PLAN,Charge pending — card declined by issuer. Payment retry scheduled.,46.29,BSS
CUST-3655,ACC-3655,INV-GEN-88C642,2026-09,188.82,USD,PAST_DUE,2026-10-05,CHG-GEN-5FEF16,PLAN,Plan charge held pending updated card on file. Auto-payment failed due to expired card.,151.01,BSS
CUST-3260,ACC-3260,INV-GEN-AD5279,2026-08,164.58,USD,PAST_DUE,2026-10-05,CHG-GEN-360A8A,PLAN,Charge delayed due to issuer timeout during payment processing. Will retry next cycle.,135.81,BSS
CUST-8802,ACC-8802,INV-GEN-24ABA6,2026-09,113.46,USD,PAST_DUE,2026-10-05,CHG-GEN-7004B2,DATA,DATA minutes billed during scheduled maintenance overrun. Maintenance window exceeded planned duration.,74.22,BSS
CUST-8851,ACC-8851,INV-GEN-53A134,2026-09,133.89,USD,ISSUED,2026-10-05,CHG-GEN-73E04E,ROAMING,Charge re-rated after Partner API timeout rate breach (8.4). Original rating adjusted due to API performance degradation.,110.29,BSS
CUST-4802,ACC-4802,INV-GEN-703BCD,2026-08,111.51,USD,ISSUED,2026-10-05,CHG-GEN-53AFBA,PLAN,Charge pending — card declined by issuer. Payment retry scheduled.,79.94,BSS
CUST-4330,ACC-4330,INV-GEN-C638B4,2026-09,144.12,USD,ISSUED,2026-10-05,CHG-GEN-1489B2,DATA,DATA charge incurred during fiber cut disruption. Backup path metering applied during outage window.,103.67,BSS
CUST-5028,ACC-5028,INV-GEN-665741,2026-09,124.72,USD,PAST_DUE,2026-10-05,CHG-GEN-DA5B5E,DATA,Charge processed after rating-engine error recovery. System log: Pod crash-loop-backoff (OOMKilled). Late-rated usage applied to current cycle.,85.17,BSS
CUST-8736,ACC-8736,INV-GEN-4A2C14,2026-09,59.21,USD,ISSUED,2026-10-05,CHG-GEN-724FCE,PLAN,Plan charge held pending updated card on file. Auto-payment failed due to expired card.,34.59,BSS
CUST-2217,ACC-2217,INV-GEN-83A54E,2026-09,219.94,USD,PAST_DUE,2026-10-05,CHG-GEN-4CAA16,DATA,Data top-up charge unpaid after reported insufficient funds. Auto-payment declined by issuer.,173.12,BSS
CUST-3561,ACC-3561,INV-GEN-631907,2026-09,208.81,USD,ISSUED,2026-10-05,CHG-GEN-FC0856,PLAN,Charge re-rated after Billing gateway throughput breach (3163.5). Original rating adjusted due to API performance degradation.,149.67,BSS
CUST-5041,ACC-5041,INV-GEN-318006,2026-09,123.0,USD,PAST_DUE,2026-10-05,CHG-GEN-A3C6F4,ROAMING,Roaming charge re-rated after partner outage near SITE-UK-LON-014. Fallback rating applied during 219 min disruption.,90.27,BSS
CUST-7993,ACC-7993,INV-GEN-60C160,2026-09,77.9,USD,ISSUED,2026-10-05,CHG-GEN-FACE39,PLAN,Charge processed after billing-gateway error recovery. System log: Elevated queue depth — processing lag detected. Late-rated usage applied to current cycle.,30.3,BSS
CUST-2585,ACC-2585,INV-GEN-3AD8A7,2026-09,163.18,USD,ISSUED,2026-10-05,CHG-GEN-FA9B53,PLAN,Charge delayed due to issuer timeout during payment processing. Will retry next cycle.,126.23,BSS
CUST-3487,ACC-3487,INV-GEN-7635B6,2026-08,172.86,USD,ISSUED,2026-10-05,CHG-GEN-81D4C4,DATA,Charge processed after mediation-svc error recovery. System log: NullPointerException in charge-calculation module. Late-rated usage applied to current cycle.,151.77,BSS
CUST-3228,ACC-3228,INV-GEN-15A18B,2026-09,183.03,USD,PAST_DUE,2026-10-05,CHG-GEN-6B646A,PLAN,Charge processed after billing-gateway error recovery. System log: Pod crash-loop-backoff (OOMKilled). Late-rated usage applied to current cycle.,130.69,BSS
CUST-8385,ACC-8385,INV-GEN-071C00,2026-09,182.84,USD,PAST_DUE,2026-10-05,CHG-GEN-0C017C,DATA,Charge processed after rating-engine error recovery. System log: NullPointerException in charge-calculation module. Late-rated usage applied to current cycle.,154.28,BSS
CUST-8984,ACC-8984,INV-GEN-178326,2026-09,175.07,USD,PAST_DUE,2026-10-05,CHG-GEN-10F6C0,PLAN,Charge pending — card declined by issuer. Payment retry scheduled.,126.98,BSS
CUST-5035,ACC-5035,INV-GEN-313606,2026-09,85.75,USD,ISSUED,2026-10-05,CHG-GEN-B2952E,PLAN,Charge re-rated after Billing gateway throughput breach (3343.7). Original rating adjusted due to API performance degradation.,57.81,BSS
CUST-8716,ACC-8716,INV-GEN-9D7B03,2026-09,185.64,USD,ISSUED,2026-10-05,CHG-GEN-162A60,PLAN,Plan charge held pending updated card on file. Auto-payment failed due to expired card.,156.57,BSS
CUST-6039,ACC-6039,INV-GEN-1C30DA,2026-09,77.76,USD,PAST_DUE,2026-10-05,CHG-GEN-0FA1EB,DATA,Charge processed after charging-api error recovery. System log: Elevated queue depth — processing lag detected. Late-rated usage applied to current cycle.,37.34,BSS
CUST-6681,ACC-6681,INV-GEN-FB9F39,2026-09,134.62,USD,ISSUED,2026-10-05,CHG-GEN-D32DBA,VOICE,VOICE minutes billed during scheduled maintenance overrun. Maintenance window exceeded planned duration.,95.7,BSS
CUST-3553,ACC-3553,INV-GEN-ACCB9E,2026-08,77.9,USD,ISSUED,2026-10-05,CHG-GEN-2FA7D6,PLAN,Charge delayed due to issuer timeout during payment processing. Will retry next cycle.,42.27,BSS
CUST-5069,ACC-5069,INV-GEN-55674D,2026-09,139.42,USD,PAST_DUE,2026-10-05,CHG-GEN-CD1828,DATA,DATA charge during regional switch failover. Incomplete failover caused partial service with continued billing.,108.25,BSS
CUST-4099,ACC-4099,INV-GEN-317F2E,2026-09,123.39,USD,PAST_DUE,2026-10-05,CHG-GEN-0799FB,VOICE,VOICE charge during regional switch failover. Incomplete failover caused partial service with continued billing.,86.61,BSS
CUST-7957,ACC-7957,INV-GEN-8F991F,2026-08,163.85,USD,PAST_DUE,2026-10-05,CHG-GEN-5AEA6F,DATA,Charge re-rated after Charging API error rate breach (12.3). Original rating adjusted due to API performance degradation.,123.67,BSS
CUST-3079,ACC-3079,INV-GEN-9861CB,2026-08,76.44,USD,ISSUED,2026-10-05,CHG-GEN-9CE2AC,DATA,Charge processed after charging-api error recovery. System log: Pod crash-loop-backoff (OOMKilled). Late-rated usage applied to current cycle.,49.71,BSS
CUST-8054,ACC-8054,INV-GEN-570732,2026-09,134.47,USD,PAST_DUE,2026-10-05,CHG-GEN-2FD833,DATA,Data overage from congestion-driven re-sessions at SITE-FR-PAR-021 (28 min). Throughput degradation led to repeated downloads.,87.03,BSS
CUST-3784,ACC-3784,INV-GEN-912C14,2026-08,184.14,USD,PAST_DUE,2026-10-05,CHG-GEN-14FEDA,DATA,Charge processed after charging-api error recovery. System log: Pod crash-loop-backoff (OOMKilled). Late-rated usage applied to current cycle.,142.0,BSS
CUST-2589,ACC-2589,INV-GEN-81587F,2026-09,178.9,USD,ISSUED,2026-10-05,CHG-GEN-2A2126,ROAMING,Roaming charge re-rated after partner outage near SITE-UK-LON-014. Fallback rating applied during 147 min disruption.,139.08,BSS
CUST-4031,ACC-4031,INV-GEN-73CBB4,2026-09,161.39,USD,ISSUED,2026-10-05,CHG-GEN-E25FBB,DATA,Charge processed after rating-engine error recovery. System log: Pod crash-loop-backoff (OOMKilled). Late-rated usage applied to current cycle.,128.44,BSS
CUST-6235,ACC-6235,INV-GEN-FF8E4B,2026-09,109.45,USD,ISSUED,2026-10-05,CHG-GEN-978211,PLAN,FIBER_BROADBAND charge billed during core routing misconfiguration outage. Services were disrupted but metering continued.,56.54,BSS
CUST-5309,ACC-5309,INV-GEN-AA0879,2026-09,126.62,USD,ISSUED,2026-10-05,CHG-GEN-7ADF0D,PLAN,Plan charge held pending updated card on file. Auto-payment failed due to expired card.,88.55,BSS
CUST-9028,ACC-9028,INV-GEN-16B0BE,2026-09,203.37,USD,PAST_DUE,2026-10-05,CHG-GEN-624F19,PLAN,Charge delayed due to issuer timeout during payment processing. Will retry next cycle.,171.05,BSS
CUST-3217,ACC-3217,INV-GEN-22A16F,2026-09,185.91,USD,ISSUED,2026-10-05,CHG-GEN-C1DABC,ROAMING,Roaming charge re-rated after partner outage near SITE-DE-BER-002. Fallback rating applied during 210 min disruption.,156.95,BSS
CUST-8888,ACC-8888,INV-GEN-FA6860,2026-09,103.66,USD,PAST_DUE,2026-10-05,CHG-GEN-80602E,VOICE,VOICE charge incurred during fiber cut disruption. Backup path metering applied during outage window.,73.21,BSS
CUST-2833,ACC-2833,INV-GEN-FE9205,2026-08,140.59,USD,PAST_DUE,2026-10-05,CHG-GEN-3D105A,DATA,Data session retries during cell outage at SITE-ES-MAD-009 (144 min). VOICE sessions re-established causing additional usage.,90.36,BSS
CUST-4909,ACC-4909,INV-GEN-E429AD,2026-09,215.52,USD,PAST_DUE,2026-10-05,CHG-GEN-40BBF7,VOICE,VOICE charge billed during core routing misconfiguration outage. Services were disrupted but metering continued.,173.68,BSS
CUST-2532,ACC-2532,INV-GEN-4C1941,2026-09,108.83,USD,ISSUED,2026-10-05,CHG-GEN-71AB19,ROAMING,Charge re-rated after Partner API timeout rate breach (13.1). Original rating adjusted due to API performance degradation.,84.33,BSS
CUST-4719,ACC-4719,INV-GEN-676AC5,2026-09,179.41,USD,ISSUED,2026-10-05,CHG-GEN-F1D6B3,ROAMING,Roaming charge re-rated after partner outage near SITE-ES-MAD-009. Fallback rating applied during 141 min disruption.,131.41,BSS
CUST-2633,ACC-2633,INV-GEN-D636EB,2026-08,128.83,USD,PAST_DUE,2026-10-05,CHG-GEN-6EAAA2,DATA,Charge processed after mediation-svc error recovery. System log: Pod crash-loop-backoff (OOMKilled). Late-rated usage applied to current cycle.,92.91,BSS
CUST-6756,ACC-6756,INV-GEN-72EA6A,2026-09,70.85,USD,PAST_DUE,2026-10-05,CHG-GEN-D8254E,PLAN,Charge pending — card declined by issuer. Payment retry scheduled.,40.03,BSS
CUST-5264,ACC-5264,INV-GEN-22B49A,2026-09,141.67,USD,ISSUED,2026-10-05,CHG-GEN-239067,PLAN,Charge delayed due to issuer timeout during payment processing. Will retry next cycle.,114.58,BSS
CUST-7728,ACC-7728,INV-GEN-F500E3,2026-09,78.21,USD,PAST_DUE,2026-10-05,CHG-GEN-5ABB98,VOICE,Excess data usage due to signal degradation at SITE-UAE-DXB-01 (156 min). Poor signal caused retransmissions.,43.62,BSS
CUST-7312,ACC-7312,INV-GEN-79B22B,2026-08,142.12,USD,ISSUED,2026-10-05,CHG-GEN-154527,DATA,Data session retries during cell outage at SITE-ES-MAD-009 (229 min). VOICE sessions re-established causing additional usage.,96.31,BSS
CUST-2712,ACC-2712,INV-GEN-A5C6D5,2026-09,117.63,USD,PAST_DUE,2026-10-05,CHG-GEN-5A603C,ROAMING,Charge re-rated after Partner API timeout rate breach (5.3). Original rating adjusted due to API performance degradation.,90.06,BSS
CUST-2968,ACC-2968,INV-GEN-4ABE22,2026-09,151.57,USD,PAST_DUE,2026-10-05,CHG-GEN-DF1FB2,ROAMING,Roaming charge re-rated after partner outage near SITE-FR-PAR-021. Fallback rating applied during 111 min disruption.,115.67,BSS
CUST-8017,ACC-8017,INV-GEN-128F02,2026-08,83.37,USD,PAST_DUE,2026-10-05,CHG-GEN-5AE752,DATA,Charge processed after charging-api error recovery. System log: Pod crash-loop-backoff (OOMKilled). Late-rated usage applied to current cycle.,51.54,BSS
CUST-6351,ACC-6351,INV-GEN-8F3361,2026-09,109.58,USD,PAST_DUE,2026-10-05,CHG-GEN-650AE3,DATA,Charge re-rated after Mediation API p95 latency breach (3123.0). Original rating adjusted due to API performance degradation.,76.0,BSS
CUST-9822,ACC-9822,INV-GEN-6E4FCD,2026-08,181.42,USD,PAST_DUE,2026-10-05,CHG-GEN-8F9AB8,DATA,DATA charge during regional switch failover. Incomplete failover caused partial service with continued billing.,147.18,BSS
CUST-3544,ACC-3544,INV-GEN-DA490A,2026-09,152.57,USD,PAST_DUE,2026-10-05,CHG-GEN-4E88D5,PLAN,Plan charge held pending updated card on file. Auto-payment failed due to expired card.,130.13,BSS
CUST-2896,ACC-2896,INV-GEN-9C4E56,2026-08,200.74,USD,PAST_DUE,2026-10-05,CHG-GEN-87A48E,DATA,Data top-up charge unpaid after reported insufficient funds. Auto-payment declined by issuer.,158.99,BSS
CUST-2397,ACC-2397,INV-GEN-57436E,2026-09,109.78,USD,PAST_DUE,2026-10-05,CHG-GEN-545244,VOICE,VOICE charge incurred during fiber cut disruption. Backup path metering applied during outage window.,74.48,BSS
CUST-5696,ACC-5696,INV-GEN-5693FF,2026-09,173.1,USD,PAST_DUE,2026-10-05,CHG-GEN-FDB608,DATA,Charge processed after charging-api error recovery. System log: Elevated queue depth — processing lag detected. Late-rated usage applied to current cycle.,123.15,BSS
CUST-3674,ACC-3674,INV-GEN-C04754,2026-09,156.45,USD,ISSUED,2026-10-05,CHG-GEN-1E7ACE,ROAMING,Roaming charge re-rated after partner outage near SITE-UK-LON-014. Fallback rating applied during 19 min disruption.,125.91,BSS
CUST-9425,ACC-9425,INV-GEN-A8FA8F,2026-08,58.92,USD,PAST_DUE,2026-10-05,CHG-GEN-75BDA3,DATA,Data session retries during cell outage at SITE-FR-PAR-021 (39 min). DATA+VOICE sessions re-established causing additional usage.,33.16,BSS
CUST-3978,ACC-3978,INV-GEN-46492E,2026-09,185.4,USD,ISSUED,2026-10-05,CHG-GEN-1A5D34,VOICE,VOICE charge during regional switch failover. Incomplete failover caused partial service with continued billing.,159.95,BSS
CUST-9647,ACC-9647,INV-GEN-361EED,2026-09,84.01,USD,PAST_DUE,2026-10-05,CHG-GEN-81D321,DATA,Charge processed after mediation-svc error recovery. System log: NullPointerException in charge-calculation module. Late-rated usage applied to current cycle.,46.7,BSS
CUST-4747,ACC-4747,INV-GEN-6BC3E3,2026-09,95.2,USD,PAST_DUE,2026-10-05,CHG-GEN-DB09BC,DATA,Data overage from congestion-driven re-sessions at SITE-DE-BER-002 (232 min). Throughput degradation led to repeated downloads.,53.04,BSS
CUST-4777,ACC-4777,INV-GEN-1F9BC0,2026-09,148.62,USD,ISSUED,2026-10-05,CHG-GEN-933D19,VOICE,Excess data usage due to signal degradation at SITE-ES-MAD-009 (212 min). Poor signal caused retransmissions.,110.85,BSS
CUST-3280,ACC-3280,INV-GEN-5382C9,2026-09,73.78,USD,PAST_DUE,2026-10-05,CHG-GEN-5CDD6B,DATA,Charge processed after rating-engine error recovery. System log: NullPointerException in charge-calculation module. Late-rated usage applied to current cycle.,44.51,BSS
CUST-6743,ACC-6743,INV-GEN-ADBB87,2026-08,160.75,USD,PAST_DUE,2026-10-05,CHG-GEN-B639C1,ROAMING,Roaming charge re-rated after partner outage near SITE-FR-PAR-021. Fallback rating applied during 202 min disruption.,114.23,BSS
CUST-3382,ACC-3382,INV-GEN-29FEE1,2026-09,174.44,USD,PAST_DUE,2026-10-05,CHG-GEN-689B29,DATA,DATA charge during regional switch failover. Incomplete failover caused partial service with continued billing.,124.48,BSS
CUST-9372,ACC-9372,INV-GEN-B4B34D,2026-09,141.61,USD,ISSUED,2026-10-05,CHG-GEN-63D5E8,DATA,Data overage from congestion-driven re-sessions at SITE-ES-MAD-009 (122 min). Throughput degradation led to repeated downloads.,84.42,BSS
CUST-6462,ACC-6462,INV-GEN-DB65BC,2026-09,180.33,USD,ISSUED,2026-10-05,CHG-GEN-2382A4,DATA,Charge processed after mediation-svc error recovery. System log: Elevated queue depth — processing lag detected. Late-rated usage applied to current cycle.,146.86,BSS
CUST-5823,ACC-5823,INV-GEN-E0050A,2026-09,195.98,USD,ISSUED,2026-10-05,CHG-GEN-FE4D49,PLAN,Charge delayed due to issuer timeout during payment processing. Will retry next cycle.,168.52,BSS
CUST-9243,ACC-9243,INV-GEN-0D6CAD,2026-09,98.57,USD,PAST_DUE,2026-10-05,CHG-GEN-B09ACD,PLAN,Plan charge held pending updated card on file. Auto-payment failed due to expired card.,65.05,BSS
CUST-3931,ACC-3931,INV-GEN-B70F41,2026-09,162.58,USD,ISSUED,2026-10-05,CHG-GEN-40822B,DATA,DATA charge during regional switch failover. Incomplete failover caused partial service with continued billing.,126.63,BSS
CUST-2964,ACC-2964,INV-GEN-86DF4B,2026-08,220.41,USD,PAST_DUE,2026-10-05,CHG-GEN-5A8B71,DATA,Charge processed after charging-api error recovery. System log: Elevated queue depth — processing lag detected. Late-rated usage applied to current cycle.,167.35,BSS
CUST-7309,ACC-7309,INV-GEN-945D9D,2026-09,209.01,USD,ISSUED,2026-10-05,CHG-GEN-E023D9,PLAN,FIBER_BROADBAND charge during regional switch failover. Incomplete failover caused partial service with continued billing.,177.66,BSS
CUST-4629,ACC-4629,INV-GEN-5F0977,2026-09,118.88,USD,PAST_DUE,2026-10-05,CHG-GEN-9E7C1F,PLAN,Charge delayed due to issuer timeout during payment processing. Will retry next cycle.,70.05,BSS
CUST-8045,ACC-8045,INV-GEN-4313A7,2026-08,88.64,USD,PAST_DUE,2026-10-05,CHG-GEN-E69ABA,DATA,Data session retries during cell outage at SITE-ES-MAD-009 (209 min). VOICE sessions re-established causing additional usage.,52.58,BSS
CUST-8258,ACC-8258,INV-GEN-1BA8BB,2026-08,205.7,USD,PAST_DUE,2026-10-05,CHG-GEN-0E3114,PLAN,Charge pending — card declined by issuer. Payment retry scheduled.,147.27,BSS
CUST-6585,ACC-6585,INV-GEN-16D801,2026-09,167.14,USD,PAST_DUE,2026-10-05,CHG-GEN-7A6817,DATA,Charge processed after charging-api error recovery. System log: Pod crash-loop-backoff (OOMKilled). Late-rated usage applied to current cycle.,114.53,BSS
CUST-8870,ACC-8870,INV-GEN-880E66,2026-08,107.01,USD,ISSUED,2026-10-05,CHG-GEN-F58033,ROAMING,Roaming charge re-rated after partner outage near SITE-DE-BER-002. Fallback rating applied during 52 min disruption.,70.19,BSS
CUST-4914,ACC-4914,INV-GEN-162537,2026-09,82.69,USD,ISSUED,2026-10-05,CHG-GEN-3FCE0E,PLAN,Charge delayed due to issuer timeout during payment processing. Will retry next cycle.,52.3,BSS
CUST-7168,ACC-7168,INV-GEN-B78250,2026-09,93.52,USD,PAST_DUE,2026-10-05,CHG-GEN-4867C1,PLAN,Charge pending — card declined by issuer. Payment retry scheduled.,43.64,BSS
CUST-8816,ACC-8816,INV-GEN-8321CE,2026-09,69.03,USD,ISSUED,2026-10-05,CHG-GEN-3F8CB4,PLAN,Charge pending — card declined by issuer. Payment retry scheduled.,39.95,BSS
CUST-5058,ACC-5058,INV-GEN-4D92DF,2026-09,208.16,USD,PAST_DUE,2026-10-05,CHG-GEN-CFCBA4,PLAN,FIBER_BROADBAND minutes billed during scheduled maintenance overrun. Maintenance window exceeded planned duration.,173.24,BSS
CUST-4655,ACC-4655,INV-GEN-928D89,2026-08,185.68,USD,ISSUED,2026-10-05,CHG-GEN-05C430,DATA,DATA charge billed during core routing misconfiguration outage. Services were disrupted but metering continued.,153.95,BSS
CUST-5395,ACC-5395,INV-GEN-B178AC,2026-08,82.9,USD,PAST_DUE,2026-10-05,CHG-GEN-5A09BE,PLAN,Charge pending — card declined by issuer. Payment retry scheduled.,62.42,BSS
CUST-7729,ACC-7729,INV-GEN-5873C2,2026-08,104.09,USD,ISSUED,2026-10-05,CHG-GEN-6A0CDD,ROAMING,Roaming charge re-rated after partner outage near SITE-ES-MAD-009. Fallback rating applied during 234 min disruption.,74.21,BSS
CUST-7506,ACC-7506,INV-GEN-1B3AAB,2026-08,201.34,USD,PAST_DUE,2026-10-05,CHG-GEN-EFDDAD,DATA,DATA minutes billed during scheduled maintenance overrun. Maintenance window exceeded planned duration.,176.65,BSS
CUST-5616,ACC-5616,INV-GEN-A0B59D,2026-09,184.82,USD,PAST_DUE,2026-10-05,CHG-GEN-50FD24,VOICE,VOICE charge during regional switch failover. Incomplete failover caused partial service with continued billing.,139.52,BSS
CUST-6252,ACC-6252,INV-GEN-D021BB,2026-09,78.85,USD,ISSUED,2026-10-05,CHG-GEN-F88805,VOICE,Excess data usage due to signal degradation at SITE-DE-BER-002 (206 min). Poor signal caused retransmissions.,45.04,BSS
CUST-6509,ACC-6509,INV-GEN-7924EB,2026-08,100.29,USD,ISSUED,2026-10-05,CHG-GEN-04CBB5,PLAN,Charge delayed due to issuer timeout during payment processing. Will retry next cycle.,70.17,BSS
CUST-6736,ACC-6736,INV-GEN-52CDA9,2026-09,206.14,USD,ISSUED,2026-10-05,CHG-GEN-9BA738,PLAN,FIBER_BROADBAND charge during regional switch failover. Incomplete failover caused partial service with continued billing.,155.82,BSS
CUST-7026,ACC-7026,INV-GEN-FE408B,2026-08,212.97,USD,ISSUED,2026-10-05,CHG-GEN-4AF9DC,PLAN,Charge processed after billing-gateway error recovery. System log: Pod crash-loop-backoff (OOMKilled). Late-rated usage applied to current cycle.,164.47,BSS
CUST-5470,ACC-5470,INV-GEN-238792,2026-09,204.7,USD,PAST_DUE,2026-10-05,CHG-GEN-58EBDB,PLAN,Plan charge held pending updated card on file. Auto-payment failed due to expired card.,168.48,BSS
CUST-3083,ACC-3083,INV-GEN-C1AA2E,2026-09,118.62,USD,ISSUED,2026-10-05,CHG-GEN-21A100,VOICE,Excess data usage due to signal degradation at SITE-DE-BER-002 (225 min). Poor signal caused retransmissions.,66.1,BSS
CUST-6824,ACC-6824,INV-GEN-C3E14E,2026-08,171.02,USD,PAST_DUE,2026-10-05,CHG-GEN-D0AA8D,DATA,Data overage from congestion-driven re-sessions at SITE-ES-MAD-009 (199 min). Throughput degradation led to repeated downloads.,122.18,BSS
CUST-8394,ACC-8394,INV-GEN-0FBA6B,2026-09,115.01,USD,PAST_DUE,2026-10-05,CHG-GEN-5A91E5,ROAMING,Roaming charge re-rated after partner outage near SITE-UK-LON-014. Fallback rating applied during 71 min disruption.,87.52,BSS
CUST-6810,ACC-6810,INV-GEN-E79964,2026-08,121.04,USD,PAST_DUE,2026-10-05,CHG-GEN-CC2D9D,DATA,Data overage from congestion-driven re-sessions at SITE-UAE-DXB-01 (59 min). Throughput degradation led to repeated downloads.,93.96,BSS
CUST-7124,ACC-7124,INV-GEN-299208,2026-08,221.62,USD,PAST_DUE,2026-10-05,CHG-GEN-8CA409,PLAN,FIBER_BROADBAND charge billed during core routing misconfiguration outage. Services were disrupted but metering continued.,178.24,BSS
CUST-3851,ACC-3851,INV-GEN-5BDF01,2026-09,122.06,USD,PAST_DUE,2026-10-05,CHG-GEN-8F2589,DATA,Charge re-rated after Mediation API p95 latency breach (3048.7). Original rating adjusted due to API performance degradation.,78.54,BSS
CUST-5380,ACC-5380,INV-GEN-7FD47B,2026-09,140.92,USD,ISSUED,2026-10-05,CHG-GEN-6C7140,PLAN,Charge pending — card declined by issuer. Payment retry scheduled.,89.33,BSS
CUST-9579,ACC-9579,INV-GEN-01AD6C,2026-09,178.74,USD,PAST_DUE,2026-10-05,CHG-GEN-93B1AD,PLAN,Charge pending — card declined by issuer. Payment retry scheduled.,120.79,BSS
CUST-4319,ACC-4319,INV-GEN-302371,2026-08,188.32,USD,ISSUED,2026-10-05,CHG-GEN-EE5DF5,DATA,DATA minutes billed during scheduled maintenance overrun. Maintenance window exceeded planned duration.,152.5,BSS
CUST-2585,ACC-2585,INV-GEN-AB4430,2026-09,156.9,USD,ISSUED,2026-10-05,CHG-GEN-2FF08B,PLAN,Plan charge held pending updated card on file. Auto-payment failed due to expired card.,124.26,BSS
CUST-2919,ACC-2919,INV-GEN-B2FFB0,2026-08,225.07,USD,PAST_DUE,2026-10-05,CHG-GEN-AAF5FF,DATA,DATA minutes billed during scheduled maintenance overrun. Maintenance window exceeded planned duration.,167.41,BSS
CUST-9622,ACC-9622,INV-GEN-12076B,2026-09,125.38,USD,ISSUED,2026-10-05,CHG-GEN-D15FFB,DATA,Charge processed after charging-api error recovery. System log: Pod crash-loop-backoff (OOMKilled). Late-rated usage applied to current cycle.,79.82,BSS
CUST-9395,ACC-9395,INV-GEN-D81BA3,2026-09,183.03,USD,PAST_DUE,2026-10-05,CHG-GEN-69DCA7,PLAN,Plan charge held pending updated card on file. Auto-payment failed due to expired card.,124.41,BSS
CUST-3329,ACC-3329,INV-GEN-6B1115,2026-09,148.76,USD,PAST_DUE,2026-10-05,CHG-GEN-A66CF8,VOICE,VOICE charge billed during core routing misconfiguration outage. Services were disrupted but metering continued.,116.03,BSS
CUST-9811,ACC-9811,INV-GEN-F844ED,2026-09,200.83,USD,PAST_DUE,2026-10-05,CHG-GEN-6146BC,PLAN,Charge delayed due to issuer timeout during payment processing. Will retry next cycle.,167.7,BSS
CUST-3661,ACC-3661,INV-GEN-25F556,2026-08,215.74,USD,PAST_DUE,2026-10-05,CHG-GEN-580B32,DATA,Data overage from congestion-driven re-sessions at SITE-DE-BER-002 (215 min). Throughput degradation led to repeated downloads.,169.89,BSS
CUST-5059,ACC-5059,INV-GEN-AA0D61,2026-09,222.78,USD,ISSUED,2026-10-05,CHG-GEN-8D817E,DATA,DATA charge billed during core routing misconfiguration outage. Services were disrupted but metering continued.,175.43,BSS
CUST-3716,ACC-3716,INV-GEN-81D320,2026-09,98.47,USD,PAST_DUE,2026-10-05,CHG-GEN-759E82,PLAN,Plan charge held pending updated card on file. Auto-payment failed due to expired card.,54.54,BSS
CUST-9883,ACC-9883,INV-GEN-05AB31,2026-08,111.32,USD,PAST_DUE,2026-10-05,CHG-GEN-28662C,PLAN,Charge delayed due to issuer timeout during payment processing. Will retry next cycle.,88.38,BSS
CUST-9455,ACC-9455,INV-GEN-3064FE,2026-09,67.76,USD,ISSUED,2026-10-05,CHG-GEN-785680,PLAN,Charge delayed due to issuer timeout during payment processing. Will retry next cycle.,46.27,BSS
CUST-5091,ACC-5091,INV-GEN-7B0715,2026-09,105.57,USD,ISSUED,2026-10-05,CHG-GEN-516928,PLAN,Charge delayed due to issuer timeout during payment processing. Will retry next cycle.,82.79,BSS
CUST-2078,ACC-2078,INV-GEN-EAE1E7,2026-09,128.69,USD,ISSUED,2026-10-05,CHG-GEN-99DB87,DATA,Charge processed after mediation-svc error recovery. System log: Elevated queue depth — processing lag detected. Late-rated usage applied to current cycle.,90.24,BSS
CUST-8044,ACC-8044,INV-GEN-2F7086,2026-09,196.15,USD,ISSUED,2026-10-05,CHG-GEN-BBB391,PLAN,Plan charge held pending updated card on file. Auto-payment failed due to expired card.,150.25,BSS
CUST-3402,ACC-3402,INV-GEN-8427D3,2026-09,228.78,USD,ISSUED,2026-10-05,CHG-GEN-22F534,DATA,Data overage from congestion-driven re-sessions at SITE-FR-PAR-021 (16 min). Throughput degradation led to repeated downloads.,170.63,BSS
CUST-7621,ACC-7621,INV-GEN-3BD950,2026-09,91.69,USD,PAST_DUE,2026-10-05,CHG-GEN-7E1ABB,DATA,Charge processed after mediation-svc error recovery. System log: Pod crash-loop-backoff (OOMKilled). Late-rated usage applied to current cycle.,31.7,BSS
CUST-6472,ACC-6472,INV-GEN-A1131A,2026-09,119.5,USD,ISSUED,2026-10-05,CHG-GEN-69C0CE,ROAMING,Charge re-rated after Partner API timeout rate breach (5.7). Original rating adjusted due to API performance degradation.,94.75,BSS
CUST-8587,ACC-8587,INV-GEN-6AFDB2,2026-09,193.01,USD,ISSUED,2026-10-05,CHG-GEN-4BF8E8,DATA,Data overage from congestion-driven re-sessions at SITE-UAE-DXB-01 (64 min). Throughput degradation led to repeated downloads.,157.7,BSS
CUST-3075,ACC-3075,INV-GEN-6C2C8F,2026-09,142.23,USD,ISSUED,2026-10-05,CHG-GEN-D26F3A,DATA,DATA minutes billed during scheduled maintenance overrun. Maintenance window exceeded planned duration.,101.75,BSS
CUST-4330,ACC-4330,INV-GEN-6D7CBF,2026-09,178.98,USD,ISSUED,2026-10-05,CHG-GEN-966D53,ROAMING,Charge re-rated after Partner API timeout rate breach (14.8). Original rating adjusted due to API performance degradation.,154.13,BSS
CUST-5569,ACC-5569,INV-GEN-A74E6A,2026-09,93.96,USD,PAST_DUE,2026-10-05,CHG-GEN-E3D010,DATA,Data top-up charge unpaid after reported insufficient funds. Auto-payment declined by issuer.,51.04,BSS
CUST-7228,ACC-7228,INV-GEN-94481F,2026-08,110.69,USD,PAST_DUE,2026-10-05,CHG-GEN-FEB9E2,VOICE,VOICE charge during regional switch failover. Incomplete failover caused partial service with continued billing.,83.9,BSS
CUST-4493,ACC-4493,INV-GEN-832B78,2026-09,100.17,USD,PAST_DUE,2026-10-05,CHG-GEN-42140F,PLAN,FIBER_BROADBAND charge billed during core routing misconfiguration outage. Services were disrupted but metering continued.,75.66,BSS
CUST-6082,ACC-6082,INV-GEN-DFCC0C,2026-09,90.62,USD,PAST_DUE,2026-10-05,CHG-GEN-6439EA,DATA,Charge processed after charging-api error recovery. System log: Pod crash-loop-backoff (OOMKilled). Late-rated usage applied to current cycle.,41.55,BSS
CUST-5831,ACC-5831,INV-GEN-457D60,2026-08,218.77,USD,ISSUED,2026-10-05,CHG-GEN-DAC41C,PLAN,FIBER_BROADBAND minutes billed during scheduled maintenance overrun. Maintenance window exceeded planned duration.,165.74,BSS
CUST-2071,ACC-2071,INV-GEN-D25C76,2026-09,106.21,USD,PAST_DUE,2026-10-05,CHG-GEN-48A3FD,PLAN,Plan charge held pending updated card on file. Auto-payment failed due to expired card.,73.2,BSS
CUST-7990,ACC-7990,INV-GEN-715374,2026-09,219.72,USD,PAST_DUE,2026-10-05,CHG-GEN-AA2800,DATA,Charge processed after charging-api error recovery. System log: Elevated queue depth — processing lag detected. Late-rated usage applied to current cycle.,179.42,BSS
CUST-9851,ACC-9851,INV-GEN-1C1128,2026-09,186.83,USD,ISSUED,2026-10-05,CHG-GEN-76D9A9,DATA,DATA charge incurred during fiber cut disruption. Backup path metering applied during outage window.,136.7,BSS
CUST-3611,ACC-3611,INV-GEN-1E93C4,2026-09,140.23,USD,PAST_DUE,2026-10-05,CHG-GEN-C1EC23,DATA,Charge processed after rating-engine error recovery. System log: Pod crash-loop-backoff (OOMKilled). Late-rated usage applied to current cycle.,93.39,BSS
CUST-2229,ACC-2229,INV-GEN-AF113D,2026-09,205.63,USD,ISSUED,2026-10-05,CHG-GEN-8A1846,DATA,Charge re-rated after Mediation API p95 latency breach (2599.0). Original rating adjusted due to API performance degradation.,162.77,BSS
CUST-7612,ACC-7612,INV-GEN-4609D9,2026-09,154.85,USD,ISSUED,2026-10-05,CHG-GEN-183CCC,PLAN,Plan charge held pending updated card on file. Auto-payment failed due to expired card.,128.38,BSS
CUST-7382,ACC-7382,INV-GEN-61F952,2026-09,167.71,USD,PAST_DUE,2026-10-05,CHG-GEN-04E04D,VOICE,Excess data usage due to signal degradation at SITE-UK-LON-014 (165 min). Poor signal caused retransmissions.,133.83,BSS
CUST-2176,ACC-2176,INV-GEN-4AFF75,2026-08,93.15,USD,ISSUED,2026-10-05,CHG-GEN-61FC30,PLAN,Charge pending — card declined by issuer. Payment retry scheduled.,55.73,BSS
CUST-8012,ACC-8012,INV-GEN-7B12F8,2026-09,94.29,USD,ISSUED,2026-10-05,CHG-GEN-3386E8,DATA,Data overage from congestion-driven re-sessions at SITE-UK-LON-014 (141 min). Throughput degradation led to repeated downloads.,63.27,BSS
CUST-6268,ACC-6268,INV-GEN-6FD73D,2026-08,181.17,USD,PAST_DUE,2026-10-05,CHG-GEN-E38E24,DATA,Data session retries during cell outage at SITE-FR-PAR-021 (166 min). DATA+VOICE sessions re-established causing additional usage.,123.4,BSS
CUST-8762,ACC-8762,INV-GEN-5F502C,2026-09,227.84,USD,ISSUED,2026-10-05,CHG-GEN-DC49D7,DATA,Charge re-rated after Charging API error rate breach (9.4). Original rating adjusted due to API performance degradation.,179.09,BSS
CUST-7607,ACC-7607,INV-GEN-CFB33F,2026-09,189.45,USD,ISSUED,2026-10-05,CHG-GEN-A7AFAD,DATA,Data overage from congestion-driven re-sessions at SITE-ES-MAD-009 (24 min). Throughput degradation led to repeated downloads.,137.38,BSS
CUST-9042,ACC-9042,INV-GEN-BD15AE,2026-09,90.61,USD,ISSUED,2026-10-05,CHG-GEN-058174,DATA,DATA charge incurred during fiber cut disruption. Backup path metering applied during outage window.,38.22,BSS
CUST-8272,ACC-8272,INV-GEN-EC735B,2026-09,187.16,USD,ISSUED,2026-10-05,CHG-GEN-2A8308,DATA,Charge processed after rating-engine error recovery. System log: Pod crash-loop-backoff (OOMKilled). Late-rated usage applied to current cycle.,131.38,BSS
CUST-3329,ACC-3329,INV-GEN-7A37DE,2026-09,89.18,USD,PAST_DUE,2026-10-05,CHG-GEN-42EC0C,DATA,Data session retries during cell outage at SITE-ES-MAD-009 (149 min). DATA+VOICE sessions re-established causing additional usage.,35.3,BSS
CUST-3969,ACC-3969,INV-GEN-72C3F8,2026-09,188.12,USD,ISSUED,2026-10-05,CHG-GEN-2C41DA,VOICE,VOICE charge billed during core routing misconfiguration outage. Services were disrupted but metering continued.,143.49,BSS
CUST-6144,ACC-6144,INV-GEN-FF51E0,2026-09,103.03,USD,ISSUED,2026-10-05,CHG-GEN-B34ACE,DATA,Charge re-rated after Mediation API p95 latency breach (2691.9). Original rating adjusted due to API performance degradation.,56.54,BSS
CUST-6257,ACC-6257,INV-GEN-D005E0,2026-09,96.72,USD,ISSUED,2026-10-05,CHG-GEN-64FD9B,VOICE,Excess data usage due to signal degradation at SITE-FR-PAR-021 (152 min). Poor signal caused retransmissions.,59.1,BSS
CUST-6575,ACC-6575,INV-GEN-EEB762,2026-09,179.5,USD,ISSUED,2026-10-05,CHG-GEN-6A8A1C,PLAN,Charge re-rated after Billing gateway throughput breach (2451.9). Original rating adjusted due to API performance degradation.,129.13,BSS
CUST-4980,ACC-4980,INV-GEN-3ED59C,2026-09,87.94,USD,PAST_DUE,2026-10-05,CHG-GEN-9B4BE5,DATA,Charge processed after mediation-svc error recovery. System log: Elevated queue depth — processing lag detected. Late-rated usage applied to current cycle.,36.25,BSS
CUST-9324,ACC-9324,INV-GEN-7EBB7F,2026-09,157.02,USD,ISSUED,2026-10-05,CHG-GEN-FB6544,VOICE,VOICE charge during regional switch failover. Incomplete failover caused partial service with continued billing.,116.51,BSS
CUST-2706,ACC-2706,INV-GEN-73524D,2026-09,143.76,USD,PAST_DUE,2026-10-05,CHG-GEN-8284DD,DATA,Charge processed after mediation-svc error recovery. System log: Pod crash-loop-backoff (OOMKilled). Late-rated usage applied to current cycle.,113.92,BSS
CUST-8204,ACC-8204,INV-GEN-F3E71E,2026-09,197.66,USD,ISSUED,2026-10-05,CHG-GEN-1E3193,DATA,Data top-up charge unpaid after reported insufficient funds. Auto-payment declined by issuer.,170.11,BSS
CUST-2038,ACC-2038,INV-GEN-28A3D5,2026-09,181.66,USD,ISSUED,2026-10-05,CHG-GEN-F0AAD2,DATA,DATA charge incurred during fiber cut disruption. Backup path metering applied during outage window.,122.3,BSS
CUST-2879,ACC-2879,INV-GEN-93D907,2026-09,150.04,USD,PAST_DUE,2026-10-05,CHG-GEN-E083D7,DATA,Data session retries during cell outage at SITE-DE-BER-002 (33 min). DATA+VOICE sessions re-established causing additional usage.,94.25,BSS
CUST-9613,ACC-9613,INV-GEN-DFD0FA,2026-09,164.95,USD,PAST_DUE,2026-10-05,CHG-GEN-8FCBE9,DATA,Charge processed after mediation-svc error recovery. System log: Pod crash-loop-backoff (OOMKilled). Late-rated usage applied to current cycle.,111.3,BSS
CUST-8074,ACC-8074,INV-GEN-1EAFEA,2026-08,220.47,USD,PAST_DUE,2026-10-05,CHG-GEN-A61327,PLAN,FIBER_BROADBAND minutes billed during scheduled maintenance overrun. Maintenance window exceeded planned duration.,176.57,BSS
CUST-9402,ACC-9402,INV-GEN-D2BFB3,2026-09,177.04,USD,PAST_DUE,2026-10-05,CHG-GEN-2427B7,PLAN,Charge delayed due to issuer timeout during payment processing. Will retry next cycle.,139.73,BSS
CUST-7449,ACC-7449,INV-GEN-D9E572,2026-09,73.46,USD,ISSUED,2026-10-05,CHG-GEN-120354,PLAN,Charge pending — card declined by issuer. Payment retry scheduled.,40.82,BSS
CUST-9617,ACC-9617,INV-GEN-74229F,2026-09,78.26,USD,ISSUED,2026-10-05,CHG-GEN-5BC4D3,DATA,Data overage from congestion-driven re-sessions at SITE-DE-BER-002 (231 min). Throughput degradation led to repeated downloads.,50.8,BSS
CUST-9933,ACC-9933,INV-GEN-ED2530,2026-08,144.03,USD,PAST_DUE,2026-10-05,CHG-GEN-CD3DBC,DATA,Charge processed after mediation-svc error recovery. System log: NullPointerException in charge-calculation module. Late-rated usage applied to current cycle.,86.49,BSS
CUST-8085,ACC-8085,INV-GEN-C53BC7,2026-09,145.68,USD,PAST_DUE,2026-10-05,CHG-GEN-30F262,DATA,Charge re-rated after Charging API error rate breach (7.1). Original rating adjusted due to API performance degradation.,87.11,BSS
CUST-7233,ACC-7233,INV-GEN-6226E8,2026-09,186.7,USD,ISSUED,2026-10-05,CHG-GEN-897212,PLAN,Charge re-rated after Billing gateway throughput breach (3176.5). Original rating adjusted due to API performance degradation.,145.23,BSS
CUST-9204,ACC-9204,INV-GEN-9F2E7E,2026-09,138.2,USD,PAST_DUE,2026-10-05,CHG-GEN-479C70,PLAN,Charge delayed due to issuer timeout during payment processing. Will retry next cycle.,113.3,BSS
CUST-3122,ACC-3122,INV-GEN-E31FF7,2026-09,157.8,USD,PAST_DUE,2026-10-05,CHG-GEN-193195,DATA,Data overage from congestion-driven re-sessions at SITE-UAE-DXB-01 (15 min). Throughput degradation led to repeated downloads.,110.2,BSS
CUST-9361,ACC-9361,INV-GEN-A11C36,2026-09,93.35,USD,PAST_DUE,2026-10-05,CHG-GEN-6216AE,DATA,DATA charge billed during core routing misconfiguration outage. Services were disrupted but metering continued.,44.54,BSS
CUST-2480,ACC-2480,INV-GEN-ED2306,2026-08,193.96,USD,PAST_DUE,2026-10-05,CHG-GEN-55B109,DATA,Data top-up charge unpaid after reported insufficient funds. Auto-payment declined by issuer.,140.56,BSS
CUST-5147,ACC-5147,INV-GEN-E42897,2026-09,114.13,USD,ISSUED,2026-10-05,CHG-GEN-FDC6EE,PLAN,FIBER_BROADBAND charge incurred during fiber cut disruption. Backup path metering applied during outage window.,74.11,BSS
CUST-2909,ACC-2909,INV-GEN-20614A,2026-09,142.55,USD,PAST_DUE,2026-10-05,CHG-GEN-77CBDB,DATA,Data top-up charge unpaid after reported insufficient funds. Auto-payment declined by issuer.,116.43,BSS
CUST-9312,ACC-9312,INV-GEN-52B6EA,2026-08,157.27,USD,ISSUED,2026-10-05,CHG-GEN-A7E9AE,VOICE,Excess data usage due to signal degradation at SITE-FR-PAR-021 (136 min). Poor signal caused retransmissions.,99.58,BSS
CUST-2719,ACC-2719,INV-GEN-95E097,2026-09,116.23,USD,PAST_DUE,2026-10-05,CHG-GEN-149281,PLAN,Charge processed after billing-gateway error recovery. System log: NullPointerException in charge-calculation module. Late-rated usage applied to current cycle.,61.71,BSS
CUST-6461,ACC-6461,INV-GEN-30C3D0,2026-09,165.31,USD,ISSUED,2026-10-05,CHG-GEN-B9A1E4,VOICE,VOICE minutes billed during scheduled maintenance overrun. Maintenance window exceeded planned duration.,113.67,BSS
CUST-3318,ACC-3318,INV-GEN-180BC2,2026-09,206.7,USD,ISSUED,2026-10-05,CHG-GEN-9B022A,DATA,Charge processed after charging-api error recovery. System log: Pod crash-loop-backoff (OOMKilled). Late-rated usage applied to current cycle.,176.57,BSS
CUST-6094,ACC-6094,INV-GEN-29A110,2026-09,173.25,USD,PAST_DUE,2026-10-05,CHG-GEN-A54655,DATA,Charge processed after mediation-svc error recovery. System log: Pod crash-loop-backoff (OOMKilled). Late-rated usage applied to current cycle.,114.55,BSS
CUST-4915,ACC-4915,INV-GEN-13028D,2026-09,173.5,USD,PAST_DUE,2026-10-05,CHG-GEN-527930,ROAMING,Roaming charge re-rated after partner outage near SITE-UAE-DXB-01. Fallback rating applied during 105 min disruption.,131.16,BSS
CUST-4749,ACC-4749,INV-GEN-E7B4F9,2026-09,103.32,USD,ISSUED,2026-10-05,CHG-GEN-3F88C6,PLAN,Plan charge held pending updated card on file. Auto-payment failed due to expired card.,70.91,BSS
CUST-7979,ACC-7979,INV-GEN-EA7CFD,2026-08,120.48,USD,PAST_DUE,2026-10-05,CHG-GEN-F12F13,PLAN,Charge re-rated after Billing gateway throughput breach (3634.8). Original rating adjusted due to API performance degradation.,69.4,BSS
CUST-9615,ACC-9615,INV-GEN-269686,2026-09,150.83,USD,ISSUED,2026-10-05,CHG-GEN-0E1D8E,VOICE,VOICE minutes billed during scheduled maintenance overrun. Maintenance window exceeded planned duration.,110.33,BSS
CUST-3144,ACC-3144,INV-GEN-07BD0B,2026-08,235.58,USD,PAST_DUE,2026-10-05,CHG-GEN-C2950C,PLAN,FIBER_BROADBAND minutes billed during scheduled maintenance overrun. Maintenance window exceeded planned duration.,177.78,BSS
CUST-3746,ACC-3746,INV-GEN-553795,2026-09,152.07,USD,PAST_DUE,2026-10-05,CHG-GEN-6875A8,DATA,Data overage from congestion-driven re-sessions at SITE-UAE-DXB-01 (130 min). Throughput degradation led to repeated downloads.,111.83,BSS
CUST-5607,ACC-5607,INV-GEN-93BDEA,2026-09,145.67,USD,PAST_DUE,2026-10-05,CHG-GEN-D8EEAB,PLAN,FIBER_BROADBAND charge billed during core routing misconfiguration outage. Services were disrupted but metering continued.,100.09,BSS
CUST-5105,ACC-5105,INV-GEN-4CE452,2026-08,129.59,USD,PAST_DUE,2026-10-05,CHG-GEN-EAE8E4,ROAMING,Charge re-rated after Partner API timeout rate breach (12.8). Original rating adjusted due to API performance degradation.,72.31,BSS
CUST-3623,ACC-3623,INV-GEN-2639FE,2026-09,78.36,USD,PAST_DUE,2026-10-05,CHG-GEN-A42162,PLAN,Charge re-rated after Billing gateway throughput breach (2668.7). Original rating adjusted due to API performance degradation.,54.35,BSS
CUST-9142,ACC-9142,INV-GEN-4C478F,2026-09,150.59,USD,ISSUED,2026-10-05,CHG-GEN-E65CB7,DATA,Data top-up charge unpaid after reported insufficient funds. Auto-payment declined by issuer.,91.44,BSS
CUST-3839,ACC-3839,INV-GEN-E7E04E,2026-08,111.12,USD,PAST_DUE,2026-10-05,CHG-GEN-585A60,VOICE,Excess data usage due to signal degradation at SITE-ES-MAD-009 (198 min). Poor signal caused retransmissions.,52.98,BSS
CUST-6406,ACC-6406,INV-GEN-B37C0F,2026-09,177.26,USD,ISSUED,2026-10-05,CHG-GEN-77C049,ROAMING,Charge re-rated after Partner API timeout rate breach (11.8). Original rating adjusted due to API performance degradation.,127.62,BSS
CUST-9128,ACC-9128,INV-GEN-38F960,2026-08,202.52,USD,ISSUED,2026-10-05,CHG-GEN-024735,ROAMING,Roaming charge re-rated after partner outage near SITE-UAE-DXB-01. Fallback rating applied during 62 min disruption.,148.43,BSS
CUST-2730,ACC-2730,INV-GEN-86B228,2026-09,223.21,USD,PAST_DUE,2026-10-05,CHG-GEN-EEE876,DATA,Data overage from congestion-driven re-sessions at SITE-FR-PAR-021 (191 min). Throughput degradation led to repeated downloads.,169.02,BSS
CUST-5775,ACC-5775,INV-GEN-4B04CF,2026-09,129.55,USD,PAST_DUE,2026-10-05,CHG-GEN-EF746F,DATA,Charge processed after charging-api error recovery. System log: Elevated queue depth — processing lag detected. Late-rated usage applied to current cycle.,89.48,BSS
CUST-6164,ACC-6164,INV-GEN-FBF4BA,2026-08,114.06,USD,ISSUED,2026-10-05,CHG-GEN-2ACBA9,PLAN,Charge pending — card declined by issuer. Payment retry scheduled.,90.38,BSS
CUST-7570,ACC-7570,INV-GEN-A0EA87,2026-09,176.96,USD,ISSUED,2026-10-05,CHG-GEN-30159E,DATA,Charge re-rated after Mediation API p95 latency breach (2288.5). Original rating adjusted due to API performance degradation.,118.68,BSS
CUST-7253,ACC-7253,INV-GEN-58592E,2026-08,175.42,USD,PAST_DUE,2026-10-05,CHG-GEN-ADC5DA,VOICE,Excess data usage due to signal degradation at SITE-DE-BER-002 (218 min). Poor signal caused retransmissions.,143.26,BSS
CUST-2439,ACC-2439,INV-GEN-86DB96,2026-09,101.8,USD,PAST_DUE,2026-10-05,CHG-GEN-9593B1,PLAN,FIBER_BROADBAND charge billed during core routing misconfiguration outage. Services were disrupted but metering continued.,67.58,BSS
CUST-5757,ACC-5757,INV-GEN-F67AC7,2026-09,65.29,USD,ISSUED,2026-10-05,CHG-GEN-949728,DATA,Charge re-rated after Mediation API p95 latency breach (2037.4). Original rating adjusted due to API performance degradation.,41.41,BSS
CUST-7423,ACC-7423,INV-GEN-2FE15D,2026-09,176.54,USD,ISSUED,2026-10-05,CHG-GEN-B8666E,PLAN,FIBER_BROADBAND charge incurred during fiber cut disruption. Backup path metering applied during outage window.,130.24,BSS
CUST-5722,ACC-5722,INV-GEN-CDB407,2026-08,186.22,USD,PAST_DUE,2026-10-05,CHG-GEN-2A91AA,PLAN,FIBER_BROADBAND charge incurred during fiber cut disruption. Backup path metering applied during outage window.,127.85,BSS
CUST-2709,ACC-2709,INV-GEN-8C11AA,2026-08,181.59,USD,ISSUED,2026-10-05,CHG-GEN-FCDE53,DATA,Data top-up charge unpaid after reported insufficient funds. Auto-payment declined by issuer.,154.33,BSS
CUST-5485,ACC-5485,INV-GEN-D34BD8,2026-08,95.46,USD,ISSUED,2026-10-05,CHG-GEN-F2F803,PLAN,Plan charge held pending updated card on file. Auto-payment failed due to expired card.,42.43,BSS
CUST-2342,ACC-2342,INV-GEN-87F581,2026-09,205.9,USD,ISSUED,2026-10-05,CHG-GEN-4A5F34,DATA,Charge processed after rating-engine error recovery. System log: Elevated queue depth — processing lag detected. Late-rated usage applied to current cycle.,168.77,BSS
CUST-2425,ACC-2425,INV-GEN-C29019,2026-09,161.7,USD,PAST_DUE,2026-10-05,CHG-GEN-C0BA7B,VOICE,VOICE charge billed during core routing misconfiguration outage. Services were disrupted but metering continued.,110.73,BSS
CUST-7635,ACC-7635,INV-GEN-ECCE56,2026-09,174.78,USD,PAST_DUE,2026-10-05,CHG-GEN-4D144B,PLAN,Charge re-rated after Billing gateway throughput breach (1444.4). Original rating adjusted due to API performance degradation.,144.65,BSS
CUST-3403,ACC-3403,INV-GEN-58F9CE,2026-08,126.53,USD,ISSUED,2026-10-05,CHG-GEN-B00A1C,DATA,Data top-up charge unpaid after reported insufficient funds. Auto-payment declined by issuer.,98.12,BSS
CUST-5927,ACC-5927,INV-GEN-60FE16,2026-09,107.07,USD,ISSUED,2026-10-05,CHG-GEN-104A03,PLAN,Charge processed after billing-gateway error recovery. System log: Pod crash-loop-backoff (OOMKilled). Late-rated usage applied to current cycle.,67.3,BSS
CUST-2118,ACC-2118,INV-GEN-D45A43,2026-09,133.5,USD,ISSUED,2026-10-05,CHG-GEN-DD0C21,ROAMING,Roaming charge re-rated after partner outage near SITE-DE-BER-002. Fallback rating applied during 218 min disruption.,90.63,BSS
CUST-3519,ACC-3519,INV-GEN-F76078,2026-09,190.12,USD,ISSUED,2026-10-05,CHG-GEN-BB7F35,PLAN,Plan charge held pending updated card on file. Auto-payment failed due to expired card.,164.84,BSS
CUST-7462,ACC-7462,INV-GEN-36DADF,2026-09,178.88,USD,ISSUED,2026-10-05,CHG-GEN-4918E6,ROAMING,Roaming charge re-rated after partner outage near SITE-UK-LON-014. Fallback rating applied during 212 min disruption.,120.01,BSS
CUST-4858,ACC-4858,INV-GEN-C79EAE,2026-08,197.99,USD,PAST_DUE,2026-10-05,CHG-GEN-AF7A94,DATA,Charge re-rated after Charging API error rate breach (7.3). Original rating adjusted due to API performance degradation.,139.98,BSS
CUST-2094,ACC-2094,INV-GEN-9B6D8E,2026-09,81.89,USD,ISSUED,2026-10-05,CHG-GEN-732A7F,DATA,Data top-up charge unpaid after reported insufficient funds. Auto-payment declined by issuer.,61.6,BSS
CUST-4984,ACC-4984,INV-GEN-FC835A,2026-09,62.99,USD,ISSUED,2026-10-05,CHG-GEN-C8910F,DATA,Data overage from congestion-driven re-sessions at SITE-UK-LON-014 (40 min). Throughput degradation led to repeated downloads.,41.7,BSS
CUST-8152,ACC-8152,INV-GEN-4F9782,2026-09,189.18,USD,ISSUED,2026-10-05,CHG-GEN-2DFFC1,PLAN,FIBER_BROADBAND charge incurred during fiber cut disruption. Backup path metering applied during outage window.,167.04,BSS
CUST-5993,ACC-5993,INV-GEN-64DA36,2026-08,130.25,USD,ISSUED,2026-10-05,CHG-GEN-73EFF3,DATA,Data session retries during cell outage at SITE-FR-PAR-021 (59 min). DATA+VOICE sessions re-established causing additional usage.,108.84,BSS
CUST-4199,ACC-4199,INV-GEN-C6FA3F,2026-08,195.96,USD,PAST_DUE,2026-10-05,CHG-GEN-B192CA,DATA,Data overage from congestion-driven re-sessions at SITE-UK-LON-014 (207 min). Throughput degradation led to repeated downloads.,159.46,BSS
CUST-3447,ACC-3447,INV-GEN-BB68BF,2026-09,158.25,USD,ISSUED,2026-10-05,CHG-GEN-39F5A9,DATA,Data overage from congestion-driven re-sessions at SITE-FR-PAR-021 (87 min). Throughput degradation led to repeated downloads.,136.52,BSS
CUST-5542,ACC-5542,INV-GEN-B7EF0A,2026-09,186.11,USD,PAST_DUE,2026-10-05,CHG-GEN-B0F7B2,DATA,Charge processed after rating-engine error recovery. System log: Pod crash-loop-backoff (OOMKilled). Late-rated usage applied to current cycle.,147.15,BSS
CUST-9590,ACC-9590,INV-GEN-AD2E3C,2026-09,165.03,USD,PAST_DUE,2026-10-05,CHG-GEN-5D2853,ROAMING,Roaming charge re-rated after partner outage near SITE-ES-MAD-009. Fallback rating applied during 171 min disruption.,116.21,BSS
CUST-2757,ACC-2757,INV-GEN-286D99,2026-09,167.55,USD,PAST_DUE,2026-10-05,CHG-GEN-D8D59D,PLAN,FIBER_BROADBAND charge during regional switch failover. Incomplete failover caused partial service with continued billing.,145.88,BSS
CUST-7279,ACC-7279,INV-GEN-E119D9,2026-09,118.38,USD,PAST_DUE,2026-10-05,CHG-GEN-C0ED7E,PLAN,Charge pending — card declined by issuer. Payment retry scheduled.,72.25,BSS
CUST-9259,ACC-9259,INV-GEN-362661,2026-09,91.32,USD,PAST_DUE,2026-10-05,CHG-GEN-4F3848,DATA,DATA charge during regional switch failover. Incomplete failover caused partial service with continued billing.,71.28,BSS
CUST-8622,ACC-8622,INV-GEN-15E80D,2026-08,154.1,USD,PAST_DUE,2026-10-05,CHG-GEN-505A26,DATA,Data session retries during cell outage at SITE-UAE-DXB-01 (194 min). DATA sessions re-established causing additional usage.,116.38,BSS
CUST-8854,ACC-8854,INV-GEN-77E7E8,2026-08,152.95,USD,ISSUED,2026-10-05,CHG-GEN-B02AD0,DATA,DATA charge incurred during fiber cut disruption. Backup path metering applied during outage window.,110.52,BSS
CUST-9634,ACC-9634,INV-GEN-4B3147,2026-09,215.21,USD,ISSUED,2026-10-05,CHG-GEN-EF632E,DATA,Charge re-rated after Mediation API p95 latency breach (4576.1). Original rating adjusted due to API performance degradation.,168.69,BSS
CUST-3956,ACC-3956,INV-GEN-51203A,2026-09,140.31,USD,PAST_DUE,2026-10-05,CHG-GEN-092874,ROAMING,Roaming charge re-rated after partner outage near SITE-UK-LON-014. Fallback rating applied during 55 min disruption.,85.81,BSS
CUST-7663,ACC-7663,INV-GEN-186093,2026-08,97.57,USD,ISSUED,2026-10-05,CHG-GEN-594767,DATA,Data top-up charge unpaid after reported insufficient funds. Auto-payment declined by issuer.,60.51,BSS
CUST-5439,ACC-5439,INV-GEN-CA2A07,2026-08,127.05,USD,PAST_DUE,2026-10-05,CHG-GEN-A75A26,PLAN,Charge delayed due to issuer timeout during payment processing. Will retry next cycle.,76.38,BSS
CUST-7363,ACC-7363,INV-GEN-E4C065,2026-09,129.34,USD,ISSUED,2026-10-05,CHG-GEN-C021FC,ROAMING,Roaming charge re-rated after partner outage near SITE-DE-BER-002. Fallback rating applied during 146 min disruption.,100.71,BSS
CUST-5688,ACC-5688,INV-GEN-B7F04E,2026-09,157.44,USD,PAST_DUE,2026-10-05,CHG-GEN-A73BDB,DATA,Data top-up charge unpaid after reported insufficient funds. Auto-payment declined by issuer.,105.48,BSS
CUST-6671,ACC-6671,INV-GEN-8AF352,2026-09,95.93,USD,PAST_DUE,2026-10-05,CHG-GEN-C5941F,DATA,Data top-up charge unpaid after reported insufficient funds. Auto-payment declined by issuer.,70.58,BSS
CUST-8593,ACC-8593,INV-GEN-824858,2026-09,140.75,USD,ISSUED,2026-10-05,CHG-GEN-00DD80,DATA,Data top-up charge unpaid after reported insufficient funds. Auto-payment declined by issuer.,111.71,BSS
CUST-4252,ACC-4252,INV-GEN-21B218,2026-09,192.57,USD,PAST_DUE,2026-10-05,CHG-GEN-4FDA6D,VOICE,Excess data usage due to signal degradation at SITE-UK-LON-014 (94 min). Poor signal caused retransmissions.,162.52,BSS
CUST-6895,ACC-6895,INV-GEN-ED0A5C,2026-08,184.41,USD,ISSUED,2026-10-05,CHG-GEN-E6F7E3,DATA,Charge processed after rating-engine error recovery. System log: NullPointerException in charge-calculation module. Late-rated usage applied to current cycle.,154.4,BSS
CUST-7291,ACC-7291,INV-GEN-696599,2026-08,199.77,USD,ISSUED,2026-10-05,CHG-GEN-4D87A0,PLAN,Charge pending — card declined by issuer. Payment retry scheduled.,167.86,BSS
CUST-8158,ACC-8158,INV-GEN-BAE8C7,2026-09,178.1,USD,ISSUED,2026-10-05,CHG-GEN-B501B4,DATA,Data session retries during cell outage at SITE-FR-PAR-021 (64 min). DATA+VOICE sessions re-established causing additional usage.,152.88,BSS
CUST-8097,ACC-8097,INV-GEN-B3FABD,2026-09,159.78,USD,PAST_DUE,2026-10-05,CHG-GEN-967525,DATA,Data top-up charge unpaid after reported insufficient funds. Auto-payment declined by issuer.,106.29,BSS
CUST-8824,ACC-8824,INV-GEN-8F4D90,2026-09,127.72,USD,ISSUED,2026-10-05,CHG-GEN-412240,PLAN,FIBER_BROADBAND charge incurred during fiber cut disruption. Backup path metering applied during outage window.,74.63,BSS
CUST-6151,ACC-6151,INV-GEN-987A26,2026-09,212.65,USD,PAST_DUE,2026-10-05,CHG-GEN-08B9C9,PLAN,Charge pending — card declined by issuer. Payment retry scheduled.,161.01,BSS
CUST-5008,ACC-5008,INV-GEN-47DB61,2026-09,175.04,USD,PAST_DUE,2026-10-05,CHG-GEN-F980F7,DATA,Data top-up charge unpaid after reported insufficient funds. Auto-payment declined by issuer.,120.66,BSS
CUST-4903,ACC-4903,INV-GEN-58DAD4,2026-09,212.49,USD,PAST_DUE,2026-10-05,CHG-GEN-293B9B,VOICE,Excess data usage due to signal degradation at SITE-UAE-DXB-01 (36 min). Poor signal caused retransmissions.,164.06,BSS
CUST-6733,ACC-6733,INV-GEN-E1570C,2026-09,113.15,USD,PAST_DUE,2026-10-05,CHG-GEN-F19345,DATA,Data overage from congestion-driven re-sessions at SITE-DE-BER-002 (80 min). Throughput degradation led to repeated downloads.,89.21,BSS
CUST-4477,ACC-4477,INV-GEN-F41755,2026-09,144.84,USD,PAST_DUE,2026-10-05,CHG-GEN-B30681,PLAN,Charge processed after billing-gateway error recovery. System log: Pod crash-loop-backoff (OOMKilled). Late-rated usage applied to current cycle.,96.22,BSS
CUST-8110,ACC-8110,INV-GEN-FED343,2026-09,210.79,USD,ISSUED,2026-10-05,CHG-GEN-D9AF78,PLAN,FIBER_BROADBAND minutes billed during scheduled maintenance overrun. Maintenance window exceeded planned duration.,165.3,BSS
CUST-2263,ACC-2263,INV-GEN-828127,2026-08,80.81,USD,PAST_DUE,2026-10-05,CHG-GEN-DD1B55,DATA,Charge processed after charging-api error recovery. System log: NullPointerException in charge-calculation module. Late-rated usage applied to current cycle.,35.09,BSS
CUST-8211,ACC-8211,INV-GEN-4B0C00,2026-09,99.82,USD,PAST_DUE,2026-10-05,CHG-GEN-51CEB9,ROAMING,Roaming charge re-rated after partner outage near SITE-UAE-DXB-01. Fallback rating applied during 172 min disruption.,58.69,BSS
CUST-3057,ACC-3057,INV-GEN-F03F18,2026-09,179.13,USD,PAST_DUE,2026-10-05,CHG-GEN-D28148,VOICE,Excess data usage due to signal degradation at SITE-UK-LON-014 (55 min). Poor signal caused retransmissions.,138.28,BSS
CUST-8079,ACC-8079,INV-GEN-84D73F,2026-08,203.0,USD,PAST_DUE,2026-10-05,CHG-GEN-DBBAE6,VOICE,Excess data usage due to signal degradation at SITE-ES-MAD-009 (129 min). Poor signal caused retransmissions.,146.43,BSS
CUST-9079,ACC-9079,INV-GEN-0520C4,2026-08,97.6,USD,ISSUED,2026-10-05,CHG-GEN-556C76,DATA,Charge re-rated after Charging API error rate breach (12.4). Original rating adjusted due to API performance degradation.,75.54,BSS
CUST-2938,ACC-2938,INV-GEN-70892F,2026-09,154.82,USD,ISSUED,2026-10-05,CHG-GEN-B50138,DATA,Data session retries during cell outage at SITE-ES-MAD-009 (177 min). DATA+VOICE sessions re-established causing additional usage.,103.04,BSS
CUST-6399,ACC-6399,INV-GEN-B5BA17,2026-09,75.57,USD,ISSUED,2026-10-05,CHG-GEN-176F40,DATA,Charge processed after rating-engine error recovery. System log: Elevated queue depth — processing lag detected. Late-rated usage applied to current cycle.,41.81,BSS
CUST-6797,ACC-6797,INV-GEN-30F383,2026-09,139.02,USD,ISSUED,2026-10-05,CHG-GEN-B887B7,PLAN,Charge pending — card declined by issuer. Payment retry scheduled.,113.45,BSS
CUST-3848,ACC-3848,INV-GEN-6395FB,2026-08,59.47,USD,ISSUED,2026-10-05,CHG-GEN-057669,PLAN,Charge pending — card declined by issuer. Payment retry scheduled.,38.24,BSS
CUST-5160,ACC-5160,INV-GEN-6EAA20,2026-09,86.57,USD,PAST_DUE,2026-10-05,CHG-GEN-E1D419,PLAN,Charge delayed due to issuer timeout during payment processing. Will retry next cycle.,44.45,BSS
CUST-4267,ACC-4267,INV-GEN-78D8A7,2026-09,140.72,USD,PAST_DUE,2026-10-05,CHG-GEN-72670D,PLAN,Charge delayed due to issuer timeout during payment processing. Will retry next cycle.,114.24,BSS
CUST-6982,ACC-6982,INV-GEN-39317D,2026-09,143.08,USD,ISSUED,2026-10-05,CHG-GEN-7CD8DB,DATA,Data session retries during cell outage at SITE-FR-PAR-021 (229 min). DATA sessions re-established causing additional usage.,93.12,BSS
CUST-8344,ACC-8344,INV-GEN-3454E8,2026-08,118.31,USD,PAST_DUE,2026-10-05,CHG-GEN-9F92BB,PLAN,Charge pending — card declined by issuer. Payment retry scheduled.,81.63,BSS
CUST-9450,ACC-9450,INV-GEN-4573F0,2026-09,209.91,USD,ISSUED,2026-10-05,CHG-GEN-1758C1,DATA,Charge processed after rating-engine error recovery. System log: Pod crash-loop-backoff (OOMKilled). Late-rated usage applied to current cycle.,157.69,BSS
CUST-3866,ACC-3866,INV-GEN-27A881,2026-09,165.3,USD,PAST_DUE,2026-10-05,CHG-GEN-C7D035,DATA,Charge re-rated after Charging API error rate breach (13.2). Original rating adjusted due to API performance degradation.,123.64,BSS
CUST-2565,ACC-2565,INV-GEN-9D5DFB,2026-09,114.03,USD,ISSUED,2026-10-05,CHG-GEN-56818D,DATA,Data session retries during cell outage at SITE-FR-PAR-021 (203 min). DATA sessions re-established causing additional usage.,85.22,BSS
CUST-7843,ACC-7843,INV-GEN-0DDF03,2026-09,90.35,USD,ISSUED,2026-10-05,CHG-GEN-E85800,PLAN,Plan charge held pending updated card on file. Auto-payment failed due to expired card.,46.93,BSS
CUST-6907,ACC-6907,INV-GEN-A8E232,2026-09,195.49,USD,ISSUED,2026-10-05,CHG-GEN-6CAE5F,DATA,Data top-up charge unpaid after reported insufficient funds. Auto-payment declined by issuer.,161.6,BSS
CUST-7744,ACC-7744,INV-GEN-A2EFD3,2026-08,104.93,USD,ISSUED,2026-10-05,CHG-GEN-6D9C10,PLAN,Charge pending — card declined by issuer. Payment retry scheduled.,62.56,BSS
CUST-4681,ACC-4681,INV-GEN-2BA935,2026-09,162.74,USD,PAST_DUE,2026-10-05,CHG-GEN-C5DBAB,DATA,Data overage from congestion-driven re-sessions at SITE-UAE-DXB-01 (100 min). Throughput degradation led to repeated downloads.,110.13,BSS
CUST-9869,ACC-9869,INV-GEN-00F833,2026-09,177.59,USD,ISSUED,2026-10-05,CHG-GEN-C96118,PLAN,FIBER_BROADBAND charge during regional switch failover. Incomplete failover caused partial service with continued billing.,132.38,BSS
CUST-3710,ACC-3710,INV-GEN-4E35D8,2026-09,208.42,USD,PAST_DUE,2026-10-05,CHG-GEN-0609BB,PLAN,Charge processed after billing-gateway error recovery. System log: NullPointerException in charge-calculation module. Late-rated usage applied to current cycle.,160.79,BSS
CUST-5942,ACC-5942,INV-GEN-D6152D,2026-08,129.85,USD,PAST_DUE,2026-10-05,CHG-GEN-2E23BC,PLAN,Charge delayed due to issuer timeout during payment processing. Will retry next cycle.,88.27,BSS
CUST-7488,ACC-7488,INV-GEN-8C97EF,2026-08,205.68,USD,ISSUED,2026-10-05,CHG-GEN-D69B3E,DATA,Charge processed after charging-api error recovery. System log: Pod crash-loop-backoff (OOMKilled). Late-rated usage applied to current cycle.,154.53,BSS
CUST-3136,ACC-3136,INV-GEN-E77826,2026-09,70.62,USD,PAST_DUE,2026-10-05,CHG-GEN-ACCFF5,PLAN,Charge processed after billing-gateway error recovery. System log: NullPointerException in charge-calculation module. Late-rated usage applied to current cycle.,34.74,BSS
CUST-9025,ACC-9025,INV-GEN-6CFCBC,2026-09,98.25,USD,PAST_DUE,2026-10-05,CHG-GEN-DAA6E3,DATA,Charge processed after charging-api error recovery. System log: NullPointerException in charge-calculation module. Late-rated usage applied to current cycle.,40.66,BSS
CUST-2224,ACC-2224,INV-GEN-583E46,2026-09,107.81,USD,ISSUED,2026-10-05,CHG-GEN-59F8A0,VOICE,Excess data usage due to signal degradation at SITE-UAE-DXB-01 (119 min). Poor signal caused retransmissions.,75.61,BSS
CUST-7679,ACC-7679,INV-GEN-EA73BE,2026-09,184.03,USD,ISSUED,2026-10-05,CHG-GEN-AAAED9,PLAN,Charge re-rated after Billing gateway throughput breach (2494.3). Original rating adjusted due to API performance degradation.,125.16,BSS
CUST-4216,ACC-4216,INV-GEN-08874A,2026-09,142.54,USD,ISSUED,2026-10-05,CHG-GEN-ADE5E0,DATA,Data top-up charge unpaid after reported insufficient funds. Auto-payment declined by issuer.,107.98,BSS
CUST-7823,ACC-7823,INV-GEN-62C08E,2026-09,193.31,USD,ISSUED,2026-10-05,CHG-GEN-60C059,DATA,Charge processed after rating-engine error recovery. System log: Pod crash-loop-backoff (OOMKilled). Late-rated usage applied to current cycle.,145.17,BSS
CUST-8738,ACC-8738,INV-GEN-F5D9DA,2026-09,182.07,USD,ISSUED,2026-10-05,CHG-GEN-5BC961,VOICE,Excess data usage due to signal degradation at SITE-UK-LON-014 (230 min). Poor signal caused retransmissions.,160.28,BSS
CUST-9474,ACC-9474,INV-GEN-C364CB,2026-08,70.4,USD,ISSUED,2026-10-05,CHG-GEN-2B647E,VOICE,VOICE charge during regional switch failover. Incomplete failover caused partial service with continued billing.,36.48,BSS
CUST-2859,ACC-2859,INV-GEN-A7644C,2026-09,114.13,USD,ISSUED,2026-10-05,CHG-GEN-F11449,DATA,Charge processed after mediation-svc error recovery. System log: NullPointerException in charge-calculation module. Late-rated usage applied to current cycle.,61.3,BSS
CUST-9301,ACC-9301,INV-GEN-667621,2026-09,161.41,USD,PAST_DUE,2026-10-05,CHG-GEN-6B2594,PLAN,Plan charge held pending updated card on file. Auto-payment failed due to expired card.,132.75,BSS
CUST-2362,ACC-2362,INV-GEN-F41F55,2026-09,134.12,USD,ISSUED,2026-10-05,CHG-GEN-842D23,DATA,Data top-up charge unpaid after reported insufficient funds. Auto-payment declined by issuer.,79.04,BSS
CUST-9233,ACC-9233,INV-GEN-AAB1E6,2026-09,191.87,USD,PAST_DUE,2026-10-05,CHG-GEN-DC4983,ROAMING,Roaming charge re-rated after partner outage near SITE-FR-PAR-021. Fallback rating applied during 57 min disruption.,168.67,BSS
CUST-5571,ACC-5571,INV-GEN-381072,2026-09,97.38,USD,ISSUED,2026-10-05,CHG-GEN-64B315,DATA,Charge re-rated after Mediation API p95 latency breach (4385.2). Original rating adjusted due to API performance degradation.,64.29,BSS
CUST-7915,ACC-7915,INV-GEN-9E745F,2026-08,76.48,USD,PAST_DUE,2026-10-05,CHG-GEN-40C55C,PLAN,Charge delayed due to issuer timeout during payment processing. Will retry next cycle.,37.25,BSS
CUST-7231,ACC-7231,INV-GEN-617EAD,2026-09,155.8,USD,PAST_DUE,2026-10-05,CHG-GEN-AD03AD,PLAN,Plan charge held pending updated card on file. Auto-payment failed due to expired card.,110.51,BSS
CUST-6976,ACC-6976,INV-GEN-9FBFD7,2026-09,68.1,USD,PAST_DUE,2026-10-05,CHG-GEN-BDBCDD,DATA,DATA charge billed during core routing misconfiguration outage. Services were disrupted but metering continued.,43.66,BSS
CUST-5870,ACC-5870,INV-GEN-844A84,2026-09,196.49,USD,ISSUED,2026-10-05,CHG-GEN-DBF9E9,DATA,Charge processed after rating-engine error recovery. System log: Pod crash-loop-backoff (OOMKilled). Late-rated usage applied to current cycle.,154.83,BSS
CUST-4604,ACC-4604,INV-GEN-0C0F81,2026-09,156.23,USD,PAST_DUE,2026-10-05,CHG-GEN-D77F09,PLAN,FIBER_BROADBAND charge incurred during fiber cut disruption. Backup path metering applied during outage window.,121.57,BSS
CUST-4349,ACC-4349,INV-GEN-BCE1BD,2026-09,206.99,USD,PAST_DUE,2026-10-05,CHG-GEN-9383C6,PLAN,Charge re-rated after Billing gateway throughput breach (3622.9). Original rating adjusted due to API performance degradation.,148.97,BSS
CUST-5060,ACC-5060,INV-GEN-8FFF07,2026-09,209.82,USD,PAST_DUE,2026-10-05,CHG-GEN-39819E,ROAMING,Roaming charge re-rated after partner outage near SITE-DE-BER-002. Fallback rating applied during 144 min disruption.,157.32,BSS
CUST-2666,ACC-2666,INV-GEN-7FE779,2026-08,163.33,USD,ISSUED,2026-10-05,CHG-GEN-1FF019,DATA,DATA charge during regional switch failover. Incomplete failover caused partial service with continued billing.,103.65,BSS
CUST-6762,ACC-6762,INV-GEN-63D470,2026-09,176.38,USD,PAST_DUE,2026-10-05,CHG-GEN-75C75D,DATA,Data top-up charge unpaid after reported insufficient funds. Auto-payment declined by issuer.,136.25,BSS
CUST-3120,ACC-3120,INV-GEN-E34930,2026-09,165.09,USD,PAST_DUE,2026-10-05,CHG-GEN-8E4B01,DATA,Charge re-rated after Mediation API p95 latency breach (3575.9). Original rating adjusted due to API performance degradation.,106.74,BSS
CUST-2206,ACC-2206,INV-GEN-4217CF,2026-09,173.95,USD,PAST_DUE,2026-10-05,CHG-GEN-99E284,DATA,Data overage from congestion-driven re-sessions at SITE-FR-PAR-021 (36 min). Throughput degradation led to repeated downloads.,114.86,BSS
CUST-5745,ACC-5745,INV-GEN-0F360B,2026-09,84.65,USD,PAST_DUE,2026-10-05,CHG-GEN-148429,DATA,Charge re-rated after Charging API error rate breach (10.0). Original rating adjusted due to API performance degradation.,48.61,BSS
CUST-3937,ACC-3937,INV-GEN-2569E4,2026-09,100.17,USD,ISSUED,2026-10-05,CHG-GEN-911EDB,VOICE,VOICE charge incurred during fiber cut disruption. Backup path metering applied during outage window.,74.97,BSS
CUST-3992,ACC-3992,INV-GEN-C419A1,2026-08,113.07,USD,ISSUED,2026-10-05,CHG-GEN-C4E5C7,PLAN,Plan charge held pending updated card on file. Auto-payment failed due to expired card.,83.34,BSS
CUST-9191,ACC-9191,INV-GEN-FEFFF4,2026-09,127.19,USD,PAST_DUE,2026-10-05,CHG-GEN-E9792F,PLAN,Plan charge held pending updated card on file. Auto-payment failed due to expired card.,67.69,BSS
CUST-9978,ACC-9978,INV-GEN-831173,2026-08,160.28,USD,ISSUED,2026-10-05,CHG-GEN-2C9380,PLAN,Charge pending — card declined by issuer. Payment retry scheduled.,118.05,BSS
CUST-6512,ACC-6512,INV-GEN-A2EEBE,2026-09,99.52,USD,PAST_DUE,2026-10-05,CHG-GEN-33A72D,DATA,DATA charge during regional switch failover. Incomplete failover caused partial service with continued billing.,49.14,BSS
CUST-6174,ACC-6174,INV-GEN-B251DE,2026-08,150.76,USD,PAST_DUE,2026-10-05,CHG-GEN-789A49,DATA,Data top-up charge unpaid after reported insufficient funds. Auto-payment declined by issuer.,100.8,BSS
CUST-5921,ACC-5921,INV-GEN-CAF9DB,2026-09,202.9,USD,PAST_DUE,2026-10-05,CHG-GEN-B37669,PLAN,Plan charge held pending updated card on file. Auto-payment failed due to expired card.,151.67,BSS
CUST-2370,ACC-2370,INV-GEN-6334D8,2026-08,221.54,USD,ISSUED,2026-10-05,CHG-GEN-076EB8,PLAN,FIBER_BROADBAND charge during regional switch failover. Incomplete failover caused partial service with continued billing.,162.56,BSS
CUST-9043,ACC-9043,INV-GEN-70AEF5,2026-09,112.51,USD,ISSUED,2026-10-05,CHG-GEN-029A5D,DATA,Charge processed after charging-api error recovery. System log: Pod crash-loop-backoff (OOMKilled). Late-rated usage applied to current cycle.,53.04,BSS
CUST-3036,ACC-3036,INV-GEN-EF1EE0,2026-09,157.61,USD,PAST_DUE,2026-10-05,CHG-GEN-09B37C,DATA,Data overage from congestion-driven re-sessions at SITE-DE-BER-002 (193 min). Throughput degradation led to repeated downloads.,108.41,BSS
CUST-3464,ACC-3464,INV-GEN-FB4977,2026-09,194.69,USD,ISSUED,2026-10-05,CHG-GEN-181267,DATA,DATA charge billed during core routing misconfiguration outage. Services were disrupted but metering continued.,171.43,BSS
CUST-9676,ACC-9676,INV-GEN-CC55AF,2026-08,125.76,USD,PAST_DUE,2026-10-05,CHG-GEN-7B3041,DATA,Data overage from congestion-driven re-sessions at SITE-UAE-DXB-01 (141 min). Throughput degradation led to repeated downloads.,93.52,BSS
CUST-2991,ACC-2991,INV-GEN-0AE3A8,2026-08,181.73,USD,ISSUED,2026-10-05,CHG-GEN-49BB7C,DATA,Charge re-rated after Charging API error rate breach (11.6). Original rating adjusted due to API performance degradation.,135.46,BSS
CUST-2343,ACC-2343,INV-GEN-048F31,2026-09,165.54,USD,ISSUED,2026-10-05,CHG-GEN-F7807A,ROAMING,Roaming charge re-rated after partner outage near SITE-FR-PAR-021. Fallback rating applied during 52 min disruption.,117.91,BSS
CUST-8866,ACC-8866,INV-GEN-70F171,2026-08,231.96,USD,ISSUED,2026-10-05,CHG-GEN-FAC896,PLAN,FIBER_BROADBAND charge billed during core routing misconfiguration outage. Services were disrupted but metering continued.,174.32,BSS
CUST-5028,ACC-5028,INV-GEN-2B5057,2026-08,149.05,USD,ISSUED,2026-10-05,CHG-GEN-29C807,DATA,Data overage from congestion-driven re-sessions at SITE-DE-BER-002 (229 min). Throughput degradation led to repeated downloads.,126.46,BSS
CUST-3489,ACC-3489,INV-GEN-9E0189,2026-09,146.21,USD,ISSUED,2026-10-05,CHG-GEN-4DB71F,DATA,Charge processed after mediation-svc error recovery. System log: Elevated queue depth — processing lag detected. Late-rated usage applied to current cycle.,91.61,BSS
CUST-2681,ACC-2681,INV-GEN-D5954F,2026-08,144.35,USD,PAST_DUE,2026-10-05,CHG-GEN-35253E,DATA,Charge processed after rating-engine error recovery. System log: Pod crash-loop-backoff (OOMKilled). Late-rated usage applied to current cycle.,100.11,BSS
CUST-4536,ACC-4536,INV-GEN-117CC0,2026-09,105.94,USD,PAST_DUE,2026-10-05,CHG-GEN-0531FE,DATA,Charge re-rated after Mediation API p95 latency breach (3796.9). Original rating adjusted due to API performance degradation.,56.11,BSS
CUST-6564,ACC-6564,INV-GEN-583E42,2026-08,148.28,USD,PAST_DUE,2026-10-05,CHG-GEN-F696DD,DATA,Data overage from congestion-driven re-sessions at SITE-FR-PAR-021 (174 min). Throughput degradation led to repeated downloads.,104.03,BSS
CUST-3799,ACC-3799,INV-GEN-2604C8,2026-09,103.32,USD,ISSUED,2026-10-05,CHG-GEN-FF3948,ROAMING,Roaming charge re-rated after partner outage near SITE-FR-PAR-021. Fallback rating applied during 131 min disruption.,79.12,BSS
CUST-6282,ACC-6282,INV-GEN-BB7831,2026-09,122.3,USD,ISSUED,2026-10-05,CHG-GEN-101628,DATA,Data overage from congestion-driven re-sessions at SITE-UK-LON-014 (220 min). Throughput degradation led to repeated downloads.,96.78,BSS
CUST-6465,ACC-6465,INV-GEN-18DC74,2026-09,151.6,USD,PAST_DUE,2026-10-05,CHG-GEN-DB69DA,VOICE,Excess data usage due to signal degradation at SITE-ES-MAD-009 (155 min). Poor signal caused retransmissions.,110.45,BSS
CUST-2676,ACC-2676,INV-GEN-5DB960,2026-09,92.88,USD,ISSUED,2026-10-05,CHG-GEN-6B3054,DATA,Charge processed after mediation-svc error recovery. System log: NullPointerException in charge-calculation module. Late-rated usage applied to current cycle.,35.06,BSS
CUST-9190,ACC-9190,INV-GEN-2B3B8E,2026-09,163.06,USD,ISSUED,2026-10-05,CHG-GEN-00D7F7,PLAN,Charge pending — card declined by issuer. Payment retry scheduled.,117.8,BSS
CUST-9082,ACC-9082,INV-GEN-DB0663,2026-09,178.25,USD,PAST_DUE,2026-10-05,CHG-GEN-B945C8,DATA,Data overage from congestion-driven re-sessions at SITE-FR-PAR-021 (223 min). Throughput degradation led to repeated downloads.,144.93,BSS
CUST-9492,ACC-9492,INV-GEN-9B6FE1,2026-09,178.81,USD,PAST_DUE,2026-10-05,CHG-GEN-464209,ROAMING,Roaming charge re-rated after partner outage near SITE-UK-LON-014. Fallback rating applied during 128 min disruption.,126.59,BSS
CUST-4902,ACC-4902,INV-GEN-B0F720,2026-09,178.41,USD,ISSUED,2026-10-05,CHG-GEN-56EB99,PLAN,Charge pending — card declined by issuer. Payment retry scheduled.,145.73,BSS
CUST-3828,ACC-3828,INV-GEN-812742,2026-08,103.44,USD,ISSUED,2026-10-05,CHG-GEN-C42656,ROAMING,Roaming charge re-rated after partner outage near SITE-FR-PAR-021. Fallback rating applied during 237 min disruption.,48.25,BSS
CUST-7766,ACC-7766,INV-GEN-0F904C,2026-09,226.86,USD,ISSUED,2026-10-05,CHG-GEN-F0CA0B,PLAN,Charge pending — card declined by issuer. Payment retry scheduled.,179.15,BSS
